0;0;0;0;0;0
0;0;0;0;0;0
0;0;0;0;0;0
0;0;0;0;0;0
0;0;0;0;0;0
0;0;0;0;0;0
0;0;0;0;0;0
0;0;0;0;0;0
0;0;0;0;0;0
0;0;0;0;0;0
0;0;0;0;0;0
0;0;0;0;0;0
0;0;0;0;0;0
0;0;0;0;0;0
0;0;0;0;0;0
0;0;0;0;0;0
0;0;0;0;0;0
0;0;0;0;0;0
0;0;0;0;0;0
0;0;0;0;0;0
0;0;0;0;0;0
0;0;0;0;0;0
0;0;0;0;0;0
0;0;0;0;0;0
0;0;0;0;0;0
0;0;0;0;0;0
0;0;0;0;0;0
0;0;0;0;0;0
0;0;0;0;0;0
0;0;0;0;0;0
0;0;0;0;0;0
0;0;0;0;0;0
0;0;0;0;0;0
0;0;0;0;0;0
0;0;0;0;0;0
0;0;0;0;0;0
0;0;0;0;0;0
0;0;0;0;0;0
0;0;0;0;0;0
0;0;0;0;0;0
0;0;0;0;0;0
0;0;0;0;0;0
0;0;0;0;0;0
0;0;0;0;0;0
0;0;0;0;0;0
0;0;0;0;0;0
0;0;0;0;0;0
0;0;0;0;0;0
0;0;0;0;0;0
0;0;0;0;0;0
0;0;0;0;0;0
0;0;0;0;0;0
0;0;0;0;0;0
0;0;0;0;0;0
0;0;0;0;0;0
0;0;0;0;0;0
0;0;0;0;0;0
0;0;0;0;0;0
0;0;0;0;0;0
0;0;0;0;0;0
0;0;0;0;0;0
0;0;0;0;0;0
0;0;0;0;0;0
0;0;0;0;0;0
0;0;0;0;0;0
0;0;0;0;0;0
0;0;0;0;0;0
0;0;0;0;0;0
0;0;0;0;0;0
0;0;0;0;0;0
0;0;0;0;0;0
0;0;0;0;0;0
0;0;0;0;0;0
0;0;0;0;0;0
0;0;0;0;0;0
0;0;0;0;0;0
0;0;0;0;0;0
0;0;0;0;0;0
0;0;0;0;0;0
0;0;0;0;0;0
0;0;0;0;0;0
0;0;0;0;0;0
0;0;0;0;0;0
0;0;0;0;0;0
0;0;0;0;0;0
0;0;0;0;0;0
0;0;0;0;0;0
0;0;0;0;0;0
0;0;0;0;0;0
0;0;0;0;0;0
0;0;0;0;0;0
0;0;0;0;0;0
0;0;0;0;0;0
0;0;0;0;0;0
0;0;0;0;0;0
0;0;0;0;0;0
0;0;0;0;0;0
0;0;0;0;0;0
0;0;0;0;0;0
0;0;0;0;0;0
0;0;0;0;0;0
0,347566526;0;0;0;0;0
0,335669539;0;0;0;0;0
0,325087521;0;0;0;0;0
0,313525469;0;0;0;0;0
0,302728096;0;0;0;0;0
0,295620756;0;0;0;0;0
0,283784395;0;0;0;0;0
0,282030115;0;0;0;0;0
0,294800204;0;0;0;0;0
0,308503626;0;0;0;0;0
0,326289641;0;0;0;0;0
0,349829578;0;0;0;0;0
0,375488146;0;0;0;0;0
0,398939673;0;0;0;0;0
0,432870029;0;0;0;0;0
0,462534224;0;0;0;0;0
0,492531103;0;0;0;0;0
0,521778421;0;0;0;0;0
0,545810537;0;0;0;0;0
0,570167438;0;0;0;0;0
0,598706086;0;0;0;0;0
0,619224822;0;0;0;0;0
0,637257337;0;0;0;0;0
0,657197947;0;0;0;0;0
0,672458969;0;0;0;0;0
0,688726606;0;0;0;0;0
0,703590461;0;0;0;0;0
0,716035528;0;0;0;0;0
0,727620143;0;0;0;0;0
0,73443409;0;0;0;0;0
0,744345094;0;0;0;0;0
0,750392413;0;0;0;0;0
0,757361743;0;0;0;0;0
0,760950768;0;0;0;0;0
0,762479379;0;0;0;0;0
0,763425223;0;0;0;0;0
0,764185946;0;0;0;0;0
0,765350207;0;0;0;0;0
0,762629648;0;0;0;0;0
0,763615934;0;0;0;0;0
0,765101003;0;0;0;0;0
0,765895135;0;0;0;0;0
0,766883829;0;0;0;0;0
0,768918401;0;0;0;0;0
0,767732241;0;0;0;0;0
0,768363645;0;0;0;0;0
0,768574082;0;0;0;0;0
0,767570026;0;0;0;0;0
0,764698169;0;0;0;0;0
0,764642464;0,187115526;0;0;0;0
0,763844358;0,18847789;0;0;0;0
0,761556944;0,193105417;0;0;0;0
0,759069616;0,196062387;0;0;0;0
0,756655863;0,201550492;0;0;0;0
0,754828422;0,203379837;0;0;0;0
0,7512823;0,208439593;0;0;0;0
0,750009441;0,213502201;0;0;0;0
0,75129901;0,218010593;0;0;0;0
0,749738479;0,223236519;0;0;0;0
0,752158798;0,227689101;0;0;0;0
0,761547974;0,232160935;0;0;0;0
0,776622987;0,235854415;0;0;0;0
0,789748787;0,239931231;0;0;0;0
0,806419006;0,245644604;0;0;0;0
0,833393079;0,250396544;0;0;0;0
0,867885221;0,253782712;0;0;0;0
0,929042636;0,257513565;0;0;0;0
0,99438499;0,261608601;0;0;0;0
1,074035743;0,266652424;0;0;0;0
1,153970336;0,269617743;0;0;0;0
1,23791958;0,272978978;0;0;0;0
1,325216734;0,276986742;0;0;0;0
1,415039692;0,278328428;0;0;0;0
1,515323313;0,283367176;0;0;0;0
1,61885129;0,28432196;0;0;0;0
1,731092142;0,289429853;0;0;0;0
1,833387699;0,29014118;0;0;0;0
1,951755663;0,294506355;0;0;0;0
2,081635931;0,295071527;0;0;0;0
2,246077675;0,297236486;0;0;0;0
2,43503616;0,299993528;0;0;0;0
2,712833533;0,30194221;0;0;0;0
3,0513237;0,303485243;0;0;0;0
3,453508438;0,305651502;0;0;0;0
3,956522307;0,307752205;0;0;0;0
4,613477271;0,307922214;0;0;0;0
5,55541899;0,311162362;0;0;0;0
6,856889366;0,311159037;0;0;0;0
8,693343145;0,313658681;0;0;0;0
11,63320408;0,314208316;0;0;0;0
15,22479409;0,315037693;0;0;0;0
18,62968628;0,317455066;0;0;0;0
23,89258112;0,317696052;0;0;0;0
32,91414361;0,319087721;0;0;0;0
47,40838527;0,31997454;0;0;0;0
66,17529358;0,321341504;0;0;0;0
73,80831003;0,322359077;0;0;0;0
74,9543195;0,322663137;0;0;0;0
87,5494262;0,32525219;0;0;0;0
0;0,325197856;1,625757297;0;0;0
0;0,325806765;1,612747336;0;0;0
0;0,326039065;1,595342007;0;0;0
0;0,32846905;1,57291663;0;0;0
0;0,327251526;1,567319908;0;0;0
0;0,326035533;1,563657714;0;0;0
0;0,329879918;1,542171376;0;0;0
0;0,331565046;1,520640945;0;0;0
0;0,331216712;1,515242027;0;0;0
0;0,330841684;1,508613328;0;0;0
0;0,332164314;1,493748614;0;0;0
0;0,332428131;1,484785324;0;0;0
0;0,331790175;1,475922352;0;0;0
0;0,331153171;1,47349687;0;0;0
0;0,331901786;1,461989768;0;0;0
0;0,332416618;1,453701793;0;0;0
0;0,331291705;1,448250343;0;0;0
0;0,330666065;1,450173445;0;0;0
0;0,33169942;1,435951001;0;0;0
0;0,331632471;1,456627387;0;0;0
0;0,330982414;1,447871737;0;0;0
0;0,331020787;1,44453323;0;0;0
0;0,333366355;1,429971606;0;0;0
0;0,333000442;1,425200797;0;0;0
0;0,333262061;1,419306975;0;0;0
0;0,333792082;1,409519715;0;0;0
0;0,335587908;1,398857922;0;0;0
0;0,335546572;1,393837698;0;0;0
0;0,335845972;1,388721807;0;0;0
0;0,336475224;1,380336811;0;0;0
0;0,338187275;1,369267848;0;0;0
0;0,338143157;1,36107889;0;0;0
0;0,337817116;1,355911773;0;0;0
0;0,33908077;1,346921746;0;0;0
0;0,340003324;1,334905525;0;0;0
0;0,339629626;1,326907936;0;0;0
0;0,339734965;1,318378461;0;0;0
0;0,341479864;1,302965578;0;0;0
0;0,341285455;1,296342913;0;0;0
0;0,341772305;1,289935704;0;0;0
0;0,341775728;1,280581046;0;0;0
0;0,343340253;1,270458592;0;0;0
0;0,34350096;1,26539781;0;0;0
0;0,343557186;1,25892128;0;0;0
0;0,344184323;1,250978081;0;0;0
0;0,345758668;1,242395646;0;0;0
0;0,345748596;1,236694894;0;0;0
0;0,34604432;1,231095453;0;0;0
0;0,346603223;1,222772889;0;0;0
0;0,348308744;1,21305398;0;0;0
0;0,348694394;1,207824477;0;0;0
0;0,349020655;1,202838719;0;0;0
0;0,35045433;1,193655211;0;0;0
0;0,351359797;1,188739941;0;0;0
0;0,351668506;1,185589173;0;0;0
0;0,351965745;1,181036836;0;0;0
0;0,353495824;1,174047797;0;0;0
0;0,35411705;1,17015408;0;0;0
0;0,354777153;1,167396125;0;0;0
0;0,354728153;1,164580436;0;0;0
0;0,35625988;1,165376018;0;0;0
0;0,356507329;1,166632488;0,013938392;0;0
0;0,356893937;1,161827212;0,013683559;0;0
0;0,356697667;1,159450169;0,013611879;0;0
0;0,358593542;1,152220912;0,013554381;0;0
0;0,358076628;1,148041024;0,01352678;0;0
0;0,358006413;1,145092997;0,013481507;0;0
0;0,358946028;1,139052612;0,013441482;0;0
0;0,359489137;1,132333421;0,013403516;0;0
0;0,359043424;1,130538948;0,013367928;0;0
0;0,359431468;1,128095193;0,01399187;0;0
0;0,359791227;1,122472961;0,014616882;0;0
0;0,360177574;1,119281664;0,015973258;0;0
0;0,360238899;1,116456058;0,015815342;0;0
0;0,36000312;1,115633653;0,01543429;0;0
0;0,360423624;1,112155187;0,018479697;0;0
0;0,361178908;1,108935613;0,018125202;0;0
0;0,361044418;1,108016045;0,018067575;0;0
0;0,361010334;1,106850327;0,018014795;0;0
0;0,360893123;1,105760357;0,018303538;0;0
0;0,362449553;1,100635129;0,020272169;0;0
0;0,362016776;1,098078915;0,021567581;0;0
0;0,362312863;1,097260202;0,022759446;0;0
0;0,362249983;1,09447574;0,022535223;0;0
0;0,363914668;1,089689249;0,023961934;0;0
0;0,363947638;1,086658601;0,025969931;0;0
0;0,364239681;1,085080816;0,026338033;0;0
0;0,363337911;1,084857294;0,027428798;0;0
0;0,3648992;1,078245439;0,027518572;0;0
0;0,365419411;1,075503979;0,029360813;0;0
0;0,36568726;1,071784148;0,030706379;0;0
0;0,365519244;1,071297933;0,032890623;0;0
0;0,366074738;1,06677021;0,034866184;0;0
0;0,366873848;1,062985871;0,035331515;0;0
0;0,366499611;1,062185837;0,038526553;0;0
0;0,366412446;1,060218794;0,038724558;0;0
0;0,36615365;1,058229463;0,041332957;0;0
0;0,36729721;1,053715467;0,043217986;0;0
0;0,367170575;1,052002233;0,043906159;0;0
0;0,367111912;1,050102137;0,045920124;0;0
0;0,36713743;1,040657098;0,048953842;0;0
0;0,368687629;1,031068913;0,050786876;0;0
0;0,368832099;1,024950132;0,052748767;0;0
0;0,369234676;1,041653442;0,054053232;0;0
0;0,369663145;1,036234342;0,05524886;0;0
0;0,370502905;1,033458572;0,058867052;0;0
0;0,37203236;1,02909632;0,060841466;0;0
0;0,372114524;1,025335171;0,063361145;0;0
0;0,372809214;1,03763414;0,064442288;0;0
0;0,373204088;1,033385962;0,067058643;0;0
0;0,374425059;1,026757546;0,068970483;0;0
0;0,374506977;1,025316466;0,071565205;0;0
0;0,374633568;1,022563183;0,07330149;0;0
0;0,374545162;1,019138766;0,076017024;0;0
0;0,375399876;1,013347475;0,078549345;0;0
0;0,375422932;1,010055554;0,080557574;0;0
0;0,375458191;1,008101178;0,083377986;0;0
0;0,375056949;1,005036319;0,084961898;0;0
0;0,376041143;1,000458065;0,08770869;0;0
0;0,375970062;0,997457811;0,089242338;0;0
0;0,375978271;0,994948923;0,092863034;0;0
0;0,375582675;0,992687926;0,093426812;0;0
0;0,376626691;0,989555749;0,096907664;0;0
0;0,376442938;0,985048561;0,099033968;0;0
0;0,376718617;0,98419138;0,101169548;0;0
0;0,376473568;0,983366693;0,104225208;0;0
0;0,376522819;0,98390992;0,106020671;0;0
0;0,377608246;0,980400942;0,107826297;0;0
0;0,377636998;0,980898874;0,109574163;0;0
0;0,377762605;0,981306083;0,111338162;0,097372428;0,001152863
0;0,377589608;0,981617181;0,114301765;0,106962697;0,001305614
0;0,379222746;0,975286245;0,116867217;0,112379312;0,00140394
0;0,379175429;0,974658349;0,11823764;0,141808348;0,001798094
0;0,3796031;0,972665302;0,121487934;0,162914901;0,002126973
0;0,379732091;0,971788434;0,122836517;0,180693246;0,002393146
0;0,380319035;0,968880509;0,125254453;0,207375474;0,002805513
0;0,381237379;0,965973531;0,128241298;0,231358613;0,003214806
0;0,381604298;0,964632582;0,130159933;0,241678978;0,003417241
0;0,381908718;0,96339262;0,131876608;0,258829492;0,003718071
0;0,382030132;0,961846306;0,134936242;0,285521192;0,004206117
0;0,383051564;0,958116178;0,137352795;0,293533978;0,004412888
0;0,383512177;0,957066719;0,138522442;0,309217501;0,004703303
0;0,383519994;0,956200119;0,14136855;0,330289426;0,005143057
0;0,383574134;0,955345972;0,144031422;0,33597845;0,005345542
0;0,384475663;0,953489559;0,145807486;0,349439577;0,005653283
0;0,384671011;0,952774522;0,147304831;0,364102012;0,0059714
0;0,384538113;0,952182921;0,15025336;0,370944564;0,006226247
0;0,384696502;0,951428019;0,151924832;0,377790968;0,006431781
0;0,384766574;0,950853581;0,152581169;0,390787966;0,006702009
0;0,386132217;0,948866687;0,156243088;0,396193963;0,006990989
0;0,385663934;0,950939977;0,157214899;0,395151564;0,007056163
0;0,38572534;0,952702853;0,159602746;0,398895322;0,007272477
0;0,385829731;0,953204024;0,160866985;0,401894255;0,007416606
0;0,386643811;0,95162442;0,16271127;0,398546415;0,007469016
0;0,386826758;0,964530664;0,162554675;0,396153389;0,007551165
0;0,386741194;0,967606392;0,164410903;0,39292858;0,007627638
0;0,386867715;0,969325335;0,166293293;0,390396279;0,007707893
0;0,387548105;0,969870425;0,167763129;0,385552729;0,007719199
0;0,388187501;0,970858636;0,168552035;0,381038359;0,007713181
0;0,388301656;0,971424093;0,170990685;0,374068706;0,007714204
0;0,388360241;0,973598528;0,171812763;0,370216378;0,007716665
0;0,388753393;0,97451388;0,174098716;0,36356043;0,007713515
0;0,389446286;0,973789026;0,175257576;0,359195494;0,007702694
0;0,390530535;0,973674136;0,1773572;0,359870189;0,007848207
0;0,390820706;0,974455478;0,178649783;0,35889375;0,007917991
0;0,391294899;0,975495747;0,179660446;0,353851455;0,007887781
0;0,391774571;0,975344447;0,182002129;0,349130862;0,007910418
0;0,392846263;0,974876953;0,183847484;0,347693676;0,007993065
0;0,393504148;0,974938973;0,185396836;0,34705776;0,008073889
0;0,393733809;0,975888486;0,186222583;0,344462277;0,008089556
0;0,394309308;0,978927204;0,187885763;0,338092752;0,00806966
0;0,39464769;0,979259562;0,189332915;0,336105949;0,008115826
0;0,394476477;0,981582299;0,190913391;0,334200655;0,008175249
0;0,394101076;0,983699735;0,191927202;0,331104693;0,008175187
0;0,395671528;0,979092869;0,194242415;0,332416914;0,008327994
0;0,395451538;0,978369271;0,195655946;0,333348766;0,008435129
0;0,395665203;0,977617581;0,196889929;0,331158764;0,008455515
0;0,396257757;0,975907759;0,199257456;0,325766311;0,008442733
0;0,396160445;0,974103407;0,200675644;0,32366089;0,008460072
0;0,396175465;0,974115946;0,202046109;0,323450437;0,008541644
0;0,396208376;0,974148865;0,204012971;0,322029616;0,008616085
0;0,397047598;0,971563047;0,205419131;0,322526732;0,008707156
0;0,396501251;0,972773164;0,207490357;0,318497846;0,008713241
0;0,397229547;0,971361538;0,208585545;0,318257741;0,008780291
0;0,397387986;0,971329619;0,210722474;0,319020172;0,008919722
0;0,397350828;0,971221647;0,211722355;0,316084103;0,008908434
0;0,397616866;0,970005814;0,213449044;0,315653037;0,008987237
0;0,398584506;0,96816776;0,21516656;0,312782742;0,009000585
0;0,398436698;0,966475809;0,216655756;0,311368579;0,009034887
0;0,398879154;0,965905089;0,218646721;0,310759822;0,009124865
0;0,399190887;0,964644964;0,220129472;0,310493378;0,00919689
0;0,400107973;0,962961666;0,222002975;0,309629896;0,009274159
0;0,400321488;0,961756339;0,223588174;0,309592828;0,009356957
0;0,400747067;0,960754561;0,225443116;0,30689161;0,009372776
0;0,40120034;0,960071608;0,226981307;0,303882207;0,009367736
0;0,401706368;0,959424885;0,228625991;0,30079579;0,009363551
0;0,402316493;0,958780352;0,23025354;0,298298093;0,009375625
0;0,402766835;0,958127878;0,231774287;0,298153078;0,009456708
0;0,403236042;0,956859369;0,233652603;0,297639647;0,009534648
0;0,403545089;0,95593357;0,235076025;0,297447045;0,009607706
0;0,404082818;0,946252768;0,238944669;0,297278781;0,009692077
0;0,40452901;0,944758166;0,241322908;0,295514847;0,00974579
0;0,404967413;0,950421586;0,239892254;0,294078271;0,00972926
0;0,405198323;0,95376703;0,241138222;0,290669712;0,009730923
0;0,405365458;0,960390012;0,239723507;0,29408966;0,009886468
0;0,405807166;0,960551221;0,240473329;0,293746025;0,009938381
0;0,406255297;0,960480957;0,243281464;0,288302671;0,009898092
0;0,406425749;0,960457655;0,244087896;0,288346919;0,009962986
0;0,406631157;0,959304753;0,245287513;0,290898117;0,010119596
0;0,407062557;0,958531628;0,247269039;0,289924304;0,010190309
0;0,407500773;0,958317817;0,247699785;0,290889483;0,010271218
0;0,407545442;0,957242484;0,249526308;0,288840351;0,01029406
0;0,407887709;0,957178157;0,251439734;0,285398731;0,01028019
0;0,408022888;0,956587111;0,251566572;0,285249207;0,010297862
0;0,408302195;0,956069259;0,253653743;0,285051826;0,010398553
0;0,408334262;0,956134286;0,254811107;0,287170932;0,010555977
0;0,408684439;0,954230628;0,25595926;0,285712732;0,010560484
0;0,409135553;0,953980242;0,257432561;0,284791719;0,010617345
0;0,409061933;0,954907382;0,257878489;0,284585531;0,010657769
0;0,409497129;0,953214657;0,259660027;0,282548703;0,01066855
0;0,409689923;0,953044558;0,260129322;0,283539693;0,010755234
0;0,410119723;0,952105633;0,261647749;0,283289005;0,010829937
0;0,410263154;0,951035142;0,262398798;0,284245381;0,010917762
0;0,410685318;0,951034044;0,264290927;0,281396357;0,01091846
0;0,411087177;0,949629966;0,264414454;0,282804326;0,010994281
0;0,411536031;0,94904038;0,266540259;0,283867608;0,011151404
0;0,411258625;0,950113934;0,266427386;0,284574332;0,011206928
0;0,411686918;0,948019544;0,267209817;0,283490192;0,011206163
0;0,412185083;0,948135465;0,268481787;0,281066928;0,011197074
0;0,412663906;0,946820531;0,269160844;0,281308916;0,011251786
0;0,413001359;0,946457297;0,271102746;0,280737861;0,011336904
0;0,413267382;0,947242946;0,27093194;0,281901675;0,011409346
0;0,413851394;0,94483771;0,27289076;0,281702254;0,011488292
0;0,414519766;0,949311115;0,271998417;0,282417612;0,011567127
0;0,414909492;0,94796561;0,274239523;0,279971236;0,011576424
0;0,415316146;0,949484752;0,273743782;0,279278084;0,011568841
0;0,415970498;0,953527611;0,274457047;0,276759127;0,011576919
0;0,416533927;0,951334679;0,274805864;0,275918855;0,011562481
0;0,416993029;0,951016791;0,27679092;0,273732701;0,011580748
0;0,417187647;0,950390295;0,276968612;0,277001628;0,011742749
0;0,417780609;0,949444277;0,278952077;0,274900376;0,011759656
0;0,417817761;0,949690306;0,279394684;0,274635475;0,01179405
0;0,417888486;0,948103811;0,281162186;0,274927661;0,011892738
0;0,418483096;0,948178485;0,281395134;0,275146336;0,011946085
0;0,418445247;0,947680439;0,282823364;0,272958325;0,011938192
0;0,41882081;0,94706025;0,28319557;0,27192089;0,011935201
0;0,418679521;0,948404793;0,284372823;0,271376037;0,011998471
0;0,418628091;0,948655302;0,284702149;0,272582155;0,012094019
0;0,418696842;0,948340672;0,28610711;0,271248445;0,01212173
0;0,419281416;0,948035235;0,2864143;0,270694578;0,012140058
0;0,419254573;0,947831778;0,28835318;0,270219618;0,012215897
0;0,419796823;0,947755032;0,289273903;0,268574622;0,012205393
0;0,420354056;0,947925042;0,289923727;0,270382585;0,01235152
0;0,421546998;0,949173448;0,290229644;0,270217923;0,012407278
0;0,422703469;0,949077201;0,291057648;0,269123623;0,01242487
0;0,424218488;0,949017173;0,291660425;0,269472513;0,012500101
0;0,425485651;0,948668037;0,292541642;0,267776297;0,012489628
0;0,425940977;0,951704825;0,293483311;0,265730258;0,012486962
0;0,427011701;0,951202401;0,293890824;0,265919873;0,012537863
0;0,427876678;0,949896603;0,295516094;0,267363277;0,012691679
0;0,42841851;0,949517127;0,295818538;0,268248213;0,012775596
0;0,428845746;0,949999508;0,296796975;0,266506703;0,012777528
0;0,428171326;0,951492017;0,29715294;0,267310452;0,012858956
0;0,428464745;0,950817126;0,298440677;0,265512405;0,012855632
0;0,42841756;0,950250984;0,298866205;0,265813751;0,012914718
0;0,428381943;0,951171645;0,299601775;0,265848782;0,012997303
0;0,427642376;0,952596144;0,300048032;0,266584129;0,013079753
0;0,428303686;0,952503677;0,301606439;0,265626933;0,013136619
0;0,428725884;0,955358518;0,300393625;0,26514889;0,013133771
0;0,429178028;0,959250961;0,300726269;0,26456504;0,013208261
0;0,429240117;0,960139086;0,30117561;0,26515082;0,013286976
0;0,430389196;0,960499766;0,302156189;0,265272965;0,01336996
0;0,43208998;0,960670983;0,302395807;0,265270529;0,013417585
0;0,433828627;0,960917684;0,303300959;0,263452737;0,013405864
0;0,434836251;0,962774907;0,303951484;0,262286912;0,013408908
0;0,436582017;0,962552405;0,304604359;0,262320576;0,01347397
0;0,438843803;0,963171542;0,30545082;0,263911996;0,013636908
0;0,441078004;0,96292619;0,305718936;0,26408341;0,013691361
0;0,442169922;0,964685776;0,30717636;0,262497081;0,013707205
0;0,444240891;0,965152611;0,307363177;0,262958729;0,013784332
0;0,445777004;0,966106727;0,307985431;0,261413901;0,013776445
0;0,446079905;0,967203928;0,308617572;0,260194861;0,013771936
0;0,446370479;0,968029429;0,309100067;0,259791169;0,013818717
0;0,44671686;0,967761621;0,310211941;0,261063541;0,013968744
0;0,446400828;0,969716349;0,309980997;0,262023868;0,014061369
0;0,446092202;0,970601366;0,310971795;0,260487847;0,014060842
0;0,446235747;0,972029634;0,310797335;0,261206023;0,014142848
0;0,446604472;0,972646289;0,312159135;0,259172259;0,014132431
0;0,446459633;0,973510937;0,311898223;0,261155082;0,014263511
0;0,447049991;0,97571327;0,312544688;0,26088545;0,014348902
0;0,447339822;0,980903638;0,311513647;0,25935626;0,014317028
0;0,448133818;0,984218489;0,311457405;0,258431435;0,01433611
0;0,44972584;0,983379407;0,31198496;0,258979822;0,014416101
0;0,450843165;0,984976988;0,313199804;0,258502314;0,014491803
0;0,452432426;0,984898451;0,313922845;0,258882102;0,014575985
0;0,453794293;0,98482976;0,314780207;0,258302732;0,014612302
0;0,455063452;0,985047663;0,315375156;0,257047415;0,014596154
0;0,456952972;0,986459685;0,316463883;0,255615049;0,014610163
0;0,458666163;0,986520165;0,316015686;0,25683338;0,014690331
0;0,460531504;0,986934014;0,317041486;0,256729077;0,01476867
0;0,461921141;0,98967203;0,31716841;0,256733879;0,014840382
0;0,463144088;0,992510597;0,317436692;0,2568946;0,014929409
0;0,464137681;0,987273385;0,319333608;0,256921339;0,014971548
0;0,46510166;0,987936286;0,320331773;0,255524506;0,014977537
0;0,465889258;0,987479025;0,321397459;0,255760358;0,015059148
0;0,466142672;0,987030734;0,322164338;0,254863634;0,015059761
0;0,46711614;0,987830417;0,32267903;0,254595833;0,015110687
0;0,467826352;0,988242382;0,32306239;0,255082144;0,015195033
0;0,468331247;0,98881805;0,324314469;0,254875744;0,015275651
0;0,469159317;0,990295317;0,324599173;0,254936504;0,01534012
0;0,470607015;0,990377739;0,325233378;0,253811543;0,015335786
0;0,47157637;0,991407495;0,326105345;0,253707133;0,015404088
0;0,473442711;0,992005914;0,326071004;0,254267377;0,015484717
0;0,474989837;0,992112308;0,327111038;0,254391866;0,015566331
0;0,476688393;0,991988411;0,32759355;0,254513108;0,015621525
0;0,478321573;0,992759871;0,328832385;0,252789739;0,015610708
0;0,480162786;0,993182847;0,329031308;0,252020582;0,015609853
0;0,481810753;0,993116734;0,329939064;0,251943661;0,015679133
0;0,483255647;0,994503863;0,330077692;0,252528556;0,015761178
0;0,484938036;0,994629626;0,330892696;0,252479412;0,015833343
0;0,486172323;0,995051662;0,331569573;0,252813542;0,015915617
0;0,487521208;0,995885041;0,33198671;0,252915418;0,01598406
0;0,488654533;0,996241002;0,333132414;0,251441739;0,015982455
0;0,489003867;0,996352983;0,333820978;0,250439303;0,015972345
0;0,489946923;1,003463238;0,332174311;0,250261397;0,016027533
0;0,490254736;1,005351474;0,33223702;0,250776316;0,016112315
0;0,491315396;1,004871177;0,332901938;0,25087639;0,016185093
0;0,491249257;1,006567714;0,333728827;0,250918054;0,016263637
0;0,492844114;1,006094281;0,333939849;0,251417403;0,016342139
0;0,493287725;1,008265866;0,334754167;0,250367272;0,016356706
0;0,495166535;1,008693995;0,334599616;0,249281113;0,016326635
0;0,496783769;1,009515671;0,335424298;0,249527473;0,01641822
0;0,498690121;1,009800711;0,336225356;0,250394395;0,016549514
0;0,500407391;1,011925708;0,336842911;0,248964884;0,01652886
0;0,502918348;1,01228905;0,336688255;0,248293721;0,016526502
0;0,504830847;1,013914973;0,337331427;0,248327237;0,016594564
0;0,507543473;1,013389552;0,337771867;0,248699234;0,016676567
0;0,509139188;1,015123846;0,338422783;0,248758109;0,016748927
0;0,51216123;1,015749971;0,339024979;0,248716624;0,01683068
0;0,513581121;1,017503855;0,339566248;0,248817152;0,016901139
0;0,516193795;1,016964191;0,339874659;0,248068295;0,016901132
0;0,517436457;1,018559371;0,341091768;0,246573683;0,016893486
0;0,519658762;1,018771362;0,340588193;0,246775746;0,01693037
0;0,520687066;1,020928436;0,341605621;0,247411404;0,017068322
0;0,52280781;1,020485941;0,342360742;0,247998616;0,017184277
0;0,523583256;1,022179624;0,342504832;0,247256303;0,017176061
0;0,525454391;1,021989103;0,343508182;0,247097863;0,017257414
0;0,526130108;1,023947932;0,343683022;0,246505651;0,01726598
0;0,527880785;1,024701813;0,344110029;0,246074184;0,017303359
0;0,529586965;1,025537481;0,34438532;0,246782008;0,017402036
0;0,531631161;1,025763212;0,34501717;0,246538626;0,017452504
0;0,533600311;1,026918687;0,34558114;0,245530314;0,017451068
0;0,535780427;1,028146365;0,345770016;0,245887731;0,017526572
0;0,538448916;1,028185639;0,346844866;0,245756239;0,017607624
0;0,540553986;1,029265122;0,347283692;0,245948718;0,017679353
0;0,543540307;1,029457566;0,347690895;0,24632816;0,01776376
0;0,545671427;1,03141714;0,348448609;0,245924029;0,0178238
0;0,548717658;1,032062261;0,348290091;0,245285489;0,017816825
0;0,55097498;1,034743965;0,348550664;0,244162845;0,017813176
0;0,552892216;1,035509921;0,348671879;0,244356189;0,01786629
0;0,555627076;1,034725688;0,349991594;0,245064204;0,018003965
0;0,557314827;1,034735008;0,350251148;0,246408968;0,018139012
0;0,559054198;1,035640952;0,351127408;0,24597314;0,018189301
0;0,560657858;1,03637854;0,351581984;0,245100404;0,018184407
0;0,562188843;1,03665685;0,351891663;0,24432403;0,018178813
0;0,563419275;1,037572505;0,352964812;0,243935914;0,018241387
0;0,564304994;1,03855401;0,35273128;0,244736364;0,018325316
0;0,565886068;1,03852764;0,35380661;0,244463096;0,018396901
0;0,56739363;1,039568918;0,354279956;0,244727351;0,018478786
0;0,56920359;1,039616365;0,354968555;0,244945462;0,018551963
0;0,571677336;1,038763197;0,356000724;0,243966583;0,018549311
0;0,573894347;1,03888842;0,356411084;0,244077551;0,018603751
0;0,576229051;1,039044404;0,357710153;0,24413664;0,018700006
0;0,578922397;1,039548768;0,358007212;0,244061825;0,018739776
0;0,581631515;1,040152969;0,358750294;0,243161764;0,018739599
0;0,585201675;1,039773579;0,359416178;0,243432128;0,018825474
0;0,588088942;1,040383556;0,359869306;0,244861682;0,018990298
0;0,590644744;1,040902925;0,360990548;0,243994763;0,019012419
0;0,594175033;1,04058929;0,361744092;0,243816054;0,019053706
0;0,597171884;1,040675983;0,362352998;0,243744376;0,019106856
0;0,600365736;1,040643081;0,363430112;0,24271364;0,019112815
0;0,603269093;1,041259281;0,363565836;0,243247524;0,019194006
0;0,605704907;1,040799336;0,364871044;0,242114754;0,019185602
0;0,608398126;1,041224963;0,365992738;0,242497806;0,019304338
0;0,611198937;1,041758891;0,366299961;0,243674111;0,019443758
0;0,613778674;1,041775329;0,367010811;0,243104568;0,019468254
0;0,61654252;1,041020683;0,368562038;0,242103291;0,019479799
0;0,619256529;1,041546583;0,368471785;0,242764524;0,019560551
0;0,621770768;1,042079904;0,369475725;0,241704542;0,019559984
0;0,624670623;1,041410146;0,370916211;0,241302531;0,019612227
0;0,627107847;1,041911673;0,370859472;0,242038914;0,019699727
0;0,629411525;1,045180496;0,371061336;0,241780663;0,019770992
0;0,632738161;1,050312317;0,369411866;0,242197461;0,019851105
0;0,635330032;1,050490629;0,370442553;0,24226011;0,019927402
0;0,638103288;1,051402851;0,371428914;0,241281911;0,019933955
0;0,641566453;1,050331239;0,371972027;0,240592549;0,019922931
0;0,644015118;1,051266895;0,3725451;0,240165134;0,019955183
0;0,647261441;1,05144681;0,373533806;0,24064063;0,020072746
0;0,650112177;1,051779114;0,373788189;0,241905983;0,020220165
0;0,653503804;1,051226792;0,374856966;0,241932862;0,020292047
0;0,656610365;1,053486043;0,375237819;0,242077863;0,02037653
0;0,659736355;1,053429173;0,376001287;0,24148536;0,020384032
0;0,664443912;1,051945533;0,377398026;0,241012552;0,020430753
0;0,667804604;1,052057077;0,377677888;0,241125157;0,020479364
0;0,671635004;1,052380637;0,378641666;0,240353207;0,020493754
0;0,675692209;1,052086647;0,37989534;0,241273658;0,020656421
0;0,679794282;1,05243528;0,38070763;0,240541757;0,020666853
0;0,684013802;1,052041105;0,381084051;0,240534544;0,020709379
0;0,687706951;1,052271841;0,382393457;0,240519189;0,02079718
0;0,69152286;1,052473952;0,38286632;0,240738555;0,020875864
0;0,694937277;1,051956262;0,383495928;0,240899973;0,020942861
0;0,699085293;1,052395798;0,384694868;0,239842161;0,020939226
0;0,701570089;1,053024534;0,384918744;0,240002856;0,020993167
0;0,705461475;1,052756403;0,385875638;0,240959636;0,021153777
0;0,708603424;1,053162971;0,386809375;0,240745129;0,021223836
0;0,711161828;1,053208679;0,38748412;0,240236546;0,021231768
0;0,714001156;1,054329361;0,388459237;0,240106027;0,021311238
0;0,717220592;1,05375379;0,388973411;0,239538701;0,021307024
0;0,721063031;1,053938918;0,389557818;0,239380292;0,021358677
0;0,723791339;1,054143829;0,390569031;0,240338167;0,02151927
0;0,72744773;1,054954303;0,391771619;0,240051715;0,021591185
0;0,730925944;1,053911263;0,392485014;0,239494957;0,021598617
0;0,734959814;1,054477836;0,3929778;0,239713282;0,021677743
0;0,73921646;1,054462039;0,394193826;0,238674476;0,021672802
0;0,743101816;1,05539634;0,394392403;0,23879286;0,021736378
0;0,747681624;1,061630072;0,393296512;0,23872959;0,021820942
0;0,751720762;1,060639277;0,394187881;0,238961429;0,021893965
0;0,7563573;1,061133119;0,395260232;0,23879886;0,021971601
0;0,761028162;1,06053977;0,396160227;0,238963741;0,022047377
0;0,765782069;1,060037357;0,396956427;0,239155944;0,022123033
0;0,769920137;1,061491666;0,39814478;0,238956918;0,02220645
0;0,775013453;1,061410686;0,398996415;0,238628795;0,022237043
0;0,780759079;1,060064206;0,400187022;0,237418883;0,022209824
0;0,785590975;1,060441341;0,401189985;0,23700973;0,022256709
0;0,79131129;1,060772862;0,402185516;0,237810344;0,022417038
0;0,795577292;1,061424975;0,40312124;0,23770229;0,022491952
0;0,80083991;1,062355795;0,40405163;0,237637677;0,02257092
0;0,806749505;1,062578759;0,40497961;0,237111988;0,022605884
0;0,812230887;1,062605403;0,405902817;0,235906827;0,022575448
0;0,818100004;1,063308523;0,406823447;0,235554474;0,022626065
0;0,8222665;1,063567932;0,407994292;0,23628177;0,022780522
0;0,8277841;1,063017427;0,409214061;0,235373982;0,022777271
0;0,833062631;1,062331291;0,410392075;0,235050415;0,022830115
0;0,837262381;1,063620425;0,411294201;0,23524549;0,022933289
0;0,842490234;1,063999984;0,412206667;0,234586674;0,022953052
0;0,846815688;1,06414511;0,413231589;0,234089306;0,022988176
0;0,852019824;1,064860041;0,414032456;0,234856988;0,023147642
0;0,85679208;1,065655915;0,415019392;0,234047484;0,023152947
0;0,861750159;1,066436071;0,415946077;0,232837286;0,023120099
0;0,866975509;1,066945439;0,416523689;0,233456596;0,023247471
0;0,8727575;1,06679218;0,41796484;0,233321969;0,023332998
0;0,877788562;1,067447365;0,419174774;0,232469663;0,023351672
0;0,883417821;1,067192993;0,41992356;0,233591219;0,023513659
0;0,890419186;1,066791296;0,42075989;0,23298172;0,023517427
0;0,896975107;1,066519932;0,422297233;0,231747781;0,023507765
0;0,901949607;1,067729283;0,42338708;0,231010793;0,023512912
0;0,909650894;1,067637382;0,424242282;0,230179851;0,023510761
0;0,915877043;1,067356552;0,425465187;0,22938719;0,023511974
0;0,92193665;1,068257756;0,426402566;0,228582544;0,023511356
0;0,929258395;1,068498821;0,427288414;0,227754769;0,023507792
0;0,935124989;1,068766679;0,428567056;0,227462546;0,023558213
0;0,941902657;1,068988546;0,429376325;0,228058131;0,023697279
0;0,948909581;1,069379714;0,430196829;0,228719267;0,023827603
0;0,956615019;1,070180636;0,430300409;0,228835114;0,023890909
0;0,962778302;1,070959173;0,431169013;0,2287785;0,023970294
0;0,969281231;1,072638386;0,431805183;0,22931312;0,024110479
0;0,976303912;1,075501472;0,431240477;0,231113606;0,024354193
0;0,98299955;1,076305582;0,431943891;0,231542932;0,024468628
0;0,990208477;1,076342646;0,432754711;0,232281642;0,024615412
0;0,997069862;1,07740581;0,433121476;0,234872482;0,024946624
0;1,004451376;1,077986212;0,433445174;0,236396951;0,025162355
0;1,011229129;1,078461314;0,433813262;0,23709143;0,025295643
0;1,018130836;1,080029729;0,434511163;0,239553633;0,025642767
0;1,025520321;1,081303672;0,434394962;0,242250231;0,025968652
0;1,032167653;1,082170547;0,434825298;0,24323093;0,026143965
0;1,039666374;1,083577416;0,434772149;0,245518777;0,026431408
0;1,046446263;1,084601392;0,435199771;0,249196479;0,026899185
0;1,054062695;1,085992573;0,435278776;0,250863558;0,027129954
0;1,06234722;1,086916154;0,435550496;0,253366646;0,027465107
0;1,069573935;1,0875535;0,436006579;0,256312742;0,02784494
0;1,077754447;1,088760019;0,436055991;0,258095707;0,028080492
0;1,087032674;1,089780849;0,436709181;0,259834931;0,028352027
0;1,096530384;1,089797916;0,437070716;0,263733518;0,028822467
0;1,105890337;1,09084946;0,437142228;0,265508783;0,029064499
0;1,115754561;1,09136086;0,43755128;0,267461972;0,02932742
0;1,125416691;1,092055908;0,437904845;0,270087598;0,029671971
0;1,136439838;1,092493724;0,438050401;0,271808999;0,029905945
0;1,146006826;1,093403463;0,438341515;0,272901687;0,030067212
0;1,156582329;1,093762778;0,438976244;0,275009891;0,030382548
0;1,167880177;1,094365001;0,438948994;0,277003243;0,030630528
0;1,178117152;1,094971831;0,439751738;0,277713991;0,030780942
0;1,189243859;1,095593311;0,439679565;0,279277957;0,030983608
0;1,199805927;1,095025094;0,440560877;0,280446094;0,031186001
0;1,211002453;1,096017058;0,440858423;0,280338787;0,031221499
0;1,220404901;1,097032062;0,441188718;0,279844981;0,031217352
0;1,232305164;1,096912768;0,44167977;0,281474808;0,031450867
0;1,242373465;1,097208672;0,442264132;0,281545803;0,031517139
0;1,252849038;1,097714471;0,442519337;0,281200132;0,031526389
0;1,264609386;1,098039117;0,443022978;0,281655586;0,031622129
0;1,274831209;1,097328671;0,444007142;0,281851107;0,031694204
0;1,287031593;1,097974314;0,444591755;0,281933971;0,031771114
0;1,296663012;1,097792721;0,444949427;0,28230216;0,031845422
0;1,307912091;1,099039373;0,445084396;0,282454759;0,031932674
0;1,318165639;1,09987517;0,445214277;0,282465693;0,031964863
0;1,329343211;1,099764522;0,446324392;0,281838455;0,031969104
0;1,339952778;1,100440897;0,446150104;0,282493914;0,032069932
0;1,352585809;1,099460545;0,447427221;0,28310686;0,032228451
0;1,363287125;1,100493824;0,447127052;0,283123285;0,032237686
0;1,375100073;1,100428523;0,448171998;0,282778922;0,032280069
0;1,387743978;1,100981905;0,448431278;0,283153967;0,032369815
0;1,401116474;1,100974049;0,448431487;0,283572153;0,032442086
0;1,411976251;1,102629574;0,44886914;0,283576067;0,03251937
0;1,426279128;1,102441389;0,448881865;0,28399633;0,0325957
0;1,439875551;1,105787111;0,448339745;0,284043756;0,032671757
0;1,453593983;1,115165098;0,444854986;0,284457364;0,032749271
0;1,467483712;1,115918659;0,44512068;0,284628158;0,032822083
0;1,47892524;1,116213808;0,445342841;0,284929805;0,03290696
0;1,494788268;1,116663989;0,445903721;0,285051198;0,032971848
0;1,51014916;1,117285171;0,446033384;0,284548521;0,032964207
0;1,525742205;1,117904477;0,446259342;0,285252008;0,033101174
0;1,540636621;1,118266337;0,446396485;0,286161049;0,033226353
0;1,55694694;1,118828609;0,446966265;0,285634957;0,033246882
0;1,573701838;1,12039995;0,445991499;0,285717134;0,0332556
0;1,589287643;1,120781174;0,446329619;0,286221844;0,033348157
0;1,609177297;1,122120825;0,446175484;0,287121063;0,033503814
0;1,626655679;1,121581952;0,446796066;0,287519294;0,033602009
0;1,643445757;1,122882821;0,446213582;0,287688977;0,033614481
0;1,661789458;1,122409892;0,447149177;0,287129272;0,033629818
0;1,677758365;1,123258683;0,44698398;0,287959776;0,033750142
0;1,696437964;1,123371557;0,447264981;0,288857753;0,033892281
0;1,71571429;1,123960506;0,44751773;0,288355313;0,0338817
0;1,731879265;1,123969228;0,448053926;0,289142782;0,034025601
0;1,752106803;1,123802782;0,44815955;0,289398958;0,034083219
0;1,769578898;1,124542749;0,448586569;0,289067527;0,034096675
0;1,786886788;1,125117204;0,449063617;0,289348157;0,034181818
0;1,808306475;1,124607603;0,44962855;0,289597444;0,034263102
0;1,827351639;1,124198311;0,450165834;0,290528475;0,034425262
0;1,846194449;1,124807196;0,450625831;0,290236833;0,034442897
0;1,867809513;1,125461432;0,451071583;0,290122337;0,034481656
0;1,888203688;1,125078151;0,451288407;0,290525198;0,034559359
0;1,909152594;1,124619635;0,451792862;0,290982355;0,034661337
0;1,932739307;1,125035923;0,452335432;0,291782252;0,034809694
0;1,952551707;1,125675946;0,452549984;0,291388887;0,034799031
0;1,97627431;1,125673651;0,452871084;0,292384753;0,034942706
0;1,998414061;1,126290831;0,453383903;0,292314386;0,034990416
0;2,022197435;1,125604377;0,453551509;0,292670548;0,035050337
0;2,046032473;1,125608538;0,453814595;0,293516177;0,035184093
0;2,072758847;1,125587119;0,454611508;0,29286374;0,035176835
0;2,098938441;1,125794117;0,454698866;0,294095126;0,035338616
0;2,120373234;1,126252037;0,455238567;0,293766057;0,035355351
0;2,148648932;1,126801141;0,456233808;0,293805524;0,035440568
0;2,169771976;1,127142159;0,456547283;0,29480866;0,035587548
0;2,200818187;1,126072838;0,45828055;0,294355785;0,035647789
0;2,227599504;1,125852023;0,45897387;0,294547296;0,035726892
0;2,254719505;1,12540366;0,460242213;0,294480682;0,035803714
0;2,282550237;1,125276874;0,461129925;0,294561785;0,03587847
0;2,31127892;1,125296155;0,462564236;0,294305936;0,035959411
0;2,340740618;1,124644444;0,463717706;0,294266137;0,036023327
0;2,369033189;1,124666997;0,464630865;0,294507804;0,036124823
0;2,402852496;1,123749096;0,466358806;0,294890497;0,036277026
0;2,430762154;1,12348561;0,468003981;0,29397488;0,036267773
0;2,46465558;1,123256336;0,469141071;0,294493313;0,036404506
0;2,493404384;1,122236671;0,470352354;0,294470274;0,036464623
0;2,527068317;1,122833993;0,471846896;0,293923468;0,036504296
0;2,560711325;1,121772688;0,473206871;0,294632013;0,036667837
0;2,59588566;1,121893021;0,474545905;0,294539871;0,036735474
0;2,632349585;1,12115982;0,475954;0,294426146;0,036810976
0;2,663165339;1,120912066;0,477501462;0,294356421;0,036884991
0;2,703353146;1,119735286;0,47878415;0,294562824;0,036976235
0;2,735504605;1,118980232;0,480911659;0,293923645;0,037006646
0;2,773830033;1,118025309;0,482392738;0,293573115;0,03703226
0;2,813419876;1,118015398;0,483764934;0,294299875;0,037193206
0;2,850882784;1,115889139;0,485551031;0,293718355;0,037189512
0;2,887548438;1,115683896;0,487382399;0,293832791;0,037305253
0;2,919089895;1,114118736;0,488762767;0,294553183;0,037435444
0;2,957236192;1,11468155;0,490539774;0,294256182;0,037495393
0;3,004286376;1,112424927;0,492000263;0,294523348;0,037575824
0;3,03144125;1,112936461;0,493704471;0,294420595;0,037651669
0;3,079637451;1,111177187;0,495405013;0,294561175;0,037727881
0;3,11542662;1,110552655;0,496880754;0,294750061;0,037804387
0;3,150844644;1,110280161;0,498716848;0,294628811;0,037880762
0;3,20002569;1,108173614;0,500423865;0,29510044;0,03795696
0;3,237155359;1,107479212;0,501990827;0,295251408;0,038033666
0;3,276129174;1,107544237;0,503713939;0,295322562;0,03811007
0;3,326027958;1,096491965;0,50969161;0,295620937;0,038183388
0;3,365683264;1,091657721;0,512946895;0,296224184;0,038275134
0;3,407844818;1,090051763;0,515617152;0,295640263;0,038290219
0;3,449859102;1,088723735;0,517548082;0,295816428;0,038336752
0;3,495144517;1,087681681;0,518970066;0,296956444;0,038498343
0;3,542224385;1,080921214;0,524034744;0,297067471;0,038569327
0;3,583616828;1,079999638;0,526119987;0,297322416;0,03864292
0;3,644034799;1,078921748;0,527713894;0,297684392;0,03872156
0;3,698935193;1,078952637;0,529525503;0,297826429;0,038796795
0;3,737934966;1,079009785;0,53116092;0,298303443;0,038873953
0;3,795013102;1,078484918;0,533524849;0,298460237;0,038949484
0;3,841693926;1,077783645;0,535877773;0,298635591;0,039025432
0;3,90213693;1,078453803;0,537965207;0,299036428;0,039110523
0;3,956876986;1,077054766;0,539680043;0,299141872;0,039126563
0;4,012723387;1,076436132;0,54251975;0,298842516;0,039142498
0;4,070986099;1,080898611;0,543573487;0,299470404;0,039269787
0;4,116325468;1,079738718;0,546380354;0,300289969;0,039404182
0;4,190510868;1,079585725;0,549869578;0,2997931;0,039393727
0;4,230118571;1,08040656;0,552384037;0,300554731;0,039547303
0;4,305241549;1,081553316;0,555154713;0,300513061;0,039579706
0;4,356223556;1,082432524;0,558114409;0,300825482;0,039656192
0;4,414751928;1,082149392;0,561408882;0,301299356;0,039775995
0;4,491125512;1,085353169;0,562995023;0,301197172;0,039776129
0;4,539057624;1,086559245;0,566074903;0,302011375;0,039940634
0;4,623210273;1,078981223;0,573975285;0,301613865;0,039942551
0;4,672127278;1,080815547;0,576612174;0,302305458;0,040059516
0;4,734219615;1,082683437;0,579653713;0,302566728;0,040138971
0;4,799220803;1,085104324;0,583375172;0,302136768;0,040169298
0;4,866383255;1,086669845;0,585968894;0,303281768;0,040323418
0;4,944982896;1,089291039;0,589581091;0,30263927;0,040311793
0;4,997126794;1,091913634;0,592636635;0,303620598;0,040460689
0;5,05373627;1,094253396;0,595758549;0,303759835;0,040500249
0;5,110776187;1,095849057;0,600374101;0,303669497;0,040566904
0;5,171379907;1,091449392;0,607444264;0,304456216;0,040700597
0;5,231823156;1,093303893;0,611382042;0,304101376;0,040686911
0;5,327287354;1,094361732;0,615791869;0,304368103;0,040764592
0;5,36217651;1,09614368;0,620147644;0,304555568;0,040845826
0;5,459501546;1,098913964;0,62425661;0,305076383;0,040919031
0;5,532533022;1,096848952;0,630924822;0,305200953;0,040997409
0;5,599722771;1,092000381;0,640514776;0,305309819;0,041071401
0;5,681099606;1,091935133;0,646199145;0,30545962;0,041150182
0;5,755604017;1,093200481;0,651658152;0,305969501;0,041232667
0;5,83469852;1,094504546;0,657767763;0,305484244;0,041225384
0;5,914913161;1,098044095;0,662466649;0,30595371;0,041324651
0;5,986374385;1,097959314;0,669350433;0,306796754;0,041477105
0;6,056318939;1,09874714;0,676078592;0,306593393;0,041507859
0;6,105889221;1,099045084;0,682234235;0,306561939;0,041516612
0;6,203343839;1,098303581;0,690408611;0,307323358;0,041678267
0;6,305165714;1,096463082;0,699236155;0,307078816;0,041700724
0;6,402497787;1,096794258;0,707467436;0,307114248;0,041732719
0;6,511922154;1,097026145;0,714786257;0,307740264;0,041825087
0;6,613937965;1,096513331;0,724406402;0,307832332;0,041895812
0;6,691477591;1,096027353;0,733497905;0,307987855;0,041974232
0;6,822573987;1,085239158;0,749185679;0,308453007;0,042056092
0;6,897249055;1,084882206;0,757910707;0,308397838;0,042063976
0;6,961285199;1,08459512;0,768398159;0,308165723;0,04208999
0;7,113705832;1,087041682;0,776254684;0,308748644;0,042227511
0;7,254564512;1,087145042;0,786368209;0,309564525;0,042348183
0;7,285897171;1,086208182;0,797465071;0,309095267;0,042339442
0;7,386079087;1,087132412;0,807714076;0,30949944;0,04241959
0;7,547855834;1,087768728;0,818543583;0,309374529;0,042430994
0;7,608095565;1,086675461;0,830276179;0,30933367;0,042465106
0;7,765827064;1,082708883;0,845326949;0,309852248;0,042563314
0;7,77285474;1,079798498;0,860304118;0,309940162;0,042617336
0;8,002673914;1,077008336;0,874353032;0,30966191;0,042614553
0;8,008498688;1,077065825;0,888118748;0,310067014;0,042685577
0;8,199616252;1,074673516;0,904091377;0,310337533;0,042782199
0;8,287984449;1,069640155;0,922229332;0,31013048;0,042786376
0;8,395831091;1,070896375;0,936877322;0,31031984;0,042851709
0;8,586733303;1,070450294;0,951257598;0,311219703;0,042996108
0;8,649574817;1,07031673;0,967960796;0,310687423;0,042982062
0;8,714758595;1,070472877;0,983503553;0,31048539;0,042979566
0;8,942773848;1,071670458;0,999085868;0,310172978;0,042984893
0;9,014195299;1,072248089;1,016581492;0,309679601;0,042974319
0;9,095524921;1,07212978;1,034356746;0,309774526;0,043003472
0;9,342095209;1,072188387;1,052059365;0,310231466;0,04308902
0;9,439365164;1,072834428;1,070590159;0,31037367;0,04316397
0;9,508818545;1,058482242;1,106194349;0,310517573;0,043238435
0;9,509170634;1,062245559;1,121481104;0,310887908;0,043324378
0;9,639754929;1,057071849;1,14990888;0,310827144;0,043356959
0;9,777460917;1,059388777;1,169703904;0,310328313;0,043346261
0;9,729855511;1,063483433;1,18880869;0,310269981;0,043350966
0;9,868737064;1,06613693;1,209732882;0,309847885;0,043350083
0;10,02763046;1,070106983;1,230837881;0,30939233;0,043332943
0;9,940475031;1,077541903;1,247858424;0,310188075;0,043471902
0;10,07527892;1,082877597;1,269449651;0,31031495;0,043545456
0;10,08131575;1,085714046;1,294522654;0,309907945;0,043546425
0;10,0472633;1,09075428;1,317128614;0,310475429;0,043640425
0;10,22894086;1,095638336;1,341648946;0,310581951;0,043714747
0;10,13893423;1,099280844;1,368310173;0,310212519;0,043720904
0;10,25832031;1,101090976;1,399606046;0,310037511;0,043708073
0;10,30526348;1,095030302;1,442879877;0,310004621;0,043748936
0;10,24352916;1,100788033;1,471980601;0,310214288;0,043842295
0;10,46028299;1,109788209;1,498241947;0,31043547;0,043902628
0;10,16651203;1,118334207;1,525688245;0,310258206;0,043898765
0;10,53939606;1,124646115;1,560195763;0,310093901;0,043967692
0;10,18354967;1,126348557;1,599774575;0,310578005;0,044050986
0;10,55354965;1,134587409;1,630037312;0,310935126;0,044122183
0;10,21634969;1,14739017;1,661255904;0,310826794;0,04420583
0;10,48362729;1,162119852;1,686549325;0,31120716;0,044271369
0;10,13861315;1,1718794;1,727168893;0,310794003;0,044267965
0;10,60550873;1,183859026;1,762312567;0,310440024;0,044271158
0;10,25180063;1,193244537;1,79997362;0,310150841;0,044248644
0;9,959275619;1,180311956;1,880675327;0,310411311;0,044343799
0;10,25237881;1,196588874;1,918566397;0,310892251;0,044472425
0;9,840503651;1,218277014;1,949800789;0,310616597;0,044445281
0;10,34625801;1,230593044;1,995560778;0,310185529;0,044443329
0;9,926766431;1,253202666;2,035653471;0,310860358;0,044597829
0;9,709226977;1,267784137;2,080402541;0,311095118;0,044651259
0;9,927030943;1,292327016;2,123882378;0,310555562;0,044627768
0;9,572033183;1,314157847;2,165790661;0,310270062;0,044640897
0;9,909732013;1,335711477;2,215570502;0,309936695;0,044629468
0;9,551523399;1,350954472;2,291908881;0,309112748;0,044549591
0;9,112823642;1,627838055;1,986899905;0,308564986;0,04452928
0;9,664933609;1,675297642;2,012512668;0,308964777;0,044600136
0;9,352554579;1,723718384;2,009796773;0,308858634;0,044643656
0;9,318637483;1,676099262;2,069497991;0,30840221;0,044633791
0;0;0;0;0,30823172;0,044634175
0;0;0;0;0,307783383;0,044631452
0;0;0;0;0,307939186;0,044698861
0;0;0;0;0,308138534;0,044780233
0;0;0;0;0,308300131;0,044857293
0;0;0;0;0,308499865;0,044927102
0;0;0;0;0,309105739;0,045012868
0;0;0;0;0,309800514;0,04517113
0;0;0;0;0,309940551;0,045247042
0;0;0;0;0,310680917;0,045387315
0;0;0;0;0,311354283;0,04548474
0;0;0;0;0,312359872;0,045623761
0;0;0;0;0,313887735;0,04593414
0;0;0;0;0,314432784;0,046005738
0;0;0;0;0,315243237;0,046125569
0;0;0;0;0,31681597;0,046353776
0;0;0;0;0,317866881;0,046545665
0;0;0;0;0,318685242;0,04670326
0;0;0;0;0,320371066;0,046945223
0;0;0;0;0,321688807;0,047184659
0;0;0;0;0,321807554;0,047263426
0;0;0;0;0,322891584;0,047436289
0;0;0;0;0,324007716;0,047656738
0;0;0;0;0,32428093;0,047788161
0;0;0;0;0,324960688;0,047949413
0;0;0;0;0,326077828;0,04818099
0;0;0;0;0,327163733;0,048359988
0;0;0;0;0,327058296;0,048446687
0;0;0;0;0,327381261;0,048547629
0;0;0;0;0,328000475;0,048715872
0;0;0;0;0,328731236;0,048862649
0;0;0;0;0,329154304;0,048940118
0;0;0;0;0,328957714;0,049013022
0;0;0;0;0,329346716;0,049092225
0;0;0;0;0,329425426;0,049164603
0;0;0;0;0,329561295;0,049248232
0;0;0;0;0,329917801;0,049319026
0;0;0;0;0,329698318;0,049307195
0;0;0;0;0,330083153;0,049448704
0;0;0;0;0,330292875;0,049514072
0;0;0;0;0,330254323;0,049520461
0;0;0;0;0,330161973;0,049612581
0;0;0;0;0,330706529;0,049686345
0;0;0;0;0,330874612;0,049762233
0;0;0;0;0,331010553;0,049840222
0;0;0;0;0,331142851;0,049912058
0;0;0;0;0,331571415;0,050000699
0;0;0;0;0,331274636;0,050052669
0;0;0;0;0,331332675;0,050052571
0;0;0;0;0,331905308;0,050213774
0;0;0;0;0,331507907;0,050233837
0;0;0;0;0,331676298;0,050313593
0;0;0;0;0,331990498;0,050463218
0;0;0;0;0,332111258;0,05052405
0;0;0;0;0,332137472;0,050602689
0;0;0;0;0,332010869;0,050679533
0;0;0;0;0,33231525;0,05075536
0;0;0;0;0,332185355;0,050832005
0;0;0;0;0,332300321;0,050908232
0;0;0;0;0,332439736;0,050984734
0;0;0;0;0,332372727;0,05106108
0;0;0;0;0,332393703;0,051136632
0;0;0;0;0,332389079;0,051217381
0;0;0;0;0,332531082;0,051278195
0;0;0;0;0,332735356;0,051398642
0;0;0;0;0,333373375;0,051528758
0;0;0;0;0,332674018;0,051519692
0;0;0;0;0,333362565;0,051674436
0;0;0;0;0,333235732;0,051714833
0;0;0;0;0,332956356;0,051735289
0;0;0;0;0,332897718;0,051828126
0;0;0;0;0,333247216;0,051900641
0;0;0;0;0,333338184;0,051977477
0;0;0;0;0,333288347;0,052053151
0;0;0;0;0,333568401;0,052133802
0;0;0;0;0,333402554;0,05219501
0;0;0;0;0,333967716;0,052312527
0;0;0;0;0,334413809;0,052446479
0;0;0;0;0,333974354;0,052436369
0;0;0;0;0,334574636;0,052591892
0;0;0;0;0,334293913;0,052620611
0;0;0;0;0,334499155;0,052701299
0;0;0;0;0,334586706;0,052817704
0;0;0;0;0,334271611;0,052819382
0;0;0;0;0,334770272;0,052983215
0;0;0;0;0,334607639;0,05299395
0;0;0;0;0,334373399;0,053043717
0;0;0;0;0,334504531;0,053095119
0;0;0;0;0,334179554;0,053082978
0;0;0;0;0,334201549;0,053083216
0;0;0;0;0,334159188;0,053080189
0;0;0;0;0,334943187;0,053156874
0;0;0;0;0,335019824;0,053181082
0;0;0;0;0,335579475;0,05318383
0;0;0;0;0,335840405;0,053152824
0;0;0;0;0,335523409;0,053085596
0;0;0;0;0,33646463;0,053168994
0;0;0;0;0,336746303;0,053176533
0;0;0;0;0,337261996;0,053215493
0;0;0;0;0,337920633;0,053318227
0;0;0;0;0,337871344;0,053356771
0;0;0;0;0,337995443;0,053367524
0;0;0;0;0,338742577;0,053529546
0;0;0;0;0,338688319;0,053585128
0;0;0;0;0,340162264;0,053872659
0;0;0;0;0,342268264;0,05423977
0;0;0;0;0,342588851;0,05439795
0;0;0;0;0,344011982;0,05468161
0;0;0;0;0,348139087;0,055399875
0;0;0;0;0,349141956;0,05562203
0;0;0;0;0,350344742;0,055876376
0;0;0;0;0,354192312;0,056553459
0;0;0;0;0,357315846;0,057115733
0;0;0;0;0,358911646;0,057432408
0;0;0;0;0,364074815;0,058366191
0;0;0;0;0,367941993;0,05900759
0;0;0;0;0,370049403;0,059413893
0;0;0;0;0,374549113;0,060235025
0;0;0;0;0,379849015;0,061125988
0;0;0;0;0,381297334;0,061456452
0;0;0;0;0,385131684;0,062113989
0;0;0;0;0,390515057;0,063102481
0;0;0;0;0,392991875;0,063568824
0;0;0;0;0,395428181;0,064026267
0;0;0;0;0,399452863;0,064793395
0;0;0;0;0,401004195;0,065120924
0;0;0;0;0,402465032;0,065400591
0;0;0;0;0,405735514;0,065995294
0;0;0;0;0,407749852;0,066448666
0;0;0;0;0,408812011;0,066685457
0;0;0;0;0,410432141;0,067051344
0;0;0;0;0,412937533;0,067507221
0;0;0;0;0,413261411;0,067670795
0;0;0;0;0,413755;0,067792308
0;0;0;0;0,414652135;0,068021318
0;0;0;0;0,415031962;0,068189155
0;0;0;0;0,415041993;0,068259481
0;0;0;0;0,415490961;0,068421675
0;0;0;0;0,416298886;0,068580498
0;0;0;0;0,41608807;0,068674617
0;0;0;0;0,416023709;0,068728722
0;0;0;0;0,416155442;0,06885519
0;0;0;0;0,416629008;0,068979635
0;0;0;0;0,415959884;0,068972058
0;0;0;0;0,416312775;0,069123809
0;0;0;0;0,416439268;0,06921863
0;0;0;0;0,416683341;0,069324103
0;0;0;0;0,417290774;0,069498827
0;0;0;0;0,417584876;0,069632218
0;0;0;0;0,417537155;0,069705139
0;0;0;0;0,418284526;0,069847173
0;0;0;0;0,41893695;0,070037389
0;0;0;0;0,418415197;0,070052742
0;0;0;0;0,418868226;0,070174181
0;0;0;0;0,420171891;0,070463696
0;0;0;0;0,419281248;0,070441792
0;0;0;0;0,41995776;0,070578688
0;0;0;0;0,42048622;0,070746936
0;0;0;0;0,420904717;0,070893189
0;0;0;0;0,421366881;0,071046659
0;0;0;0;0,421847481;0,071201647
0;0;0;0;0,422426604;0,071354515
0;0;0;0;0,422363912;0,071438194
0;0;0;0;0,42224022;0,071500159
0;0;0;0;0,422816937;0,071620276
0;0;0;0;0,422972622;0,07178192
0;0;0;0;0,42378603;0,071932546
0;0;0;0;0,423987372;0,072085524
0;0;0;0;0,424696636;0,072238351
0;0;0;0;0,425155015;0,072391129
0;0;0;0;0,425343324;0,072543482
0;0;0;0;0,425760008;0,072697311
0;0;0;0;0,426406226;0,072848291
0;0;0;0;0,426601707;0,073000217
0;0;0;0;0,427001979;0,07317205
0;0;0;0;0,426855993;0,073194503
0;0;0;0;0,426648933;0,073257009
0;0;0;0;0,427077452;0,073434182
0;0;0;0;0,427618759;0,073581401
0;0;0;0;0,427951701;0,07373461
0;0;0;0;0,428118218;0,073887713
0;0;0;0;0,428783884;0,074040252
0;0;0;0;0,428939296;0,074192896
0;0;0;0;0,429282875;0,074346118
0;0;0;0;0,429820369;0,074498125
0;0;0;0;0,429786834;0,074650094
0;0;0;0;0,430477389;0,07481304
0;0;0;0;0,43021454;0,074902322
0;0;0;0;0,430408081;0,07500838
0;0;0;0;0,430823787;0,0751714
0;0;0;0;0,43103689;0,075324162
0;0;0;0;0,431557395;0,075480734
0;0;0;0;0,43119519;0,075556402
0;0;0;0;0,431575176;0,075688193
0;0;0;0;0,43162398;0,075817975
0;0;0;0;0,43150117;0,075875887
0;0;0;0;0,431337909;0,075962028
0;0;0;0;0,4316511;0,076116564
0;0;0;0;0,432392809;0,076262858
0;0;0;0;0,432756331;0,076467692
0;0;0;0;0,433398046;0,0766947
0;0;0;0;0,433634302;0,076778321
0;0;0;0;0,432937041;0,076787511
0;0;0;0;0,433822152;0,077026309
0;0;0;0;0,43370353;0,0771271
0;0;0;0;0,433764387;0,077231279
0;0;0;0;0,434448357;0,077413179
0;0;0;0;0,434495553;0,077530892
0;0;0;0;0,434445812;0,077614129
0;0;0;0;0,435369581;0,077850887
0;0;0;0;0,435216687;0,077959968
0;0;0;0;0,435210877;0,078011062
0;0;0;0;0,435271231;0,078123335
0;0;0;0;0,435530916;0,078291868
0;0;0;0;0,436152747;0,078435358
0;0;0;0;0,436064992;0,078498977
0;0;0;0;0,43658015;0,07873086
0;0;0;0;0,436656018;0,078811055
0;0;0;0;0,436156517;0,078840708
0;0;0;0;0,436949059;0,079025358
0;0;0;0;0,437155167;0,079169699
0;0;0;0;0,437320504;0,079248281
0;0;0;0;0,437237019;0,07931446
0;0;0;0;0,437464125;0,079433413
0;0;0;0;0,438254839;0,079613653
0;0;0;0;0,438183151;0,079724214
0;0;0;0;0,437721242;0,079718941
0;0;0;0;0,438375644;0,079867449
0;0;0;0;0,438529202;0,0800236
0;0;0;0;0,439404987;0,080194815
0;0;0;0;0,439080765;0,080275772
0;0;0;0;0,43888322;0,080283924
0;0;0;0;0,439187581;0,080452321
0;0;0;0;0,439668931;0,080621601
0;0;0;0;0,439276443;0,080630609
0;0;0;0;0,439193509;0,080710276
0;0;0;0;0,439802938;0,080881058
0;0;0;0;0,440211036;0,081038129
0;0;0;0;0,440955069;0,081187066
0;0;0;0;0,441148807;0,081174629
0;0;0;0;0,442328647;0,081352511
0;0;0;0;0,443914147;0,081574713
0;0;0;0;0,444977574;0,081675732
0;0;0;0;0,446312552;0,081757642
0;0;0;0;0,44756107;0,081916697
0;0;0;0;0,449897178;0,082141558
0;0;0;0;0,452062495;0,082381346
0;0;0;0;0,453967542;0,08257228
0;0;0;0;0,455554166;0,082697797
0;0;0;0;0,457282884;0,082886125
0;0;0;0;0,460198448;0,083198805
0;0;0;0;0,461876641;0,083343238
0;0;0;0;0,464853854;0,083659995
0;0;0;0;0,468132847;0,084057585
0;0;0;0;0,47039204;0,084261399
0;0;0;0;0,472450541;0,084454978
0;0;0;0;0,475711845;0,08493078
0;0;0;0;0,477987323;0,085188675
0;0;0;0;0,479062212;0,085369352
0;0;0;0;0,48109701;0,085721107
0;0;0;0;0,482008796;0,086032566
0;0;0;0;0,48163203;0,086175062
0;0;0;0;0,481484537;0,086490061
0;0;0;0;0,48143768;0,086818752
0;0;0;0;0,480308218;0,08698995
0;0;0;0;0,47912312;0,087203754
0;0;0;0;0,479462721;0,087545986
0;0;0;0;0,479084302;0,087825269
0;0;0;0;0,478307929;0,087971898
0;0;0;0;0,478537782;0,088178138
0;0;0;0;0,479716728;0,088493006
0;0;0;0;0,480972932;0,088713928
0;0;0;0;0,482579654;0,088874835
0;0;0;0;0,484819935;0,089107834
0;0;0;0;0,486249252;0,089257027
0;0;0;0;0,488210128;0,089407722
0;0;0;0;0,490108459;0,089558256
0;0;0;0;0,49113863;0,089724312
0;0;0;0;0,492311147;0,089841162
0;0;0;0;0,492305823;0,08992969
0;0;0;0;0,492724115;0,090167728
0;0;0;0;0,492355414;0,090269431
0;0;0;0;0,490691903;0,090318587
0;0;0;0;0,489777275;0,090446564
0;0;0;0;0,488833827;0,090585823
0;0;0;0;0,487067065;0,090653051
0;0;0;0;0,485362073;0,090730087
0;0;0;0;0,484167043;0,090805061
0;0;0;0;0,482726985;0,090890567
0;0;0;0;0,481441544;0,090930858
0;0;0;0;0,480331488;0,090921417
0;0;0;0;0,479294731;0,090923128
0;0;0;0;0,478592395;0,090922533
0;0;0;0;0,477835311;0,090927368
0;0;0;0;0,477247775;0,090890608
0;0;0;0;0,475672058;0,09075492
0;0;0;0;0,474381378;0,090631988
0;0;0;0;0,473942594;0,090649583
0;0;0;0;0,473328772;0,090654501
0;0;0;0;0,472285173;0,090576819
0;0;0;0;0,470793419;0,090554217
0;0;0;0;0,47015785;0,09053361
0;0;0;0;0,468442661;0,090438969
0;0;0;0;0,467043023;0,090370946
0;0;0;0;0,466066498;0,090373815
0;0;0;0;0,464706873;0,090320824
0;0;0;0;0,462940094;0,090201963
0;0;0;0;0,462098003;0,090245119
0;0;0;0;0,461958309;0,090386485
0;0;0;0;0,460759501;0,090372331
0;0;0;0;0,460278884;0,090445657
0;0;0;0;0,459907407;0,090538162
0;0;0;0;0,459363325;0,09055792
0;0;0;0;0,458416152;0,090568961
0;0;0;0;0,458539191;0,090684956
0;0;0;0;0,458633482;0,090832233
0;0;0;0;0,457726442;0,090821921
0;0;0;0;0,457671277;0,090962835
0;0;0;0;0,457317182;0,091017755
0;0;0;0;0,457025751;0,091061517
0;0;0;0;0,45698481;0,091225366
0;0;0;0;0,45701293;0,091290723
0;0;0;0;0,456825616;0,091359124
0;0;0;0;0,457031989;0,091508294
0;0;0;0;0,457021858;0,091620425
0;0;0;0;0,457154768;0,091686831
0;0;0;0;0,456878787;0,091763105
0;0;0;0;0,456638082;0,091840776
0;0;0;0;0,456968177;0,09198671
0;0;0;0;0,457449139;0,092166627
0;0;0;0;0,45718696;0,092210218
0;0;0;0;0,456760472;0,092244488
0;0;0;0;0,457281513;0,092430722
0;0;0;0;0,457595913;0,092575534
0;0;0;0;0,457146848;0,092559619
0;0;0;0;0,457405185;0,092753329
0;0;0;0;0,457933314;0,092908741
0;0;0;0;0,457527414;0,092991345
0;0;0;0;0,458010434;0,093148423
0;0;0;0;0,457595559;0,093217585
0;0;0;0;0,457564694;0,093283401
0;0;0;0;0,457525193;0,093433323
0;0;0;0;0,457676241;0,093537601
0;0;0;0;0,457453161;0,0936373
0;0;0;0;0,457820749;0,093786817
0;0;0;0;0,457320058;0,093857712
0;0;0;0;0,457807373;0,094001953
0;0;0;0;0,457788053;0,094170016
0;0;0;0;0,457860144;0,094279853
0;0;0;0;0,457364379;0,094341838
0;0;0;0;0,457563629;0,094430369
0;0;0;0;0,457706129;0,094586545
0;0;0;0;0,457821056;0,094750204
0;0;0;0;0,457833302;0,094832699
0;0;0;0;0,457773839;0,094951031
0;0;0;0;0,458001373;0,095092297
0;0;0;0;0,457742989;0,095155
0;0;0;0;0,457592;0,095231788
0;0;0;0;0,45761437;0,095375363
0;0;0;0;0,458051188;0,095548816
0;0;0;0;0,458034738;0,095637572
0;0;0;0;0,458036963;0,095764129
0;0;0;0;0,458814219;0,095993824
0;0;0;0;0,458513863;0,096063311
0;0;0;0;0,458409452;0,096124217
0;0;0;0;0,458712339;0,096272592
0;0;0;0;0,458551315;0,096381313
0;0;0;0;0,458817881;0,096476695
0;0;0;0;0,458690945;0,096628384
0;0;0;0;0,458771747;0,096698942
0;0;0;0;0,458959064;0,096850758
0;0;0;0;0,458587567;0,09694715
0;0;0;0;0,458597136;0,097050554
0;0;0;0;0,458773925;0,097215084
0;0;0;0;0,458777548;0,097366903
0;0;0;0;0,458715651;0,097522121
0;0;0;0;0,458629523;0,097609779
0;0;0;0;0,458388166;0,097670402
0;0;0;0;0,457989691;0,097786708
0;0;0;0;0,458151761;0,09794704
0;0;0;0;0,458265001;0,098099653
0;0;0;0;0,458058914;0,098255243
0;0;0;0;0,457944214;0,098343648
0;0;0;0;0,457700458;0,098404415
0;0;0;0;0,457404479;0,09851875
0;0;0;0;0,457474366;0,098681306
0;0;0;0;0,457426021;0,0988311
0;0;0;0;0,457434775;0,098981562
0;0;0;0;0,45765485;0,099155896
0;0;0;0;0,457000233;0,099187522
0;0;0;0;0,45699887;0,099238001
0;0;0;0;0,457057079;0,099418803
0;0;0;0;0,457257279;0,099562408
0;0;0;0;0,457091793;0,099641729
0;0;0;0;0,456857258;0,099690167
0;0;0;0;0,457265726;0,099901858
0;0;0;0;0,457431971;0,10003185
0;0;0;0;0,456878789;0,100032959
0;0;0;0;0,457034578;0,100207271
0;0;0;0;0,457606184;0,100366291
0;0;0;0;0,457307368;0,100440303
0;0;0;0;0,457296365;0,100573549
0;0;0;0;0,457656176;0,100694232
0;0;0;0;0,457257321;0,100780836
0;0;0;0;0,457745665;0,100937181
0;0;0;0;0,457331859;0,101010546
0;0;0;0;0,457634884;0,101143292
0;0;0;0;0,457962545;0,101314127
0;0;0;0;0,45792262;0,101433644
0;0;0;0;0,457813837;0,101497428
0;0;0;0;0,457577585;0,101578594
0;0;0;0;0,457886137;0,101729464
0;0;0;0;0,457973366;0,101887559
0;0;0;0;0,458261002;0,102031077
0;0;0;0;0,458408467;0,102206061
0;0;0;0;0,458435817;0,10231356
0;0;0;0;0,457880145;0,102311824
0;0;0;0;0,458339658;0,102545145
0;0;0;0;0,458445097;0,102656272
0;0;0;0;0,458331202;0,102755525
0;0;0;0;0,45841376;0,102930801
0;0;0;0;0,458526856;0,103067325
0;0;0;0;0,458236002;0,103137609
0;0;0;0;0,457680295;0,103197962
0;0;0;0;0,458186725;0,103417132
0;0;0;0;0,458072912;0,103562823
0;0;0;0;0,457686238;0,103639474
0;0;0;0;0,457744086;0,1038164
0;0;0;0;0,457679327;0,103963374
0;0;0;0;0,456972602;0,103957545
0;0;0;0;0,456736534;0,104070451
0;0;0;0;0,456886838;0,104236018
0;0;0;0;0,457110449;0,104399085
0;0;0;0;0,456697593;0,104522057
0;0;0;0;0,456247365;0,104514085
0;0;0;0;0,455999501;0,10465095
0;0;0;0;0,45601304;0,104840186
0;0;0;0;0,45573746;0,104880237
0;0;0;0;0,455196488;0,104925195
0;0;0;0;0,455148949;0,105083775
0;0;0;0;0,455012053;0,105153457
0;0;0;0;0,455104915;0,105307151
0;0;0;0;0,455141283;0,10540119
0;0;0;0;0,454812892;0,105502484
0;0;0;0;0,455447524;0,10568447
0;0;0;0;0,455183427;0,105806232
0;0;0;0;0,454962393;0,105798332
0;0;0;0;0,455050857;0,105937627
0;0;0;0;0,45535248;0,106096334
0;0;0;0;0,45598728;0,106266053
0;0;0;0;0,455754836;0,106358751
0;0;0;0;0,455687272;0,106361923
0;0;0;0;0,455793943;0,106522955
0;0;0;0;0,456115617;0,106678419
0;0;0;0;0,456643462;0,106836299
0;0;0;0;0,456842788;0,106953758
0;0;0;0;0,456533269;0,107012113
0;0;0;0;0,45664713;0,107103208
0;0;0;0;0,457096443;0,107260451
0;0;0;0;0,457055727;0,107338247
0;0;0;0;0,457493965;0,107463433
0;0;0;0;0,457936353;0,107625199
0;0;0;0;0,45859522;0,107779812
0;0;0;0;0,458998316;0,107925405
0;0;0;0;0,459324061;0,107999988
0;0;0;0;0,459658295;0,108066884
0;0;0;0;0,459663667;0,108195612
0;0;0;0;0,460434679;0,108366428
0;0;0;0;0,460867363;0,108490704
0;0;0;0;0,461065408;0,108565873
0;0;0;0;0,461088373;0,108718707
0;0;0;0;0,461784524;0,108898588
0;0;0;0;0,461336978;0,108908752
0;0;0;0;0,461395046;0,109021229
0;0;0;0;0,462201857;0,109237569
0;0;0;0;0,461821363;0,109298324
0;0;0;0;0,462177191;0,109452492
0;0;0;0;0,462311515;0,109616705
0;0;0;0;0,462413045;0,10972121
0;0;0;0;0,462064901;0,109769094
0;0;0;0;0,462199037;0,109898076
0;0;0;0;0,46255181;0,110128239
0;0;0;0;0,462528308;0,110201434
0;0;0;0;0,462326172;0,110319223
0;0;0;0;0,462694062;0,110569619
0;0;0;0;0,462833518;0,110676474
0;0;0;0;0,462318521;0,110701161
0;0;0;0;0,463087913;0,110959173
0;0;0;0;0,463383296;0,111194137
0;0;0;0;0,463723718;0,11133998
0;0;0;0;0,464073151;0,111565048
0;0;0;0;0,464392178;0,111713469
0;0;0;0;0,464238094;0,11182325
0;0;0;0;0,465282845;0,112151244
0;0;0;0;0,465842104;0,112392171
0;0;0;0;0,465687965;0,112473267
0;0;0;0;0,46600896;0,112621426
0;0;0;0;0,466673847;0,112925355
0;0;0;0;0,467668163;0,113189218
0;0;0;0;0,467654437;0,113338504
0;0;0;0;0,468624315;0,113650175
0;0;0;0;0,469151986;0,113841625
0;0;0;0;0,469234893;0,113963196
0;0;0;0;0,469728933;0,114163923
0;0;0;0;0,470011556;0,11437969
0;0;0;0;0,470521707;0,114528852
0;0;0;0;0,471084474;0,114758599
0;0;0;0;0,47141918;0,114944632
0;0;0;0;0,471479516;0,115021319
0;0;0;0;0,471689891;0,115155326
0;0;0;0;0,472341285;0,115399237
0;0;0;0;0,472558887;0,115536627
0;0;0;0;0,472201245;0,115529886
0;0;0;0;0,472093696;0,11564273
0;0;0;0;0,47246224;0,115826528
0;0;0;0;0,472787868;0,115931632
0;0;0;0;0,472549608;0,116024397
0;0;0;0;0,473115986;0,116178666
0;0;0;0;0,472565842;0,116172594
0;0;0;0;0,472893524;0,116292291
0;0;0;0;0,473198149;0,116422549
0;0;0;0;0,473395283;0,116474688
0;0;0;0;0,473402294;0,116570964
0;0;0;0;0,473963523;0,11672713
0;0;0;0;0,47393858;0,116815495
0;0;0;0;0,473956166;0,116821876
0;0;0;0;0,474040332;0,116845129
0;0;0;0;0,474356342;0,116977644
0;0;0;0;0,474652621;0,117104036
0;0;0;0;0,474466981;0,117095695
0;0;0;0;0,474964905;0,117243279
0;0;0;0;0,475227009;0,117349324
0;0;0;0;0,474973105;0,117412551
0;0;0;0;0,475153311;0,117493255
0;0;0;0;0,475367738;0,117568565
0;0;0;0;0,475309165;0,117645069
0;0;0;0;0,475337756;0,117721499
0;0;0;0;0,475678452;0,117797762
0;0;0;0;0,475756967;0,117874384
0;0;0;0;0,475835356;0,117950138
0;0;0;0;0,476164558;0,118027547
0;0;0;0;0,476482055;0,118104118
0;0;0;0;0,476975562;0,118170685
0;0;0;0;0,477582365;0,118316493
0;0;0;0;0,47821625;0,118425609
0;0;0;0;0,47857801;0,118519972
0;0;0;0;0,479390714;0,118674631
0;0;0;0;0,479964342;0,118747025
0;0;0;0;0,480235059;0,11881412
0;0;0;0;0,480618946;0,118944819
0;0;0;0;0,481209347;0,119115971
0;0;0;0;0,481274101;0,119237051
0;0;0;0;0,481102605;0,119314822
0;0;0;0;0,481474226;0,119470813
0;0;0;0;0,481667812;0,11962696
0;0;0;0;0,481894983;0,119773805
0;0;0;0;0,482157158;0,11994075
0;0;0;0;0,482319229;0,120058562
0;0;0;0;0,482409276;0,120144906
0;0;0;0;0,483386801;0,120380102
0;0;0;0;0,484215087;0,120558895
0;0;0;0;0,48460376;0,120627828
0;0;0;0;0,485667238;0,120780068
0;0;0;0;0,487100073;0,121015307
0;0;0;0;0,488083541;0,121146287
0;0;0;0;0,489071775;0,121218913
0;0;0;0;0,490185671;0,121362547
0;0;0;0;0,491308851;0,121515521
0;0;0;0;0,492717238;0,121686498
0;0;0;0;0,493802463;0,121788337
0;0;0;0;0,494523047;0,121786813
0;0;0;0;0,495626345;0,121942442
0;0;0;0;0,496760327;0,122099955
0;0;0;0;0,498123473;0,122257012
0;0;0;0;0,499338643;0,122379445
0;0;0;0;0,500032974;0,122437411
0;0;0;0;0,50141671;0,122525769
0;0;0;0;0,503122714;0,12268811
0;0;0;0;0,504650709;0,12269617
0;0;0;0;0,506707973;0,122780072
0;0;0;0;0,50959814;0,122966698
0;0;0;0;0,512445231;0,12308792
0;0;0;0;0,515810154;0,123165437
0;0;0;0;0,520077312;0,123322594
0;0;0;0;0,524027991;0,123410962
0;0;0;0;0,527964003;0,123492884
0;0;0;0;0,533171023;0,123525012
0;0;0;0;0,537943062;0,123546795
0;0;0;0;0,544826427;0,123717937
0;0;0;0;0,554211359;0,12388335
0;0;0;0;0,563733644;0,123883006
0;0;0;0;0,572889776;0,123990892
0;0;0;0;0,58614477;0,124090519
0;0;0;0;0,601658744;0,124089595
0;0;0;0;0,61568805;0,124170322
0;0;0;0;0,632124758;0,124159397
0;0;0;0;0,653829315;0,12430047
0;0;0;0;0,673258542;0,124365122
0;0;0;0;0,689731379;0,124371229
0;0;0;0;0,716151931;0,124465425
0;0;0;0;0,752027079;0,124537648
0;0;0;0;0,776019716;0,124604571
0;0;0;0;0,810002548;0,12476833
0;0;0;0;0,851167278;0,124809251
0;0;0;0;0,894476482;0,12486771
0;0;0;0;0,934032804;0,125005804
0;0;0;0;0,989344885;0,124996157
0;0;0;0;1,05229902;0,125146938
0;0;0;0;1,101322765;0,125252515
0;0;0;0;1,160285305;0,125304493
0;0;0;0;1,225479305;0,125421702
0;0;0;0;1,280186858;0,125568139
0;0;0;0;1,342481356;0,125638189
0;0;0;0;1,421822504;0,1257148
0;0;0;0;1,495567026;0,125784877
0;0;0;0;1,558158981;0,125899101
0;0;0;0;1,632287005;0,126078521
0;0;0;0;1,727655848;0,126196145
0;0;0;0;1,805907372;0,126188931
0;0;0;0;1,897931747;0,126327357
0;0;0;0;2,007165318;0,12651464
0;0;0;0;2,099886855;0,126558456
0;0;0;0;2,18912064;0,12659126
0;0;0;0;2,303270229;0,126774225
0;0;0;0;2,424132284;0,126922756
0;0;0;0;2,52395322;0,12691778
0;0;0;0;2,639682846;0,127026905
0;0;0;0;2,784081918;0,127195988
0;0;0;0;2,900565987;0,127350544
0;0;0;0;3,020897419;0,127490324
0;0;0;0;3,19292976;0,127562459
0;0;0;0;3,367202375;0,12770869
0;0;0;0;3,495983027;0,12786527
0;0;0;0;3,669891405;0,128023511
0;0;0;0;3,855806641;0,128153541
0;0;0;0;3,996864964;0,128218321
0;0;0;0;4,197587308;0,128294967
0;0;0;0;4,443220155;0,128442614
0;0;0;0;4,661925552;0,128596857
0;0;0;0;4,853310646;0,12875847
0;0;0;0;5,120260583;0,128882097
0;0;0;0;5,401390057;0,128958835
0;0;0;0;5,609800317;0,129114991
0;0;0;0;5,910836382;0,12928009
0;0;0;0;6,263596904;0,129363902
0;0;0;0;6,569366912;0,129479036
0;0;0;0;6,872427356;0,129625012
0;0;0;0;7,234676877;0,12968359
0;0;0;0;7,497770532;0,129755675
0;0;0;0;8,030874257;0,129997171
0;0;0;0;8,397852535;0,130055769
0;0;0;0;8,968012183;0,130097129
0;0;0;0;9,315065757;0,130292766
0;0;0;0;9,890985558;0,130418182
0;0;0;0;10,44073402;0,130409443
0;0;0;0;11,00084291;0,130548122
0;0;0;0;11,63393719;0,130665589
0;0;0;0;12,23300565;0,130714469
0;0;0;0;13,16562154;0,130828224
0;0;0;0;13,76473049;0,130971726
0;0;0;0;14,41147206;0,13096653
0;0;0;0;15,45207624;0,131017802
0;0;0;0;16,59748917;0,131164693
0;0;0;0;17,4116532;0,131289606
0;0;0;0;18,30471259;0,131346548
0;0;0;0;19,63372619;0,131435802
0;0;0;0;20,73661851;0,131596937
0;0;0;0;21,97521969;0,131610387
0;0;0;0;23,37555915;0,131652365
0;0;0;0;25,03623293;0,131729747
0;0;0;0;26,14336882;0,13183312
0;0;0;0;28,25490496;0,131980128
0;0;0;0;30,64229201;0,131974267
0;0;0;0;32,4964241;0,132043817
0;0;0;0;34,34672929;0,132070282
0;0;0;0;37,99719777;0,132091814
0;0;0;0;39,37285824;0,132181207
0;0;0;0;42,39544129;0,132255209
0;0;0;0;45,05326152;0,132332078
0;0;0;0;47,99746288;0,132404693
0;0;0;0;51,27254566;0,132497404
0;0;0;0;54,30640447;0,132519544
0;0;0;0;59,37271572;0,132557424
0;0;0;0;60,90190807;0,132713185
0;0;0;0;67,27027958;0,132702907
0;0;0;0;71,2877734;0,132844586
0;0;0;0;76,43402126;0,132897175
0;0;0;0;82,50213969;0,132943526
0;0;0;0;81,95088157;0,133106731
0;0;0;0;85,39380711;0,13317113
0;0;0;0;95,92077445;0,133240546
0;0;0;0;102,5354701;0,133389822
0;0;0;0;106,7499497;0,133503193
0;0;0;0;115,68262;0,133562127
0;0;0;0;115,5533112;0,133654496
0;0;0;0;114,9937878;0,133814585
0;0;0;0;0;0,133981542
0;0;0;0;0;0,133991353
0;0;0;0;0;0,134070531
0;0;0;0;0;0,134246821
0;0;0;0;0;0,134393268
0;0;0;0;0;0,134547057
0;0;0;0;0;0,134700422
0;0;0;0;0;0,134850039
0;0;0;0;0;0,135013811
0;0;0;0;0;0,135132715
0;0;0;0;0;0,135209404
0;0;0;0;0;0,135370644
0;0;0;0;0;0,135602869
0;0;0;0;0;0,135778961
0;0;0;0;0;0,135907546
0;0;0;0;0;0,136108391
0;0;0;0;0;0,136313304
0;0;0;0;0;0,136380941
0;0;0;0;0;0,136596375
0;0;0;0;0;0,136852855
0;0;0;0;0;0,137010486
0;0;0;0;0;0,13722207
0;0;0;0;0;0,137524302
0;0;0;0;0;0,13766572
0;0;0;0;0;0,137803601
0;0;0;0;0;0,138042474
0;0;0;0;0;0,138173079
0;0;0;0;0;0,138286266
0;0;0;0;0;0,138527498
0;0;0;0;0;0,138673766
0;0;0;0;0;0,138815635
0;0;0;0;0;0,139034231
0;0;0;0;0;0,13923985
0;0;0;0;0;0,139350565
0;0;0;0;0;0,13942983
0;0;0;0;0;0,139586052
0;0;0;0;0;0,139759199
0;0;0;0;0;0,13977964
0;0;0;0;0;0,139841244
0;0;0;0;0;0,140026731
0;0;0;0;0;0,140160222
0;0;0;0;0;0,140232035
0;0;0;0;0;0,14039335
0;0;0;0;0;0,14043224
0;0;0;0;0;0,140452753
0;0;0;0;0;0,140543261
0;0;0;0;0;0,140618393
0;0;0;0;0;0,140696881
0;0;0;0;0;0,140705765
0;0;0;0;0;0,140696742
0;0;0;0;0;0,140709925
0;0;0;0;0;0,140681261
0;0;0;0;0;0,140605542
0;0;0;0;0;0,140608389
0;0;0;0;0;0,140568293
0;0;0;0;0;0,14033965
0;0;0;0;0;0,140237031
0;0;0;0;0;0,140196818
0;0;0;0;0;0,139951117
0;0;0;0;0;0,13987728
0;0;0;0;0;0,139826322
0;0;0;0;0;0,139635419
0;0;0;0;0;0,139412229
0;0;0;0;0;0,139309057
0;0;0;0;0;0,139218142
0;0;0;0;0;0,138975062
0;0;0;0;0;0,13895737
0;0;0;0;0;0,138866553
0;0;0;0;0;0,138724717
0;0;0;0;0;0,138660904
0;0;0;0;0;0,138586412
0;0;0;0;0;0,138585755
0;0;0;0;0;0,138596973
0;0;0;0;0;0,138562484
0;0;0;0;0;0,138677163
0;0;0;0;0;0,138906803
0;0;0;0;0;0,13895503
0;0;0;0;0;0,138941258
0;0;0;0;0;0,139141299
0;0;0;0;0;0,13934474
0;0;0;0;0;0,139470518
0;0;0;0;0;0,139651187
0;0;0;0;0;0,139880323
0;0;0;0;0;0,140028329
0;0;0;0;0;0,140248978
0;0;0;0;0;0,140439895
0;0;0;0;0;0,140576951
0;0;0;0;0;0,14073994
0;0;0;0;0;0,14088647
0;0;0;0;0;0,140952758
0;0;0;0;0;0,141160191
0;0;0;0;0;0,141356131
0;0;0;0;0;0,141498765
0;0;0;0;0;0,141645229
0;0;0;0;0;0,141711507
0;0;0;0;0;0,141706986
0;0;0;0;0;0,141769735
0;0;0;0;0;0,141840225
0;0;0;0;0;0,141957965
0;0;0;0;0;0,142091221
0;0;0;0;0;0,142078947
0;0;0;0;0;0,142078717
0;0;0;0;0;0,14207199
0;0;0;0;0;0,142115734
0;0;0;0;0;0,14220276
0;0;0;0;0;0,142275021
0;0;0;0;0;0,142352424
0;0;0;0;0;0,142439033
0;0;0;0;0;0,14243303
0;0;0;0;0;0,142527467
0;0;0;0;0;0,142661896
0;0;0;0;0;0,142746321
0;0;0;0;0;0,142903239
0;0;0;0;0;0,14289277
0;0;0;0;0;0,143064953
0;0;0;0;0;0,143290383
0;0;0;0;0;0,143390895
0;0;0;0;0;0,143474998
0;0;0;0;0;0,143632486
0;0;0;0;0;0,143787348
0;0;0;0;0;0,143935514
0;0;0;0;0;0,144099956
0;0;0;0;0;0,144221024
0;0;0;0;0;0,144298597
0;0;0;0;0;0,144455955
0;0;0;0;0;0,144622596
0;0;0;0;0;0,144692451
0;0;0;0;0;0,144861244
0;0;0;0;0;0,145062581
0;0;0;0;0;0,145116299
0;0;0;0;0;0,145194732
0;0;0;0;0;0,145279582
0;0;0;0;0;0,145299569
0;0;0;0;0;0,145289701
0;0;0;0;0;0,145297453
0;0;0;0;0;0,145288475
0;0;0;0;0;0,145209915
0;0;0;0;0;0,145120286
0;0;0;0;0;0,145117784
0;0;0;0;0;0,145053673
0;0;0;0;0;0,144863809
0;0;0;0;0;0,144739059
0;0;0;0;0;0,144748518
0;0;0;0;0;0,144597979
0;0;0;0;0;0,144549318
0;0;0;0;0;0,144533361
0;0;0;0;0;0,144441953
0;0;0;0;0;0,144367078
0;0;0;0;0;0,144287969
0;0;0;0;0;0,144278938
0;0;0;0;0;0,144284261
0;0;0;0;0;0,144284023
0;0;0;0;0;0,144279612
0;0;0;0;0;0,144286247
0;0;0;0;0;0,144363525
0;0;0;0;0;0,144446211
0;0;0;0;0;0,144504871
0;0;0;0;0;0,144638213
0;0;0;0;0;0,144750736
0;0;0;0;0;0,144746108
0;0;0;0;0;0,144899414
0;0;0;0;0;0,145070989
0;0;0;0;0;0,145155379
0;0;0;0;0;0,145269616
0;0;0;0;0;0,145409904
0;0;0;0;0;0,145482689
0;0;0;0;0;0,145636205
0;0;0;0;0;0,145788033
0;0;0;0;0;0,145958971
0;0;0;0;0;0,146040629
0;0;0;0;0;0,146031612
0;0;0;0;0;0,146126393
0;0;0;0;0;0,146290135
0;0;0;0;0;0,146297313
0;0;0;0;0;0,146387517
0;0;0;0;0;0,146540642
0;0;0;0;0;0,146579391
0;0;0;0;0;0,146580027
0;0;0;0;0;0,146655589
0;0;0;0;0;0,146732844
0;0;0;0;0;0,146819179
0;0;0;0;0;0,146856883
0;0;0;0;0;0,146863923
0;0;0;0;0;0,146947721
0;0;0;0;0;0,147022922
0;0;0;0;0;0,14710957
0;0;0;0;0;0,14713017
0;0;0;0;0;0,147151231
0;0;0;0;0;0,147239768
0;0;0;0;0;0,147313945
0;0;0;0;0;0,147388209
0;0;0;0;0;0,147476627
0;0;0;0;0;0,14749743
0;0;0;0;0;0,147517901
0;0;0;0;0;0,147605769
0;0;0;0;0;0,147680376
0;0;0;0;0;0,147757023
0;0;0;0;0;0,147830524
0;0;0;0;0;0,147918715
0;0;0;0;0;0,147958732
0;0;0;0;0;0,147964735
0;0;0;0;0;0,148046799
0;0;0;0;0;0,148114234
0;0;0;0;0;0,148270856
0;0;0;0;0;0,148331893
0;0;0;0;0;0,148345539
0;0;0;0;0;0,14842177
0;0;0;0;0;0,148415672
0;0;0;0;0;0,148475196
0;0;0;0;0;0,148638585
0;0;0;0;0;0,148699257
0;0;0;0;0;0,148710529
0;0;0;0;0;0,148791127
0;0;0;0;0;0,148785179
0;0;0;0;0;0,148765282
0;0;0;0;0;0,148903981
0;0;0;0;0;0,148979741
0;0;0;0;0;0,14897926
0;0;0;0;0;0,149073577
0;0;0;0;0;0,149148878
0;0;0;0;0;0,149147391
0;0;0;0;0;0,149197416
0;0;0;0;0;0,14929194
0;0;0;0;0;0,14934208
0;0;0;0;0;0,149331777
0;0;0;0;0;0,149331539
0;0;0;0;0;0,149401519
0;0;0;0;0;0,14948345
0;0;0;0;0;0,14955541
0;0;0;0;0;0,149638381
0;0;0;0;0;0,149705269
0;0;0;0;0;0,149702502
0;0;0;0;0;0,149701683
0;0;0;0;0;0,149697709
0;0;0;0;0;0,14972198
0;0;0;0;0;0,149844252
0;0;0;0;0;0,149982957
0;0;0;0;0;0,149975304
0;0;0;0;0;0,150048465
0;0;0;0;0;0,150071134
0;0;0;0;0;0,150093915
0;0;0;0;0;0,150190518
0;0;0;0;0;0,150254368
0;0;0;0;0;0,150250252
0;0;0;0;0;0,150315233
0;0;0;0;0;0,150399565
0;0;0;0;0;0,150470802
0;0;0;0;0;0,15055338
0;0;0;0;0;0,150622594
0;0;0;0;0;0,150621236
0;0;0;0;0;0,150620859
0;0;0;0;0;0,150612904
0;0;0;0;0;0,150647814
0;0;0;0;0;0,150734333
0;0;0;0;0;0,15080827
0;0;0;0;0;0,150883679
0;0;0;0;0;0,15096923
0;0;0;0;0;0,150992753
0;0;0;0;0;0,150989498
0;0;0;0;0;0,150979372
0;0;0;0;0;0,150992912
0;0;0;0;0;0,151155145
0;0;0;0;0;0,151172776
0;0;0;0;0;0,151218419
0;0;0;0;0;0,151268404
0;0;0;0;0;0,151272835
0;0;0;0;0;0,151358137
0;0;0;0;0;0,151433623
0;0;0;0;0;0,151517009
0;0;0;0;0;0,151547679
0;0;0;0;0;0,151530758
0;0;0;0;0;0,151550201
0;0;0;0;0;0,151632525
0;0;0;0;0;0,151709601
0;0;0;0;0;0,151782326
0;0;0;0;0;0,151870043
0;0;0;0;0;0,151910462
0;0;0;0;0;0,151910517
0;0;0;0;0;0,151999621
0;0;0;0;0;0,152163085
0;0;0;0;0;0,152184742
0;0;0;0;0;0,152216547
0;0;0;0;0;0,152306799
0;0;0;0;0;0,15238097
0;0;0;0;0;0,152456881
0;0;0;0;0;0,152524127
0;0;0;0;0;0,152683436
0;0;0;0;0;0,15273934
0;0;0;0;0;0,152756486
0;0;0;0;0;0,152829646
0;0;0;0;0;0,15282396
0;0;0;0;0;0,152895758
0;0;0;0;0;0,152978788
0;0;0;0;0;0,153049035
0;0;0;0;0;0,153135715
0;0;0;0;0;0,153193763
0;0;0;0;0;0,153190594
0;0;0;0;0;0,153270664
0;0;0;0;0;0,15328045
0;0;0;0;0;0,153325898
0;0;0;0;0;0,153380276
0;0;0;0;0;0,153382034
0;0;0;0;0;0,153464231
0;0;0;0;0;0,153531591
0;0;0;0;0;0,153686288
0;0;0;0;0;0,153753055
0;0;0;0;0;0,153757603
0;0;0;0;0;0,153848039
0;0;0;0;0;0,153922669
0;0;0;0;0;0,153998423
0;0;0;0;0;0,154075352
0;0;0;0;0;0,154151477
0;0;0;0;0;0,154227928
0;0;0;0;0;0,15430428
0;0;0;0;0;0,154380654
0;0;0;0;0;0,154457027
0;0;0;0;0;0,154533391
0;0;0;0;0;0,154609784
0;0;0;0;0;0,154686101
0;0;0;0;0;0,15476256
0;0;0;0;0;0,154838969
0;0;0;0;0;0,154914408
0;0;0;0;0;0,154995241
0;0;0;0;0;0,155056622
0;0;0;0;0;0,155172435
0;0;0;0;0;0,155308621
0;0;0;0;0;0,155298094
0;0;0;0;0;0,155452143
0;0;0;0;0;0,155483521
0;0;0;0;0;0,155561234
0;0;0;0;0;0,155680028
0;0;0;0;0;0,155680633
0;0;0;0;0;0,1558449
0;0;0;0;0;0,1558495
0;0;0;0;0;0,155952187
0;0;0;0;0;0,156086836
0;0;0;0;0;0,156155915
0;0;0;0;0;0,156222961
0;0;0;0;0;0,156213777
0;0;0;0;0;0,156367666
0;0;0;0;0;0,156402345
0;0;0;0;0;0,156474867
0;0;0;0;0;0,156598915
0;0;0;0;0;0,156596048
0;0;0;0;0;0,156758853
0;0;0;0;0;0,156777861
0;0;0;0;0;0,156812884
0;0;0;0;0;0,156904582
0;0;0;0;0;0,156976346
0;0;0;0;0;0,157053803
0;0;0;0;0;0,157130607
0;0;0;0;0;0,157202978
0;0;0;0;0;0,157295686
0;0;0;0;0;0,157316976
0;0;0;0;0;0,157355507
0;0;0;0;0;0,157512146
0;0;0;0;0;0,157508391
0;0;0;0;0;0,157564642
0;0;0;0;0;0,157653234
0;0;0;0;0;0,157721956
0;0;0;0;0;0,157807234
0;0;0;0;0;0,157875803
0;0;0;0;0;0,157864577
0;0;0;0;0;0,158009696
0;0;0;0;0;0,158067838
0;0;0;0;0;0,158085087
0;0;0;0;0;0,158158243
0;0;0;0;0;0,158151231
0;0;0;0;0;0,158217628
0;0;0;0;0;0,158383167
0;0;0;0;0;0,158431954
0;0;0;0;0;0,158453543
0;0;0;0;0;0,158522837
0;0;0;0;0;0,158518845
0;0;0;0;0;0,15860154
0;0;0;0;0;0,158597243
0;0;0;0;0;0,158702107
0;0;0;0;0;0,158808941
0;0;0;0;0;0,158799839
0;0;0;0;0;0,15888554
0;0;0;0;0;0,158961703
0;0;0;0;0;0,159044856
0;0;0;0;0;0,15907897
0;0;0;0;0;0,159062291
0;0;0;0;0;0,159078758
0;0;0;0;0;0,159159963
0;0;0;0;0;0,15923762
0;0;0;0;0;0,159310313
0;0;0;0;0;0,159396858
0;0;0;0;0;0,159443452
0;0;0;0;0;0,159437027
0;0;0;0;0;0,159437509
0;0;0;0;0;0,159420401
0;0;0;0;0;0,159563817
0;0;0;0;0;0,159621795
0;0;0;0;0;0,15966534
0;0;0;0;0;0,15981733
0;0;0;0;0;0,159805447
0;0;0;0;0;0,15980134
0;0;0;0;0;0,159808134
0;0;0;0;0;0,159794545
0;0;0;0;0;0,159829485
0;0;0;0;0;0,159899933
0;0;0;0;0;0,159894839
0;0;0;0;0;0,159964497
0;0;0;0;0;0,160044171
0;0;0;0;0;0,160128787
0;0;0;0;0;0,160175011
0;0;0;0;0;0,160176168
0;0;0;0;0;0,160256801
0;0;0;0;0;0,160341828
0;0;0;0;0;0,160363817
0;0;0;0;0;0,160343671
0;0;0;0;0;0,160380508
0;0;0;0;0;0,160448172
0;0;0;0;0;0,160441118
0;0;0;0;0;0,160595144
0;0;0;0;0;0,160637382
0;0;0;0;0;0,160663045
0;0;0;0;0;0,160734113
0;0;0;0;0;0,16071995
0;0;0;0;0;0,160719138
0;0;0;0;0;0,160788406
0;0;0;0;0;0,160870276
0;0;0;0;0;0,160942763
0;0;0;0;0;0,161024323
0;0;0;0;0;0,161093937
0;0;0;0;0;0,161093531
0;0;0;0;0;0,161070858
0;0;0;0;0;0,161198791
0;0;0;0;0;0,161292797
0;0;0;0;0;0,161270004
0;0;0;0;0;0,161273225
0;0;0;0;0;0,161270157
0;0;0;0;0;0,161336513
0;0;0;0;0;0,161419793
0;0;0;0;0;0,161491532
0;0;0;0;0;0,16157376
0;0;0;0;0;0,161643489
0;0;0;0;0;0,161642642
0;0;0;0;0;0,161639395
0;0;0;0;0;0,161643375
0;0;0;0;0;0,161635428
0;0;0;0;0;0,161653338
0;0;0;0;0;0,161738717
0;0;0;0;0;0,161819695
0;0;0;0;0;0,16182201
0;0;0;0;0;0,161863996
0;0;0;0;0;0,161959557
0;0;0;0;0;0,162014005
0;0;0;0;0;0,162008117
0;0;0;0;0;0,162009083
0;0;0;0;0;0,162001856
0;0;0;0;0;0,162047734
0;0;0;0;0;0,162142907
0;0;0;0;0;0,162195113
0;0;0;0;0;0,162192984
0;0;0;0;0;0,162266735
0;0;0;0;0;0,162358446
0;0;0;0;0;0,1623753
0;0;0;0;0;0,162397062
0;0;0;0;0;0,162489472
0;0;0;0;0;0,162560113
0;0;0;0;0;0,162561095
0;0;0;0;0;0,162560323
0;0;0;0;0;0,162552352
0;0;0;0;0;0,162583585
0;0;0;0;0;0,162667958
0;0;0;0;0;0,162743779
0;0;0;0;0;0,162827268
0;0;0;0;0;0,162830446
0;0;0;0;0;0,162879141
0;0;0;0;0;0,162936767
0;0;0;0;0;0,162925491
0;0;0;0;0;0,162926846
0;0;0;0;0;0,162921173
0;0;0;0;0;0,162982576
0;0;0;0;0;0,163063061
0;0;0;0;0;0,163146371
0;0;0;0;0;0,163204635
0;0;0;0;0;0,163201605
0;0;0;0;0;0,163281929
0;0;0;0;0;0,163290936
0;0;0;0;0;0,163337809
0;0;0;0;0;0,163389691
0;0;0;0;0;0,163395157
0;0;0;0;0;0,163476612
0;0;0;0;0;0,163472906
0;0;0;0;0;0,163541939
0;0;0;0;0;0,163561601
0;0;0;0;0;0,163618084
0;0;0;0;0;0,163763472
0;0;0;0;0;0,163752647
0;0;0;0;0;0,163827398
0;0;0;0;0;0,163853848
0;0;0;0;0;0,163841776
0;0;0;0;0;0,163847214
0;0;0;0;0;0,163843362
0;0;0;0;0;0,163843226
0;0;0;0;0;0,163913868
0;0;0;0;0;0,163995748
0;0;0;0;0;0,164067772
0;0;0;0;0;0,164150599
0;0;0;0;0;0,164217107
0;0;0;0;0;0,164213948
0;0;0;0;0;0,164205553
0;0;0;0;0;0,164259909
0;0;0;0;0;0,164354725
0;0;0;0;0;0,164399224
0;0;0;0;0;0,164400196
0;0;0;0;0;0,16447973
0;0;0;0;0;0,164568003
0;0;0;0;0;0,164578381
0;0;0;0;0;0,164607868
0;0;0;0;0;0,16470157
0;0;0;0;0;0,164767151
0;0;0;0;0;0,164765475
0;0;0;0;0;0,164755728
0;0;0;0;0;0,164811181
0;0;0;0;0;0,164895959
0;0;0;0;0;0,16496871
0;0;0;0;0;0,165047323
0;0;0;0;0;0,165125631
0;0;0;0;0;0,165139983
0;0;0;0;0;0,165109157
0;0;0;0;0;0,165204419
0;0;0;0;0;0,1653285
0;0;0;0;0;0,1653161
0;0;0;0;0;0,165394086
0;0;0;0;0;0,165481487
0;0;0;0;0;0,165509439
0;0;0;0;0;0,165481055
0;0;0;0;0;0,165533818
0;0;0;0;0;0,165688037
0;0;0;0;0;0,165686027
0;0;0;0;0;0,165679238
0;0;0;0;0;0,165682763
0;0;0;0;0;0,165683179
0;0;0;0;0;0,165679036
0;0;0;0;0;0,165684224
0;0;0;0;0;0,165759967
0;0;0;0;0;0,165846395
0;0;0;0;0;0,165877272
0;0;0;0;0;0,165849068
0;0;0;0;0;0,165897242
0;0;0;0;0;0,166053324
0;0;0;0;0;0,166054271
0;0;0;0;0;0,166046239
0;0;0;0;0;0,166050683
0;0;0;0;0;0,166049051
0;0;0;0;0;0,166049487
0;0;0;0;0;0,166049423
0;0;0;0;0;0,166049505
0;0;0;0;0;0,166048912
0;0;0;0;0;0,166051294
0;0;0;0;0;0,166044246
0;0;0;0;0;0,166059682
0;0;0;0;0;0,166142931
0;0;0;0;0;0,166223924
0;0;0;0;0;0,166243002
0;0;0;0;0;0,166212665
0;0;0;0;0;0,166291419
0;0;0;0;0;0,166431202
0;0;0;0;0;0,166416665
0;0;0;0;0;0,16641514
0;0;0;0;0;0,166417693
0;0;0;0;0;0,166416563
0;0;0;0;0;0,166416542
0;0;0;0;0;0,166417366
0;0;0;0;0;0,166416862
0;0;0;0;0;0,166411422
0;0;0;0;0;0,166469605
0;0;0;0;0;0,166562617
0;0;0;0;0;0,166607504
0;0;0;0;0;0,166599276
0;0;0;0;0;0,166600453
0;0;0;0;0;0,166599562
0;0;0;0;0;0,166605668
0;0;0;0;0;0,166582536
0;0;0;0;0;0,166651788
0;0;0;0;0;0,166796627
0;0;0;0;0;0,166784987
0;0;0;0;0;0,166783668
0;0;0;0;0;0,16677795
0;0;0;0;0;0,166817249
0;0;0;0;0;0,166910162
0;0;0;0;0;0,166972175
0;0;0;0;0;0,166968304
0;0;0;0;0;0,166967052
0;0;0;0;0;0,166968224
0;0;0;0;0;0,166967701
0;0;0;0;0;0,166967871
0;0;0;0;0;0,16696783
0;0;0;0;0;0,166967835
0;0;0;0;0;0,166967837
0;0;0;0;0;0,166967835
0;0;0;0;0;0,166967836
0;0;0;0;0;0,166967836
0;0;0;0;0;0,166967836
0;0;0;0;0;0,166967836
0;0;0;0;0;0,16696783
0;0;0;0;0;0,166967863
0;0;0;0;0;0,166967749
0;0;0;0;0;0,166968038
0;0;0;0;0;0,166967586
0;0;0;0;0;0,166967315
0;0;0;0;0;0,166972517
0;0;0;0;0;0,166948118
0;0;0;0;0;0,167043178
0;0;0;0;0;0,167169598
0;0;0;0;0;0,167149116
0;0;0;0;0;0,16715054
0;0;0;0;0;0,167153974
0;0;0;0;0;0,16714401
0;0;0;0;0;0,167180107
0;0;0;0;0;0,167271486
0;0;0;0;0;0,167338043
0;0;0;0;0;0,167336394
0;0;0;0;0;0,167334217
0;0;0;0;0;0,167335538
0;0;0;0;0;0,167335366
0;0;0;0;0;0,167334575
0;0;0;0;0;0,167335804
0;0;0;0;0;0,167337861
0;0;0;0;0;0,16731675
0;0;0;0;0;0,167440161
0;0;0;0;0;0,167538596
0;0;0;0;0;0,167514523
0;0;0;0;0;0,167519168
0;0;0;0;0;0,167518409
0;0;0;0;0;0,167523682
0;0;0;0;0;0,16749965
0;0;0;0;0;0,167585124
0;0;0;0;0;0,167719043
0;0;0;0;0;0,167701287
0;0;0;0;0;0,167701351
0;0;0;0;0;0,167703402
0;0;0;0;0;0,167702231
0;0;0;0;0;0,16770267
0;0;0;0;0;0,167702546
0;0;0;0;0;0,167702569
0;0;0;0;0;0,167702569
0;0;0;0;0;0,167702568
0;0;0;0;0;0,167702565
0;0;0;0;0;0,167702578
0;0;0;0;0;0,167702549
0;0;0;0;0;0,167702575
0;0;0;0;0;0,167702692
0;0;0;0;0;0,167701874
0;0;0;0;0;0,167705088
0;0;0;0;0;0,167695638
0;0;0;0;0;0,167715996
0;0;0;0;0;0,167795115
0;0;0;0;0;0,167797341
0;0;0;0;0;0,167792677
0;0;0;0;0;0,167795079
0;0;0;0;0;0,167794186
0;0;0;0;0;0,167794508
0;0;0;0;0;0,167794407
0;0;0;0;0;0,167793895
0;0;0;0;0;0,167797035
0;0;0;0;0;0,167785219
0;0;0;0;0;0,167821978
0;0;0;0;0;0,167893144
0;0;0;0;0;0,167886393
0;0;0;0;0;0,167885348
0;0;0;0;0;0,16788673
0;0;0;0;0;0,167886116
0;0;0;0;0;0,167886182
0;0;0;0;0;0,167886437
0;0;0;0;0;0,167886328
0;0;0;0;0;0,167884237
0;0;0;0;0;0,167895932
0;0;0;0;0;0,167843683
0;0;0;0;0;0,167783176
0;0;0;0;0;0,167798638
0;0;0;0;0;0,167796215
0;0;0;0;0;0,167717319
0;0;0;0;0;0,16769545
0;0;0;0;0;0,167705066
0;0;0;0;0;0,167701934
0;0;0;0;0;0,167702627
0;0;0;0;0;0,167702531
0;0;0;0;0;0,167703224
0;0;0;0;0;0,167699515
0;0;0;0;0;0,167712561
0;0;0;0;0;0,167676054
0;0;0;0;0;0,167609796
0;0;0;0;0;0,167615751
0;0;0;0;0;0,167457484
0;0;0;0;0;0,1674318
0;0;0;0;0;0,167350411
0;0;0;0;0;0,167229493
0;0;0;0;0;0,167238265
0;0;0;0;0;0,167154788
0;0;0;0;0;0,167159611
0;0;0;0;0;0,167056971
0;0;0;0;0;0,166880162
0;0;0;0;0;0,166746334
0;0;0;0;0;0,166693701
0;0;0;0;0;0,166700882
0;0;0;0;0;0,166490672
0;0;0;0;0;0,166287037
0;0;0;0;0;0,166196206