0;0;0;0;0;0
0;0;0;0;0;0
0;0;0;0;0;0
0;0;0;0;0;0
0;0;0;0;0;0
0;0;0;0;0;0
0;0;0;0;0;0
0;0;0;0;0;0
0;0;0;0;0;0
0;0;0;0;0;0
0;0;0;0;0;0
0;0;0;0;0;0
0;0;0;0;0;0
0;0;0;0;0;0
0;0;0;0;0;0
0;0;0;0;0;0
0;0;0;0;0;0
0;0;0;0;0;0
0;0;0;0;0;0
0;0;0;0;0;0
0;0;0;0;0;0
0;0;0;0;0;0
0;0;0;0;0;0
0;0;0;0;0;0
0;0;0;0;0;0
0;0;0;0;0;0
0;0;0;0;0;0
0;0;0;0;0;0
0;0;0;0;0;0
0;0;0;0;0;0
0;0;0;0;0;0
0;0;0;0;0;0
0;0;0;0;0;0
0;0;0;0;0;0
0;0;0;0;0;0
0;0;0;0;0;0
0;0;0;0;0;0
0;0;0;0;0;0
0;0;0;0;0;0
0;0;0;0;0;0
0;0;0;0;0;0
0;0;0;0;0;0
0;0;0;0;0;0
0;0;0;0;0;0
0;0;0;0;0;0
0;0;0;0;0;0
0;0;0;0;0;0
0;0;0;0;0;0
0;0;0;0;0;0
0;0;0;0;0;0
0;0;0;0;0;0
0;0;0;0;0;0
0;0;0;0;0;0
0;0;0;0;0;0
0;0;0;0;0;0
0;0;0;0;0;0
0;0;0;0;0;0
0;0;0;0;0;0
0;0;0;0;0;0
0;0;0;0;0;0
0;0;0;0;0;0
0;0;0;0;0;0
0;0;0;0;0;0
0;0;0;0;0;0
0;0;0;0;0;0
0;0;0;0;0;0
0;0;0;0;0;0
0;0;0;0;0;0
0;0;0;0;0;0
0;0;0;0;0;0
0;0;0;0;0;0
0;0;0;0;0;0
0;0;0;0;0;0
0;0;0;0;0;0
0;0;0;0;0;0
0;0;0;0;0;0
0;0;0;0;0;0
0;0;0;0;0;0
0;0;0;0;0;0
0;0;0;0;0;0
0;0;0;0;0;0
0;0;0;0;0;0
0;0;0;0;0;0
0;0;0;0;0;0
0;0;0;0;0;0
0;0;0;0;0;0
0;0;0;0;0;0
0;0;0;0;0;0
0;0;0;0;0;0
0;0;0;0;0;0
0;0;0;0;0;0
0;0;0;0;0;0
0;0;0;0;0;0
0;0;0;0;0;0
0;0;0;0;0;0
0;0;0;0;0;0
0;0;0;0;0;0
0;0;0;0;0;0
0;0;0;0;0;0
0;0;0;0;0;0
0;0;0;0;0;0
0,200861886;0;0;0;0;0
0,193986508;0;0;0;0;0
0,187871062;0;0;0;0;0
0,181189247;0;0;0;0;0
0,174949345;0;0;0;0;0
0,170841949;0;0;0;0;0
0,164001607;0;0;0;0;0
0,162987792;0;0;0;0;0
0,170367744;0;0;0;0;0
0,178287077;0;0;0;0;0
0,188565779;0;0;0;0;0
0,202169724;0;0;0;0;0
0,216998046;0;0;0;0;0
0,230550899;0;0;0;0;0
0,250159563;0;0;0;0;0
0,267302774;0;0;0;0;0
0,284638246;0;0;0;0;0
0,301540539;0;0;0;0;0
0,315428919;0;0;0;0;0
0,329504996;0;0;0;0;0
0,345997743;0;0;0;0;0
0,357855708;0;0;0;0;0
0,368276865;0;0;0;0;0
0,379800726;0;0;0;0;0
0,388620211;0;0;0;0;0
0,398021428;0;0;0;0;0
0,406611386;0;0;0;0;0
0,413803504;0;0;0;0;0
0,42049836;0;0;0;0;0
0,424436202;0;0;0;0;0
0,430163862;0;0;0;0;0
0,433658663;0;0;0;0;0
0,437686303;0;0;0;0;0
0,439760434;0;0;0;0;0
0,440643832;0;0;0;0;0
0,441190444;0;0;0;0;0
0,441630073;0;0;0;0;0
0,44230291;0;0;0;0;0
0,440730674;0;0;0;0;0
0,441300657;0;0;0;0;0
0,442158892;0;0;0;0;0
0,442617828;0;0;0;0;0
0,443189204;0;0;0;0;0
0,444365002;0;0;0;0;0
0,443679509;0;0;0;0;0
0,444044403;0;0;0;0;0
0,444166016;0;0;0;0;0
0,443585764;0;0;0;0;0
0,441926091;0;0;0;0;0
0,441893898;0,107426952;0;0;0;0
0,441432666;0,108209114;0;0;0;0
0,440110748;0,110865874;0;0;0;0
0,438673299;0,112563532;0;0;0;0
0,437278368;0,115714369;0;0;0;0
0,436222273;0,116764634;0;0;0;0
0,434172937;0,119669546;0;0;0;0
0,43343734;0,122576096;0;0;0;0
0,434182594;0,125164458;0;0;0;0
0,433280749;0,128164772;0;0;0;0
0,434679473;0,130721093;0;0;0;0
0,440105564;0,133288467;0;0;0;0
0,448817553;0,135408971;0;0;0;0
0,456403073;0,137749557;0;0;0;0
0,466036945;0,141029724;0;0;0,686980304;0,001034701
0,48162551;0,143757913;0;0;0,744562639;0,001009641
0,501558835;0,145701983;0;0;0,956019893;0,001010071
0,536902267;0,147843944;0;0;1,003052082;0,001012767
0,574664213;0,15019499;0;0;0;0,001011187
0,620695115;0,153090755;0;0;0;0,001011786
0,666890049;0,154793207;0;0;0;0,001011615
0,715405088;0,156722962;0;0;0;0,001011648
0,765854914;0,159023904;0;0;0;0,001011648
0,817764427;0,159794194;0;0;0;0,001011644
0,875719251;0,162687045;0;0;0;0,001011646
0,93554902;0,163235206;0;0;0;0,001011646
1,000414038;0,166167755;0;0;0;0,001011646
1,05953158;0,166576143;0;0;0;0,001011646
1,127937512;0,169082281;0;0;0;0,001011646
1,202996512;0,169406758;0;0;0;0,001011646
1,298028905;0,170649707;0;0;0;0,001011646
1,407229747;0,172232583;0;0;0;0,001011646
1,567771399;0,173351362;0;0;0;0,001011646
1,763387974;0,174237249;0;0;0;0,001011646
1,995814225;0,175480944;0;0;0;0,001011646
2,286510557;0,176687002;0;0;0;0,001011646
2,666170861;0,176784607;0;0;0;0,001011646
3,210527626;0,178644844;0;0;0;0,001011646
3,962659303;0,178642935;0;0;0;0,001011646
5,023962798;0,180078034;0;0;0;0,001011646
6,722935417;0,180393591;0;0;0;0,001011646
8,798548247;0,180869753;0;0;0;0,001011646
10,7662667;0,182257618;0;0;0;0,001011646
13,80774194;0,182395973;0;0;0;0,001011646
19,0213857;0,183194959;0;0;0;0,001011646
27,397741;0,183704101;0;0;0;0,001011646
38,24330957;0,184488903;0;0;0;0,001011646
42,65449984;0,185073114;0;0;0;0,001011646
43,31678923;0,185247681;0;0;0;0,001011646
50,595617;0,186734111;0;0;0;0,001011646
0;0,186702917;2,841331273;0;0;0,001011646
0;0,187052504;2,818593801;0;0;0,001011646
0;0,187185872;2,788174558;0;0;0,001011646
0;0,188580977;2,748981792;0;0;0,001011646
0;0,187881971;2,739200418;0;0;0,001011646
0;0,187183844;2,732800012;0;0;0,001011646
0;0,189390986;2,695248402;0;0;0,001011646
0;0,190358454;2,657619731;0;0;0,001011646
0;0,190158468;2,648184057;0;0;0,001011646
0;0,189943156;2,6365991;0;0;0,001011646
0;0,190702506;2,610620082;0;0;0,001011646
0;0,190853969;2,594954967;0;0;0,001011646
0;0,190487705;2,579465176;0;0;0,001011646
0;0,190121988;2,575226168;0;0;0,001011646
0;0,190551783;2,55511524;0;0;0,001011646
0;0,190847359;2,540630371;0;0;0,001011646
0;0,190201523;2,531102887;0;0;0,001011646
0;0,18984233;2,534463887;0;0;0,001011646
0;0,190435601;2,509607363;0;0;0,001011646
0;0,190397164;2,545743424;0;0;0,001011646
0;0,190023953;2,530441199;0;0;0,001011646
0;0,190045983;2,524606501;0;0;0,001011646
0;0,191392623;2,499157192;0;0;0,001011646
0;0,191182545;2,490819263;0;0;0,001011646
0;0,191332746;2,480518649;0;0;0,001011646
0;0,191637042;2,463413483;0;0;0,001011646
0;0,192668063;2,444779899;0;0;0,001011646
0;0,192644332;2,436006068;0;0;0,001011646
0;0,192816223;2,427065039;0;0;0,001011646
0;0,19317749;2,412410607;0;0;0,001011646
0;0,194160415;2,393065412;0;0;0,001011646
0;0,194135086;2,378753595;0;0;0,001011646
0;0,193947898;2,369723039;0;0;0,001011646
0;0,194673388;2,354011195;0;0;0,001011646
0;0,195203046;2,333010481;0;0;0,001011646
0;0,194988499;2,319033118;0;0;0,001011646
0;0,195048976;2,30412618;0;0;0,001011646
0;0,196050759;2,277189129;0;0;0,001011646
0;0,195939145;2,265614716;0;0;0,001011646
0;0,196218655;2,254416857;0;0;0,001011646
0;0,196220621;2,238067747;0;0;0,001011646
0;0,197118848;2,220376765;0;0;0,001011646
0;0,197211113;2,21153205;0;0;0,001011646
0;0,197243393;2,200213037;0;0;0,001011646
0;0,197603446;2,186330732;0;0;0,001011646
0;0,19850731;2,171331235;0;0;0,001011646
0;0,198501527;2,161368048;0;0;0,001011646
0;0,198671309;2,151581922;0;0;0,001011646
0;0,198992187;2,1370366;0;0;0,001011646
0;0,199971362;2,120050892;0;0;0,001011646
0;0,200192772;2,110911306;0;0;0,001011646
0;0,200380085;2,10219771;0;0;0,001011646
0;0,201203188;2,08614772;0;0;0,001011646
0;0,201723036;2,077557317;0;0;0,001011646
0;0,201900272;2,072050729;0;0;0,001011646
0;0,202070924;2,064094623;0;0;0,001011646
0;0,202949374;2,0518799;0;0;0,001011646
0;0,203306033;2,045074862;0;0;0,001011646
0;0,203685012;2,040254792;0;0;0,001011646
0;0,20365688;2,035333821;0;0;0,001011646
0;0,204536276;2,036724257;0;0;0,001011646
0;0,204678342;2,038920186;0,024037179;0,857711429;0,001011646
0;0,204900302;2,03052202;0,023597711;0,871723367;0,001011646
0;0,204787619;2,026367669;0,023474097;0,872799325;0,001011646
0;0,205876081;2,013733117;0,023374939;0,872589777;0,001011646
0;0,20557931;2,00642794;0,023327342;0,872563351;0,001011646
0;0,205538997;2,00127568;0,023249267;0,872558151;0,001011646
0;0,206078451;1,990718917;0,023180243;0,872600919;0,001011646
0;0,206390261;1,978975807;0,023114769;0,87314218;0,001011646
0;0,206134367;1,975839611;0,023053396;0,871780463;0,001011646
0;0,206357152;1,971568668;0,024129403;0,829910849;0,001011646
0;0,206563697;1,96174271;0,025207256;0,792019048;0,001011646
0;0,206785507;1,956165291;0,027546368;0,721141547;0,001011646
0;0,206820715;1,951226987;0,027274037;0,726068663;0,001011646
0;0,206685349;1,949789671;0,0266169;0,740380524;0,001011646
0;0,206926769;1,943710367;0,031868797;0,615446734;0,001011646
0;0,207360393;1,938083526;0,03125746;0,624540336;0,001011646
0;0,20728318;1,936476401;0,03115808;0,62360664;0,001011646
0;0,207263612;1,934439078;0,03106706;0,622528286;0,001011646
0;0,207196319;1,932534141;0,031565005;0,609878786;0,001011646
0;0,208089898;1,923576795;0,034959969;0,548036371;0,001011646
0;0,207841431;1,919109308;0,037193946;0,51365936;0,001011646
0;0,208011421;1,917678445;0,039249353;0,48442511;0,001011646
0;0,20797532;1,912812048;0,038862674;0,487789093;0,001011646
0;0,208931051;1,904446712;0,04132308;0,456580441;0,001011646
0;0,20894998;1,899150058;0,044785932;0,420327389;0,001011648
0;0,209117648;1,896392567;0,045420736;0,412780063;0,001011636
0;0,208599923;1,896001919;0,047301793;0,395178684;0,001011681
0;0,209496292;1,884446399;0,047456611;0,392740334;0,001011552
0;0,209794955;1,879655157;0,050633611;0,366588545;0,00101181
0;0,209948733;1,87315402;0,052954079;0,349844189;0,00101166
0;0,209852272;1,872304263;0,056720875;0,324630143;0,001010208
0;0,210171192;1,864391175;0,06012779;0,307904529;0,001018892
0;0,210629978;1,857777297;0,060930266;0;0
0;0,210415121;1,85637908;0,066440207;0,294834965;0,001085813
0;0,210365078;1,852941284;0,066781672;0,345500464;0,001283033
0;0,210216497;1,849464536;0,071279935;0,318322897;0,001265225
0;0,21087304;1,841575439;0,074530725;0,302256685;0,001261966
0;0,210800335;1,838581225;0,075717501;0,297566292;0,001265938
0;0,210766656;1,835260432;0,079190644;0,283232662;0,001264057
0;0,210781307;1,818753366;0,084422383;0,267028013;0,001264695
0;0,211671308;1,801996124;0,087583505;0,257506609;0,001264532
0;0,211754251;1,791302347;0,090966845;0,248352931;0,001264555
0;0,211985379;1,820494672;0,093216435;0,237179538;0,001264569
0;0,212231372;1,811023728;0,095278331;0,232098407;0,001264518
0;0,212713496;1,806172523;0,101518013;0,217336235;0,001264684
0;0,213591588;1,798548628;0,10492295;0,209480863;0,001264241
0;0,21363876;1,791975279;0,109268212;0,201107639;0,001265038
0;0,214037597;1,81347015;0,111132676;0,194447044;0,001264951
0;0,214264302;1,806045622;0,115644659;0,1857474;0,001258608
0;0,214965287;1,79446116;0,118941686;0,185170112;0,001291814
0;0,215012318;1,791942587;0,123416362;0,158470626;0,001150614
0;0,215084996;1,787130684;0,126410638;0;0
0;0,215034241;1,78114584;0,131093658;0,131326193;0,001015858
0;0,21552495;1,771024417;0,135460722;0,126491866;0,001012275
0;0,215538187;1,765271137;0,138923975;0,122848591;0,001010261
0;0,21555843;1,761855479;0,14378786;0,118881826;0,001014524
0;0,215328068;1,756499034;0,146519365;0,115247741;0,001003503
0;0,215893115;1,748497633;0,15125629;0,114434059;0,001030958
0;0,215852306;1,743254098;0,153901113;0;0
0;0,215857019;1,738869323;0,160145113;0;0
0;0,215629899;1,734917784;0,161117365;0;0
0;0,21622929;1,729443687;0,167120199;0,103711923;0,001042299
0;0,216123794;1,721566489;0,170787076;0;0
0;0,216282067;1,720068395;0,174469947;0,099288362;0,001045784
0;0,216141379;1,718627093;0,179739526;0,120563547;0,001312794
0;0,216169655;1,719576489;0,182835855;0,156839825;0,001745084
0;0,216792821;1,713443858;0,185949713;0,170916767;0,001941972
0;0,216809329;1,714314093;0,18896396;0,208362652;0,002416489
0;0,216881442;1,71502577;0,192006029;0,268142445;0,003174734
0;0,216782121;1,715569476;0,197116853;0,294551953;0,003595376
0;0,21771974;1,704504917;0,201541053;0,309468131;0,003866145
0;0,217692574;1,703407546;0,203904388;0,390509282;0,004951558
0;0,217938109;1,699924302;0,209509619;0,448632128;0,005857221
0;0,218012165;1,698391803;0,211835292;0,497589817;0,006590202
0;0,218349142;1,69330963;0,216005095;0,571066858;0,007725772
0;0,218876383;1,688229113;0,221155999;0,637111195;0,008852876
0;0,219087039;1,685885541;0,224464744;0,66553123;0,009410336
0;0,219261813;1,683718464;0,227425202;0,712760007;0,010238758
0;0,219331519;1,681015976;0,232701634;0,786263132;0,011582729
0;0,219917944;1,674496841;0,236869053;0,808328597;0,012152133
0;0,220182392;1,672662705;0,238886144;0,851517602;0,01295187
0;0,22018688;1,67114815;0,243794343;0,909545092;0,014162857
0;0,220217963;1,66965536;0,248386547;0,925211423;0,014720458
0;0,22073555;1,666410912;0,251449423;0,962280432;0,01556791
0;0,220847703;1,665161245;0,254031639;1,002657582;0,016443935
0;0,220771404;1,664127305;0,259116467;1,02150048;0,017145727
0;0,220862338;1,662807966;0,261998972;1,040353986;0,017711724
0;0,220902568;1,661804022;0,263130844;1,076144883;0,018455871
0;0,221686612;1,658331533;0,269445933;1,091031822;0,019251659
0;0,221417761;1,661955016;0,271121851;1,088161282;0,019431136
0;0,221453016;1,665035989;0,275239766;1,098470775;0,020026816
0;0,221512948;1,665911883;0,277419983;1,106729182;0,020423716
0;0,221980329;1,663151215;0,28060051;1,097509961;0,020568043
0;0,222085363;1,685707421;0,280330457;1,09092009;0,020794263
0;0,222036238;1,691082861;0,283531577;1,082039668;0,021004852
0;0,222108877;1,694087051;0,286777817;1,075066264;0,021225857
0;0,222499503;1,695039704;0,289312593;1,061728181;0,021256992
0;0,222866594;1,696766798;0,290673086;1,049296591;0,02124042
0;0,222932133;1,697755046;0,294878612;1,030103685;0,021243237
0;0,222965768;1,701555299;0,296296309;1,019495216;0,021250014
0;0,223191484;1,703155057;0,300238505;1,001166184;0,021241339
0;0,223589289;1,701888231;0,302236994;0,989146103;0,02121154
0;0,224211779;1,70168744;0,305857858;0,991004064;0,021612252
0;0,224378372;1,703052987;0,308086958;0,988315165;0,021804421
0;0,224650616;1,704871064;0,309829877;0,974429784;0,021721229
0;0,224926006;1,704606636;0,313868179;0,961430298;0,021783568
0;0,225541287;1,703789599;0,317050551;0,957472602;0,022011159
0;0,225918992;1,70389799;0,319722455;0,955721429;0,02223373
0;0,226050846;1,705557451;0,32114648;0,948574035;0,022276875
0;0,226381252;1,71086821;0,324014684;0,931033749;0,022222085
0;0,226575524;1,711449071;0,326510343;0,925562528;0,022349215
0;0,226477227;1,715508513;0,32923592;0,920315763;0,022512854
0;0,226261702;1,71920915;0,330984268;0,91179016;0,022512684
0;0,227163331;1,711157743;0,334976923;0,91540373;0,022933481
0;0,22703703;1,709893113;0,337414601;0,917969846;0,023228507
0;0,2271597;1,708579387;0,339542641;0,911939057;0,023284645
0;0,227499898;1,705591135;0,343625514;0,897089417;0,023249447
0;0,227444028;1,702437675;0,346071221;0,891291548;0,023297196
0;0,227452652;1,702459589;0,34843463;0,890712006;0,023521826
0;0,227471547;1,702517121;0,351826542;0,886799374;0,02372682
0;0,227953362;1,697997895;0,354251508;0,888168324;0,023977609
0;0,227639692;1,700112813;0,3578234;0,877073649;0,023994366
0;0,228057822;1,697645719;0,359712085;0,876412454;0,024179007
0;0,228148786;1,697589934;0,363397283;0,878512023;0,024562971
0;0,228127452;1,697401231;0,365121608;0,870426727;0,024531886
0;0,22828019;1,695276324;0,368099337;0,869239666;0,024748892
0;0,228835733;1,692063961;0,371061244;0,8613355;0,024785651
0;0,228750873;1,689106944;0,373629408;0,857441203;0,024880109
0;0,229004896;1,688109498;0,377062887;0,855764819;0,02512789
0;0,229183869;1,685907181;0,379619936;0,85503109;0,025326231
0;0,229710387;1,682965286;0,382850849;0,852653248;0,025539012
0;0,229832971;1,68085874;0,385584573;0,852551171;0,02576702
0;0,230077304;1,679107935;0,388783476;0,845112605;0,025810582
0;0,230337538;1,67791434;0,391436133;0,836825365;0,025796705
0;0,230628059;1,676784064;0,39427244;0,828326045;0,02578518
0;0,230978345;1,675657616;0,397079198;0,821447932;0,025818429
0;0,231236895;1,67451729;0,399701773;0,821048594;0,026041713
0;0,231506277;1,67230032;0,402940985;0,819634715;0,026256344
0;0,231683708;1,670682303;0,405395719;0,819104332;0,026457528
0;0,231992429;1,653763194;0,412067313;0,818640969;0,026689868
0;0,232248597;1,651151083;0,416168659;0,813783479;0,026837783
0;0,232500293;1,661049025;0,413701453;0,809827464;0,026792262
0;0,232632864;1,666895848;0,415850162;0,800441034;0,026796841
0;0,23272882;1,678470814;0,413410443;0,809858827;0,027225179
0;0,232982414;1,678752559;0,414703534;0,808912529;0,027368136
0;0,233239695;1,678629759;0,419546248;0,793922718;0,027257189
0;0,233337555;1,678589033;0,420936964;0,794044568;0,027435891
0;0,233455484;1,67657411;0,423005739;0,801070011;0,027867162
0;0,23370316;1,675222922;0,426422941;0,798388342;0,028061891
0;0,233954749;1,674849245;0,427165777;0,801046234;0,028284694
0;0,233980394;1,672969888;0,430315669;0,795403372;0,028347599
0;0,234176897;1,672857465;0,433615431;0,7859259;0,028309402
0;0,234254506;1,671824496;0,433834167;0,785514145;0,028358067
0;0,234414862;1,670919446;0,437433557;0,784970602;0,028635348
0;0,234433272;1,671033095;0,439429467;0,790806155;0,02906886
0;0,234634316;1,667706076;0,44140949;0,786790592;0,02908127
0;0,23489331;1,667268477;0,443950243;0,784254324;0,029237853
0;0,234851044;1,668888839;0,444719259;0,783686526;0,029349174
0;0,235100898;1,665930468;0,447791575;0,778077545;0,02937886
0;0,235211586;1,665633186;0,448600888;0,780806515;0,029617571
0;0,235458343;1,663992229;0,451219462;0,780116176;0,029823287
0;0,23554069;1,662121335;0,452514669;0,782749828;0,030065138
0;0,235783063;1,662119417;0,455777702;0,774904236;0,030067059
0;0,236013779;1,659665514;0,455990728;0,778781474;0,030275853
0;0,236271475;1,658635096;0,459656743;0,781709523;0,030708536
0;0,23611221;1,660511343;0,459462091;0,783655685;0,030861436
0;0,236358102;1,656850984;0,460811416;0,7806702;0,03085933
0;0,236644109;1,657053578;0,463004967;0,773997059;0,030834302
0;0,236919012;1,654755473;0,464176021;0,774663441;0,030984965
0;0,237112751;1,654120649;0,46752489;0,77309088;0,031219362
0;0,23726548;1,655493726;0,46723033;0,776295772;0,031418851
0;0,237600774;1,651290101;0,470608374;0,77574661;0,031636251
0;0,2379845;1,659108259;0,469069503;0,777716548;0,031853348
0;0,23820825;1,656756723;0,472934358;0,770979763;0,031878949
0;0,238441718;1,659411723;0,472079436;0,769070973;0,031858066
0;0,238817396;1,666477416;0,473309484;0,762134314;0,031880311
0;0,239140872;1,662644835;0,47391103;0,75982039;0,031840552
0;0,239404452;1,662089263;0,477334318;0,753800198;0,031890855
0;0,239516186;1,660994339;0,477640754;0,762802109;0,032336971
0;0,239856618;1,659340986;0,481061298;0,757015719;0,03238353
0;0,239877948;1,65977097;0,481824589;0,756286241;0,032478242
0;0,239918553;1,656998256;0,4848727;0,757090856;0,032750008
0;0,240259931;1,657128765;0,485274424;0,757693038;0,032896915
0;0,240238201;1,656258331;0,48773745;0,751667734;0,032875178
0;0,24045382;1,655174428;0,488379331;0,748810864;0,032866942
0;0,240372703;1,657524283;0,49040954;0,747310459;0,033041174
0;0,240343176;1,657962095;0,490977473;0,750631843;0,033304293
0;0,240382647;1,657412219;0,49340037;0,746959097;0,033380603
0;0,240718263;1,656878408;0,493930128;0,745433868;0,033431073
0;0,240702852;1,656522826;0,497273785;0,744125933;0,033639918
0;0,241014169;1,656388697;0,4988616;0,739595972;0,033610991
0;0,241334089;1,656685822;0,499982242;0,744574708;0,034013393
0;0,242018981;1,658867658;0,500509804;0,744121264;0,034166938
0;0,242682935;1,658699448;0,501937723;0,7411078;0,034215383
0;0,24355274;1,658594537;0,50297723;0,742068567;0,034422553
0;0,244280245;1,657984352;0,504496915;0,737397558;0,034393713
0;0,244541657;1,663291739;0,506120852;0,731763212;0,034386371
0;0,245156382;1,662413653;0,506823621;0,73228537;0,034526541
0;0,245652984;1,660131514;0,509626448;0,736260193;0,034950119
0;0,245964061;1,659468305;0,510148022;0,738697112;0,035181207
0;0,246209346;1,660311361;0,511835367;0,733901373;0,035186528
0;0,245822147;1,662919814;0,512449238;0,736114723;0,035410762
0;0,245990605;1,661740309;0,51466998;0,731163293;0,035401609
0;0,245963515;1,660750865;0,515403815;0,731993135;0,035564319
0;0,245943067;1,662359901;0,516672329;0,732089604;0,03579174
0;0,245518466;1,664849495;0,517441913;0,734114588;0,036018788
0;0,245898138;1,66468789;0,520129432;0,731478678;0,036175385
0;0,246140531;1,669677286;0,518037898;0,730162251;0,036167543
0;0,246400116;1,676480098;0,518611552;0,728554456;0,036372672
0;0,246435763;1,678032272;0,519386454;0,730167567;0,036589437
0;0,247095473;1,678662632;0,521077493;0,730503927;0,036817956
0;0,248071929;1,678961867;0,521490721;0,73049722;0,036949104
0;0,249070122;1,679393026;0,523051683;0,725491416;0,036916828
0;0,249648621;1,682638888;0,524173533;0,72228099;0,036925209
0;0,250650902;1,682250023;0,525299436;0,722373691;0,037104376
0;0,25194944;1,683332087;0,526759183;0,726756116;0,037553073
0;0,253232142;1,682903284;0,527221558;0,727228154;0,037703023
0;0,253859035;1,685978509;0,529734929;0,722859748;0,037746655
0;0,255048022;1,686794395;0,530057101;0,724131027;0,037959047
0;0,255929936;1,688461901;0,531130197;0,719876907;0,037937327
0;0,256103838;1,690379475;0,532220343;0,716519937;0,037924911
0;0,256270663;1,691822201;0,53305242;0,715408256;0,038053734
0;0,256469528;1,691354154;0,534969881;0,718912092;0,038466875
0;0,256288087;1,694770426;0,53457161;0,721556623;0,038721945
0;0,256110898;1,696317168;0,536280271;0,717326757;0,038720493
0;0,256193311;1,698813348;0,535979411;0,719304456;0,038946321
0;0,256405003;1,699891073;0,538327876;0,713703913;0,038917633
0;0,256321848;1,701402216;0,537877924;0,719164177;0,039278599
0;0,256660785;1,705251228;0,538992774;0,718421667;0,03951375
0;0,256827183;1,714322418;0,537214712;0,714210612;0,039425975
0;0,257283033;1,720115774;0,537117722;0,711663846;0,039478523
0;0,258197046;1,718649313;0,538027505;0,713173983;0,0396988
0;0,258838526;1,7214414;0,54012254;0,711859032;0,039907268
0;0,259750954;1,721304141;0,541369447;0,712904885;0,040139087
0;0,26053283;1,72118409;0,542847994;0,711309425;0,040239094
0;0,261261481;1,721564919;0,543874001;0,707852555;0,040194628
0;0,262346294;1,724032705;0,545751543;0,703908132;0,040233203
0;0,263329874;1,724138406;0,544978615;0,707263151;0,040453969
0;0,264400805;1,724861688;0,546747638;0,706975922;0,040669699
0;0,265198625;1,729646911;0,546966522;0,706989148;0,040867177
0;0,265900744;1,734607866;0,547429183;0,707431737;0,041112339
0;0,266471186;1,725454806;0,550700471;0,707505371;0,041228379
0;0,267024627;1,726613358;0,552421837;0,703658796;0,041244872
0;0,267476804;1,725814204;0,554259645;0,704308281;0,041469613
0;0,267622294;1,725030726;0,555582152;0,701838898;0,041471299
0;0,268181182;1,726428329;0,556469754;0,701101434;0,041611537
0;0,26858893;1,727148321;0,557130869;0,702440628;0,041843808
0;0,268878801;1,728154413;0,559290117;0,701872247;0,042065813
0;0,269354213;1,730736228;0,559781098;0,702039569;0,042243346
0;0,270185367;1,730880277;0,560874803;0,69894167;0,042231413
0;0,270741894;1,732679978;0,562378537;0,698654148;0,042419502
0;0,2718134;1,733725833;0,562319315;0,700196936;0,042641535
0;0,272701637;1,733911778;0,564112885;0,700539753;0,042866282
0;0,273676814;1,733695243;0,564944992;0,700873627;0,043018274
0;0,274614457;1,735043523;0,5670814;0,696127844;0,042988489
0;0,275671536;1,735782755;0,567424448;0,694009754;0,042986133
0;0,276617669;1,73566721;0,568989901;0,693797929;0,043176916
0;0,277447212;1,738091492;0,56922897;0,695408602;0,043402848
0;0,278413107;1,738311288;0,570634468;0,695273271;0,043601576
0;0,279121737;1,739048879;0,571801763;0,696193393;0,04382814
0;0,279896161;1,740505372;0,572521129;0,696473936;0,044016617
0;0,280546826;1,741127484;0,574496931;0,692415746;0,044012197
0;0,280747386;1,741323193;0,57568438;0,689655257;0,043984356
0;0,281288814;1,753749766;0,572844653;0,689165342;0,044136332
0;0,281465536;1,757049831;0,572952795;0,690583317;0,044369803
0;0,282074484;1,756210416;0,574099467;0,690858899;0,044570218
0;0,282036512;1,75917545;0,575525462;0,690973633;0,044786511
0;0,282952152;1,758348031;0,575889377;0,69234873;0,045002688
0;0,283206839;1,762143304;0,577293692;0,689456899;0,045042804
0;0,284285503;1,762891544;0,577027164;0,686465852;0,044959994
0;0,285213991;1,764327584;0,578449354;0,687144273;0,045212199
0;0,286308468;1,764825748;0,579830802;0,689531588;0,045573756
0;0,287294389;1,768539599;0,580895794;0,685595027;0,045516879
0;0,288735982;1,769174612;0,580629085;0,683746791;0,045510384
0;0,289833988;1,772016232;0,581738255;0,683839087;0,045697812
0;0,291391363;1,771097955;0,582497807;0,684863484;0,045923631
0;0,292307497;1,774128975;0,583620331;0,685025615;0,046122896
0;0,294042515;1,775223253;0,584658836;0,684911374;0,046348023
0;0,294857703;1,77828851;0,585592271;0,685188207;0,046542053
0;0,296357694;1,777345342;0,586124136;0,683126017;0,046542035
0;0,297071133;1,780133232;0,588223077;0,67901018;0,046520977
0;0,298347005;1,780503728;0,587354646;0,679566617;0,04662255
0;0,298937376;1,784273641;0,589109232;0,681317083;0,047002438
0;0,30015494;1,783500293;0,590411461;0,682934136;0,047321753
0;0,300600139;1,786460338;0,590659948;0,680889968;0,047299129
0;0,301674398;1,786127365;0,592390256;0,680453659;0,047523158
0;0,302062341;1,789550805;0,592691773;0,678822835;0,047546747
0;0,303067441;1,79086836;0,593428159;0,67763467;0,047649679
0;0,304046995;1,792328854;0,593902908;0,679583864;0,047921414
0;0,30522061;1,792723364;0,594992552;0,678913641;0,048060391
0;0,306351141;1,794742784;0,595965136;0,67613697;0,048056439
0;0,307602791;1,796888394;0,596290857;0,677121218;0,04826436
0;0,309134827;1,796957033;0,598144468;0,676759117;0,048487559
0;0,310343392;1,798843642;0,598901237;0,677289165;0,048685084
0;0,312057901;1,799179977;0,599603471;0,678334064;0,048917524
0;0,313281422;1,802604718;0,600910172;0,677221175;0,049082862
0;0,315030327;1,803732194;0,600636803;0,675462776;0,049063654
0;0,316326303;1,808419001;0,60108617;0,672371259;0,049053603
0;0,317427029;1,80975766;0,601295208;0,672903685;0,049199868
0;0,318997169;1,808387058;0,603571096;0,674853404;0,049578995
0;0,319966142;1,808403346;0,604018704;0,678556593;0,049950884
0;0,320964752;1,809986663;0,605529842;0,677356418;0,050089371
0;0,321885447;1,811275743;0,606313772;0,674953093;0,050075894
0;0,322764417;1,811762144;0,606847823;0,672815128;0,05006049
0;0,323470834;1,813362431;0,6086985;0,67174634;0,050232805
0;0,323979344;1,815077805;0,608295768;0,673950604;0,050463927
0;0,324887072;1,815031719;0,610150206;0,673198084;0,050661056
0;0,325752595;1,816851556;0,610966507;0,673925785;0,050886549
0;0,326791731;1,816934479;0,612154017;0,674526416;0,051088061
0;0,328211961;1,8154434;0,613934022;0,671830797;0,051080759
0;0,329484793;1,815662252;0,614641701;0,672136378;0,051230677
0;0,330825195;1,815934866;0,616881985;0,672299096;0,05149574
0;0,332371502;1,81681634;0,617394273;0,672093072;0,05160526
0;0,333926864;1,817872301;0,618675739;0,669614498;0,051604772
0;0,335976567;1,817209242;0,619824077;0,670359025;0,051841253
0;0,337634208;1,818275297;0,62060551;0,674295703;0,052295142
0;0,339101548;1,819182996;0,622539125;0,671908398;0,052356057
0;0,341128361;1,818634857;0,623838635;0,671416271;0,052469755
0;0,342848916;1,818786371;0,624888712;0,671218886;0,052616118
0;0,344682573;1,818728867;0,626746227;0,668380463;0,052632526
0;0,346349451;1,8198058;0,626980287;0,669850663;0,052856109
0;0,347747903;1,819001954;0,629231158;0,666731262;0,052832967
0;0,349294137;1,819745822;0,631165553;0,667786103;0,053159938
0;0,350902141;1,820678966;0,631695369;0,671025391;0,053543873
0;0,352383223;1,820707694;0,632921251;0,669456995;0,053611328
0;0,353970004;1,819388801;0,635596388;0,666699696;0,053643121
0;0,355528174;1,820307916;0,635440744;0,668520588;0,053865493
0;0,356971652;1,82124;0,63717207;0,665601627;0,053863934
0;0,358636519;1,820069465;0,639656232;0,664494576;0,054007799
0;0,36003578;1,820945983;0,639558383;0,666522417;0,054248754
0;0,36135837;1,826658894;0,639906504;0,665811248;0,054445002
0;0,363268262;1,835627764;0,637061943;0,666959019;0,054665618
0;0,36475631;1,835939399;0,638839394;0,667131542;0,054875721
0;0,366348494;1,837533686;0,640540404;0,664437793;0,054893768
0;0,36833677;1,835660834;0,641477018;0,662539442;0,054863411
0;0,3697426;1,837296077;0,6424653;0,661362433;0,054952225
0;0,371606382;1,837610514;0,644170354;0,662671845;0,055275968
0;0,373243049;1,838191281;0,644609045;0,666156352;0,055681926
0;0,375190253;1,837225988;0,646452183;0,666230372;0,055879875
0;0,376973795;1,841174476;0,647108974;0,666629671;0,056112524
0;0,378768492;1,841075084;0,648425599;0,664998047;0,056133182
0;0,381471199;1,83848213;0,650834317;0,663696039;0,056261842
0;0,383400643;1,838677075;0,651316948;0,664006129;0,056395704
0;0,385599756;1,83924256;0,652979012;0,661880345;0,056435332
0;0,387929083;1,838728755;0,655141011;0,664415068;0,056883282
0;0,390284169;1,83933806;0,656541829;0,662399572;0,056912008
0;0,392706684;1,838649161;0,65719098;0,662379707;0,057029116
0;0,394826998;1,839052419;0,65944909;0,662337425;0,0572709
0;0,397017792;1,839405647;0,660264557;0,66294151;0,057487578
0;0,39897808;1,838500882;0,661350335;0,663386021;0,057672074
0;0,401359543;1,839269057;0,663417943;0,660473037;0,057662064
0;0,402786117;1,840367898;0,663804024;0,660915554;0,057810605
0;0,405020243;1,839899285;0,665454216;0,663550319;0,058252892
0;0,406824102;1,840609844;0,667064473;0,662959615;0,058445819
0;0,408292935;1,840689727;0,668228092;0,661559087;0,058467661
0;0,409923053;1,842648339;0,669909711;0,661199666;0,058686503
0;0,411771399;1,841642415;0,670796419;0,659637374;0,058674901
0;0,413977424;1,841965964;0,671804246;0,659201149;0,05881714
0;0,415543803;1,842324086;0,673548115;0,661838928;0,059259379
0;0,417643014;1,84374055;0,675622014;0,661050104;0,059457416
0;0,41963993;1,841917631;0,676852284;0,659516912;0,059477884
0;0,421955859;1,842907829;0,67770211;0,660118132;0,059695778
0;0,424399688;1,842880221;0,679799183;0,657257486;0,059682173
0;0,426630353;1,844513097;0,680141635;0,65758349;0,059857248
0;0,429259717;1,855407771;0,678251738;0,65740926;0,060090119
0;0,431578671;1,853676162;0,67978893;0,658047692;0,060291208
0;0,434240605;1,854539248;0,681638232;0,657600014;0,060505
0;0,436922245;1,853502253;0,683190302;0,65805406;0,060713671
0;0,439651563;1,852624188;0,684563371;0,658583343;0,060922011
0;0,442027314;1,855165878;0,686612723;0,658035269;0,061151722
0;0,444951494;1,85502435;0,688081394;0,65713169;0,06123597
0;0,448250178;1,852671112;0,690134631;0,653799856;0,061161014
0;0,451024272;1,85333023;0,691864272;0,652673139;0,061290125
0;0,454308424;1,853909627;0,693581094;0,654877854;0,061731637
0;0,456757626;1,855049323;0,695194779;0,6545803;0,061937935
0;0,459779005;1,856676115;0,696799264;0,654402368;0,062155395
0;0,463171828;1,857065788;0,698399593;0,652954736;0,062251678
0;0,466318804;1,857112354;0,699991693;0,649635985;0,062167864
0;0,469688388;1,858341195;0,701579347;0,64866568;0,062307253
0;0,47208046;1,858794564;0,703598504;0,650668496;0,062732592
0;0,47524823;1,857832447;0,705702034;0,648168645;0,062723641
0;0,478278746;1,85663329;0,707733553;0,647277611;0,062869161
0;0,48068991;1,858886306;0,709289297;0,647814807;0,063153278
0;0,48369133;1,85954966;0,710862872;0,646000571;0,063207702
0;0,486174664;1,859803296;0,712630381;0,644630929;0,063304426
0;0,489162468;1,861052778;0,714011501;0,646744956;0,063743561
0;0,49190232;1,862443724;0,715713503;0,644515759;0,06375817
0;0,494748858;1,863807201;0,717311598;0,641183138;0,063667712
0;0,497748841;1,864697422;0,718307707;0,642888582;0,064018467
0;0,501068403;1,864429572;0,720793015;0,642517848;0,06425399
0;0,503956842;1,865574636;0,722879585;0,640170784;0,064305415
0;0,507188718;1,865130072;0,724170888;0,643259305;0,064751493
0;0,511208348;1,864428027;0,725613165;0,641580878;0,064761867
0;0,51497224;1,863953765;0,728264359;0,638182878;0,064735262
0;0,517828205;1,866067343;0,730143834;0,636153374;0,064749436
0;0,522249675;1,86590673;0,731618654;0,633865142;0,06474351
0;0,525824238;1,865415923;0,733727592;0,631682326;0,064746852
0;0,529303186;1,866990956;0,735344131;0,629466505;0,06474515
0;0,533506753;1,867412263;0,736871802;0,627186994;0,064735336
0;0,536874888;1,867880398;0,739076859;0,626382274;0,064874184
0;0,54076609;1,868268154;0,740472468;0,628022388;0,065257141
0;0,544788912;1,868951797;0,74188745;0,62984301;0,065616026
0;0,549212766;1,870351566;0,742066078;0,630162027;0,065790356
0;0,552751235;1,871712214;0,743564013;0,630006124;0,066008965
0;0,556484704;1,874646969;0,744661106;0,631478354;0,066395005
0;0,560516572;1,879650776;0,743687254;0,636436497;0,067066141
0;0,564360679;1,881056117;0,744900313;0,637618769;0,067381269
0;0,568499475;1,881120894;0,746298596;0,639653016;0,067785478
0;0,57243874;1,882978982;0,746931094;0,646787623;0,068697566
0;0,576676622;1,883993348;0,747489321;0,650985678;0,069291642
0;0,580567872;1,884823683;0,7481241;0,652898123;0,069658686
0;0,584530287;1,887564798;0,749327651;0,659678493;0,070614592
0;0,588772746;1,889791263;0,749127258;0,667104336;0,071512006
0;0,592589119;1,891306298;0,749869386;0,669804969;0,071994782
0;0,596894292;1,893765079;0,749777729;0,676105201;0,072786337
0;0,600786769;1,895554679;0,750515176;0,686232789;0,074074492
0;0,605159522;1,897986042;0,750651423;0,690823562;0,07470998
0;0,609915842;1,899600183;0,751120011;0,697716521;0,075632919
0;0,614064851;1,900714071;0,75190654;0,705829426;0,076678896
0;0,618761454;1,9028227;0,751991754;0,710739325;0,077327555
0;0,624088279;1,904606801;0,753118199;0,715528769;0,078075304
0;0,629541114;1,90463663;0,753741678;0,726264627;0,079370793
0;0,634914859;1,90647441;0,753865001;0,731153319;0,080037297
0;0,640578117;1,907368182;0,754570424;0,736531976;0,080761323
0;0,646125349;1,908582915;0,755180158;0,743762377;0,081710142
0;0,652453969;1,909348085;0,755431174;0,748502741;0,082354455
0;0,657946578;1,910938033;0,755933208;0,751511766;0,082798549
0;0,664018196;1,911566008;0,757027818;0,757317299;0,083666916
0;0,670504528;1,912618511;0,756980824;0,762806557;0,084349799
0;0,67638179;1,913679066;0,758365181;0,764763801;0,084764004
0;0,682769867;1,914765224;0,758240717;0,769070622;0,085322102
0;0,688833771;1,913772153;0,759760565;0,772287419;0,085879449
0;0,695261932;1,915505806;0,760273693;0,771991917;0,085977202
0;0,700660075;1,917279725;0,760843297;0,770632083;0,085965782
0;0,707492266;1,917071236;0,761690131;0,775120273;0,086608833
0;0,713272689;1,917588386;0,762697881;0,775315778;0,086791331
0;0,719286935;1,91847237;0,763137989;0,774363876;0,086816803
0;0,726038798;1,919039753;0,764006533;0,775618097;0,087080451
0;0,731907361;1,917798109;0,765703754;0,776156518;0,087278929
0;0,738911858;1,918926496;0,766711937;0,776384707;0,087490724
0;0,744441457;1,918609127;0,767328753;0,777398619;0,087695352
0;0,75089979;1,920787897;0,767561511;0,777818845;0,087935623
0;0,756786567;1,922248617;0,767785494;0,777848955;0,088024266
0;0,763203846;1,922055239;0,769699922;0,776121676;0,088035943
0;0,769295021;1,923237337;0,769399357;0,777926669;0,088313603
0;0,776547909;1,921523979;0,771601784;0,779614588;0,08875013
0;0,782691759;1,923329837;0,771084133;0,779659817;0,088775562
0;0,78947382;1,923215711;0,772886175;0,778711518;0,088892275
0;0,796732952;1,924182854;0,77333331;0,779744311;0,089139415
0;0,804410382;1,924169125;0,77333367;0,780895902;0,089338434
0;0,810645209;1,92706248;0,774088417;0,780906682;0,089551257
0;0,818856791;1,926733591;0,774110361;0,782063995;0,089761455
0;0,826662782;1,932580899;0,773175459;0,782194595;0,089970897
0;0,834538822;1,948970778;0,767165886;0,783333581;0,090184355
0;0,842513207;1,950287775;0,767624083;0,783803911;0,090384864
0;0,849082029;1,950803607;0,768007208;0,78463458;0,090618594
0;0,858189326;1,951590387;0,768974461;0,78496887;0,090797284
0;0,867008337;1,952676024;0,76919807;0,783584608;0,09077624
0;0,875960631;1,953758385;0,769587741;0,785521858;0,091153419
0;0,884511828;1,954390805;0,769824248;0,788025159;0,091498135
0;0,893875925;1,955373487;0,770806851;0,786576417;0,091554666
0;0,903495264;1,958119715;0,769125837;0,786802715;0,091578673
0;0,912443401;1,958785979;0,769708936;0,788192576;0,091833557
0;0,923862469;1,961127284;0,769443126;0,790668828;0,092262201
0;0,933897175;1,960185497;0,770513338;0,791765471;0,09253261
0;0,943536711;1,962459022;0,769508827;0,792232739;0,092566955
0;0,954068216;1,961632485;0,771122288;0,790691432;0,092609189
0;0,9632363;1,963115914;0,770837401;0,792978462;0,092940536
0;0,97396065;1,963313184;0,771321995;0,795451293;0,093331955
0;0,985027593;1,964342488;0,771757869;0,794067684;0,093302818
0;0,994308245;1,964357732;0,772682556;0,7962362;0,09369909
0;1,005921299;1,964066835;0,772864707;0,796941656;0,093857757
0;1,015952396;1,965360073;0,773601114;0,796028965;0,093894812
0;1,025889219;1,966364046;0,774423799;0,796801759;0,094129276
0;1,038186711;1,965473418;0,775398043;0,797488242;0,094353116
0;1,049120939;1,9647581;0,776324605;0,800052098;0,09479967
0;1,059938992;1,965822246;0,777117884;0,799248978;0,094848231
0;1,072348654;1,966965652;0,777886596;0,798933683;0,094954966
0;1,084057378;1,966295793;0,778260516;0,800043074;0,095168943
0;1,096084585;1,965494447;0,779130464;0,801301984;0,095449767
0;1,109626212;1,966221992;0,780066143;0,803504727;0,095858311
0;1,121000927;1,967340558;0,780436144;0,802421484;0,095828946
0;1,134620571;1,967336547;0,780989891;0,805163882;0,096224596
0;1,147331467;1,968415191;0,781874263;0,804970107;0,096355978
0;1,160986002;1,967215476;0,782163303;0,805950899;0,096520989
0;1,174670197;1,967222749;0,782617003;0,808279577;0,096889324
0;1,19001437;1,967185315;0,783991304;0,80648291;0,096869338
0;1,205044624;1,967547085;0,784141955;0,809873877;0,097314846
0;1,217350789;1,968347391;0,785072686;0,808967692;0,09736093
0;1,233584461;1,969307058;0,78678901;0,809076378;0,0975956
0;1,245711643;1,969903054;0,787329608;0,811838794;0,098000351
0;1,263535925;1,968034205;0,790318679;0,810591676;0,098166242
0;1,278911642;1,967648287;0,79151433;0,811119054;0,098384073
0;1,294481803;1,966864684;0,793701625;0,810935615;0,098595624
0;1,310460011;1,9666431;0,795232511;0,811158955;0,098801487
0;1,326953751;1,966676798;0,797706023;0,810454403;0,099024379
0;1,34386833;1,965537805;0,799695219;0,810344805;0,099200391
0;1,360111689;1,965577221;0,801269988;0,811010303;0,099479889
0;1,379528063;1,963973008;0,804249874;0,812064156;0,099899023
0;1,395551584;1,963512514;0,80708703;0,809542745;0,099873543
0;1,415010511;1,963111813;0,809047975;0,810970398;0,100250076
0;1,431515803;1,961329747;0,811136869;0,810906954;0,100415624
0;1,450842974;1,962373684;0,813714253;0,80940117;0,100524874
0;1,470158131;1,960518845;0,81605957;0,811352347;0,100975232
0;1,490352455;1,960729151;0,818368775;0,811098608;0,10116149
0;1,51128716;1,959447737;0,820797077;0,810785434;0,101369405
0;1,528979131;1,959014739;0,823465722;0,810593427;0,101573226
0;1,552051795;1,956958083;0,825677758;0,811161815;0,101824493
0;1,570510623;1,955638479;0,82934671;0,809401656;0,101908238
0;1,592514056;1,953969561;0,831900876;0,808436373;0,101978772
0;1,615243415;1,95395224;0,83426727;0,810437711;0,102421984
0;1,636751658;1,950236183;0,837347447;0,808836332;0,102411811
0;1,657802179;1,949877481;0,840505698;0,809151465;0,102730537
0;1,675910792;1,947142056;0,842886184;0,811135267;0,103089054
0;1,697811382;1,948125684;0,845950686;0,810317391;0,103254141
0;1,72482388;1,94418179;0,848469344;0,811053106;0,10347563
0;1,740414064;1,945075797;0,851408302;0,810770149;0,103684491
0;1,768084514;1,942001118;0,854340938;0,811157276;0,103894361
0;1,788631827;1,940909626;0,856885898;0,811677427;0,104105041
0;1,808966059;1,940433389;0,860052298;0,811343529;0,104315364
0;1,83720193;1,936751784;0,8629961;0,812642293;0,104525194
0;1,858518852;1,935538179;0,865698374;0,813058026;0,104736426
0;1,880894538;1,935651823;0,868669933;0,813253968;0,104946826
0;1,909542477;1,916335799;0,878978607;0,814075629;0,105148727
0;1,932309421;1,907887006;0,884592445;0,815736839;0,105401376
0;1,956515254;1,905080276;0,889197384;0,814128847;0,105442919
0;1,980636537;1,902759287;0,892527331;0,814613968;0,105571059
0;2,006635844;1,900938091;0,894979585;0,817753323;0,106016045
0;2,033665385;1,889122844;0,903713776;0,818059066;0,106211521
0;2,057429655;1,887512207;0,90730984;0,818761129;0,10641418
0;2,092116881;1,885628382;0,91005858;0,819757934;0,106630736
0;2,12363635;1,885682368;0,913182756;0,820149072;0,106837918
0;2,146026938;1,885782245;0,916003082;0,821462666;0,107050395
0;2,178796694;1,884864936;0,920079749;0,821894441;0,10725839
0;2,205597135;1,883639323;0,924137438;0,822377327;0,107467534
0;2,240298733;1,884810556;0,927737281;0,823481145;0,107701856
0;2,271726148;1,882365463;0,930694567;0,823771517;0,107746025
0;2,30378874;1,881284279;0,935591727;0,822947154;0,107789908
0;2,337238586;1,889083339;0,93740893;0,824676222;0,108140435
0;2,363268869;1,887056198;0,942249456;0,826933126;0,108510528
0;2,405860265;1,886788813;0,948266728;0,825564857;0,108481738
0;2,428599879;1,888223383;0,95260299;0,827662222;0,108904654
0;2,471729558;1,890227566;0,957381103;0,82754747;0,108993884
0;2,500999398;1,891764155;0,962485189;0,828407811;0,109204509
0;2,534601765;1,891269326;0,968166608;0,829712756;0,109534422
0;2,578449443;1,896868559;0,970901956;0,829431365;0,10953479
0;2,605968275;1,898976414;0,976213303;0,831673501;0,1099878
0;2,654282077;1,885732327;0,98983775;0,830578846;0,10999308
0;2,682366356;1,88893817;0,994385145;0,832483343;0,110315177
0;2,718014871;1,892202675;0,999630371;0,833202823;0,110533979
0;2,755333418;1,896433653;1,006048139;0,832018807;0,11061749
0;2,793892791;1,89916971;1,010521092;0,835171889;0,111041904
0;2,839018495;1,903750762;1,016750435;0,833402588;0,111009892
0;2,868955402;1,908334263;1,022019812;0,836104951;0,111419919
0;2,90145609;1,91242346;1,027403649;0,836488378;0,111528857
0;2,934203904;1,915212191;1,035363307;0,836239609;0,111712411
0;2,968997772;1,90752291;1,047556017;0,83840606;0,112080572
0;3,00369951;1,910764016;1,054346834;0,837428908;0,112042884
0;3,058507511;1,912612797;1,061951715;0,838163418;0,112256802
0;3,078538108;1,915727103;1,069463381;0,838679654;0,112480503
0;3,134414454;1,92056872;1,076549417;0,840113865;0,112682093
0;3,176343358;1,916959704;1,088048951;0,840456904;0,112897929
0;3,214918403;1,908485871;1,104587116;0,840756698;0,113101688
0;3,261638552;1,908371838;1,114389983;0,841169217;0,113318631
0;3,304413099;1,910583283;1,123804205;0,842573317;0,113545777
0;3,349822914;1,912862392;1,134340414;0,841237025;0,113525723
0;3,395875823;1,919048453;1,142443785;0,842529833;0,113799081
0;3,436903212;1,918900281;1,154315079;0,844851393;0,114218908
0;3,477059849;1,920277162;1,165917993;0,844291381;0,114303597
0;3,505519189;1,920797877;1,176533585;0,844204763;0,1143277
0;3,561469931;1,919501955;1,190630544;0,846301546;0,114772863
0;3,619928007;1,916285321;1,205853912;0,845628131;0,114834705
0;3,675808393;1,916864117;1,220049004;0,845725703;0,114922812
0;3,73863122;1,917269385;1,232670533;0,847449615;0,115177173
0;3,797200638;1,916373141;1,249260764;0,847703147;0,115371935
0;3,841717765;1,915523799;1,264939337;0,848131425;0,115587887
0;3,916982959;1,896669301;1,291993378;0,849412353;0,115813311
0;3,959855483;1,896045458;1,307039952;0,849260428;0,115835021
0;3,996619978;1,895543718;1,32512588;0,848621236;0,11590666
0;4,084127863;1,899819568;1,338674695;0,850226471;0,116285361
0;4,164997788;1,900000209;1,356115776;0,852473231;0,116617666
0;4,182986525;1,898362862;1,37525265;0,851180997;0,116593596
0;4,240503067;1,899978137;1,392927369;0,852294001;0,116814304
0;4,333382494;1,901090224;1,411603181;0,851950022;0,11684571
0;4,367967388;1,899179524;1,431836398;0,851837506;0,116939647
0;4,458524353;1,892247148;1,457791908;0,853265558;0,117210089
0;4,462559089;1,887160676;1,483620489;0,853507652;0,117358856
0;4,594503102;1,882284317;1,507848265;0,852741407;0,117351191
0;4,597847226;1,882384791;1,531587659;0,853856977;0,117546775
0;4,707571833;1,878203761;1,559132942;0,854601927;0,117812853
0;4,75830587;1,86940697;1,590412395;0,854031747;0,117824353
0;4,820222891;1,871602462;1,615673296;0,854553203;0,118004268
0;4,929823859;1,870822847;1,640472517;0,857031229;0,11840191
0;4,965902491;1,870589417;1,669277688;0,855565447;0,11836323
0;5,003325866;1,870862315;1,696081643;0,855009093;0,118356358
0;5,13423421;1,872955324;1,722953816;0,854148779;0,118371025
0;5,175238764;1,873964848;1,753125549;0,852790125;0,118341908
0;5,221931808;1,873758079;1,783779513;0,853051528;0,118422189
0;5,363492987;1,873860507;1,814308214;0,85430984;0,118657769
0;5,41933771;1,874989592;1,84626513;0,854701441;0,118864164
0;5,459212354;1,849906318;1,907665633;0,855097718;0,119069225
0;5,459414496;1,856483455;1,934028105;0,85611754;0,119305894
0;5,534385681;1,847441378;1,983052665;0,855950207;0,119395614
0;5,61344558;1,851490666;2,017189783;0,854576538;0,119366154
0;5,586114317;1,858646884;2,050136564;0,854415904;0,119379111
0;5,665849132;1,863284394;2,086220967;0,853253543;0,119376681
0;5,757073166;1,870222843;2,122617177;0,851999044;0,119329481
0;5,707035405;1,883216832;2,151969618;0,854190351;0,119712142
0;5,78442915;1,892542009;2,189204342;0,854539738;0,119914696
0;5,78789502;1,897499263;2,232443495;0,853418935;0,119917364
0;5,76834479;1,906308065;2,271428157;0,854981661;0,120176218
0;5,872649695;1,914843915;2,313714211;0,855275;0,120380886
0;5,820974999;1,921209915;2,359692304;0,854257665;0,12039784
0;5,889517052;1,924373477;2,413662985;0,853775731;0,120362506
0;5,916468113;1,913781256;2,488290016;0,85368516;0,120475035
0;5,88102514;1,923844025;2,538475095;0,854262535;0,120732125
0;6,005468065;1,939573606;2,583763581;0,854871624;0,120898268
0;5,836807989;1,954509421;2,631095552;0,854383477;0,12088763
0;6,050888542;1,965540726;2,690604812;0,853931018;0,121077441
0;5,846589656;1,968516078;2,758859671;0,855264133;0,121306814
0;6,059014417;1,982915096;2,811048676;0,856247567;0,121502876
0;5,865420841;2,005290443;2,864886083;0,855949244;0,121733221
0;6,018870517;2,031033465;2,908505354;0,85699669;0,1219137
0;5,820790657;2,048090199;2,978555028;0,855858946;0,121904328
0;6,088845213;2,069026956;3,039161357;0,854884164;0,12191312
0;5,885773967;2,085429986;3,104108983;0,854087818;0,121851123
0;5,717829217;2,062827753;3,243281519;0,854805095;0,122113157
0;5,886105912;2,091274874;3,308625815;0,856129499;0,122467366
0;5,649639737;2,129179173;3,36249047;0,855370408;0,122392617
0;5,940003935;2,150703863;3,441404957;0,854183339;0,122387242
0;5,69916501;2,190218633;3,510546019;0,856041672;0,122812699
0;5,574271042;2,215702628;3,587717145;0,85668815;0,122959836
0;5,699316872;2,258596145;3,66269944;0,855202331;0,122895147
0;5,495505205;2,296749825;3,734971542;0,854416125;0,122931302
0;5,689385193;2,334419041;3,820818383;0,853498107;0,122899826
0;5,483730107;2,361059178;3,952466228;0,851229136;0,122679865
0;5,231863367;2,844967806;3,426469019;0,849720718;0,122623932
0;5,54884129;2,927912787;3,470639004;0,850821654;0,122819053
0;5,369497931;3,012537577;3,465955361;0,850529361;0,122938899
0;5,350025414;2,929313777;3,568911918;0,849272469;0,122911732
0;0;0;0;0,848802976;0,12291279
0;0;0;0;0,847568353;0,122905291
0;0;0;0;0,847997402;0,12309092
0;0;0;0;0,848546361;0,123315001
0;0;0;0;0,848991365;0,123527209
0;0;0;0;0,84954139;0,123719447
0;0;0;0;0,851209833;0,123955628
0;0;0;0;0,853123093;0,124391446
0;0;0;0;0,853508725;0,124600491
0;0;0;0;0,85554753;0,124986773
0;0;0;0;0,857401834;0,12525506
0;0;0;0;0,860171007;0,125637893
0;0;0;0;0,86437841;0,12649261
0;0;0;0;0,865879355;0,126689776
0;0;0;0;0,868111167;0,127019765
0;0;0;0;0,872442131;0,127648197
0;0;0;0;0,875336109;0,128176617
0;0;0;0;0,877589698;0,128610599
0;0;0;0;0,88223209;0,129276911
0;0;0;0;0,885860861;0,129936266
0;0;0;0;0,886187863;0,130153174
0;0;0;0;0,889173046;0,130629201
0;0;0;0;0,892246631;0,13123627
0;0;0;0;0,892999001;0,131598181
0;0;0;0;0,894870907;0,132042232
0;0;0;0;0,897947267;0,132679944
0;0;0;0;0,900937615;0,133172867
0;0;0;0;0,900647264;0,133411616
0;0;0;0;0,901536639;0,133689589
0;0;0;0;0,90324182;0,134152895
0;0;0;0;0,905254176;0,134557085
0;0;0;0;0,906419212;0,134770419
0;0;0;0;0,905877845;0,134971181
0;0;0;0;0,906949073;0,135189287
0;0;0;0;0,907165824;0,135388601
0;0;0;0;0,907539977;0,135618896
0;0;0;0;0,908521717;0,135813849
0;0;0;0;0,907917309;0,135781269
0;0;0;0;0,90897706;0,136170953
0;0;0;0;0,909554589;0,136350963
0;0;0;0;0,909448424;0,136368557
0;0;0;0;0,909194114;0,136622236
0;0;0;0;0,910693702;0,136825366
0;0;0;0;0,911156566;0,137034343
0;0;0;0;0,911530919;0,137249109
0;0;0;0;0,911895237;0,13744693
0;0;0;0;0,913075408;0,137691028
0;0;0;0;0,912258144;0,137834142
0;0;0;0;0,912417971;0,137833871
0;0;0;0;0,913994879;0,138277791
0;0;0;0;0,912900522;0,138333039
0;0;0;0;0,913364234;0,138552669
0;0;0;0;0,914229473;0,138964704
0;0;0;0;0,91456202;0,139132221
0;0;0;0;0,914634207;0,139348776
0;0;0;0;0,914285569;0,139560388
0;0;0;0;0,915123768;0,1397692
0;0;0;0;0,914766065;0,139980261
0;0;0;0;0,915082658;0,140190175
0;0;0;0;0,915466576;0,140400844
0;0;0;0;0,915282048;0,140611085
0;0;0;0;0,915339811;0,140819138
0;0;0;0;0,915327079;0,141041503
0;0;0;0;0,915718124;0,141208973
0;0;0;0;0,916280648;0,141540659
0;0;0;0;0,918037616;0,141898967
0;0;0;0;0,916111736;0,141874004
0;0;0;0;0,918007845;0,142300135
0;0;0;0;0,917658574;0,142411379
0;0;0;0;0,916889235;0,142467711
0;0;0;0;0,916727758;0,142723363
0;0;0;0;0,9176902;0,142923053
0;0;0;0;0,917940706;0,143134644
0;0;0;0;0,917803465;0,143343033
0;0;0;0;0,918574674;0,143565129
0;0;0;0;0,918117966;0,143733682
0;0;0;0;0,919674299;0,144057298
0;0;0;0;0,920902742;0,144426171
0;0;0;0;0,919692579;0,144398332
0;0;0;0;0,921345626;0,144826607
0;0;0;0;0,920572576;0,144905694
0;0;0;0;0,921137766;0,14512789
0;0;0;0;0,921378862;0,145448445
0;0;0;0;0,920511162;0,145453065
0;0;0;0;0,921884365;0,145904226
0;0;0;0;0,921436507;0,145933787
0;0;0;0;0,920791461;0,146070835
0;0;0;0;0,921152571;0,146212385
0;0;0;0;0,920257656;0,146178952
0;0;0;0;0,920318225;0,146179607
0;0;0;0;0,920201572;0,146171271
0;0;0;0;0,922360536;0,146382446
0;0;0;0;0,922571575;0,146449108
0;0;0;0;0,924112732;0,146456675
0;0;0;0;0,924831277;0,146371294
0;0;0;0;0,923958339;0,14618616
0;0;0;0;0,926550258;0,146415821
0;0;0;0;0,927325923;0,146436581
0;0;0;0;0,928746029;0,146543869
0;0;0;0;0,930559772;0,146826776
0;0;0;0;0,93042404;0,146932919
0;0;0;0;0,930765782;0,146962529
0;0;0;0;0,932823227;0,147408704
0;0;0;0;0,932673813;0,147561763
0;0;0;0;0,936732735;0,148353561
0;0;0;0;0,9425322;0,149364505
0;0;0;0;0,943415026;0,149800099
0;0;0;0;0,94733402;0,150581237
0;0;0;0;0,958699168;0,15255918
0;0;0;0;0,961460848;0,153170949
0;0;0;0;0,964773059;0,153871361
0;0;0;0;0,975368429;0,155735899
0;0;0;0;0,98396996;0,15728428
0;0;0;0;0,988364445;0,158156334
0;0;0;0;1,002582689;0,160727768
0;0;0;0;1,013232054;0,162494042
0;0;0;0;1,019035402;0,163612913
0;0;0;0;1,031426621;0,165874131
0;0;0;0;1,046021397;0,168327648
0;0;0;0;1,050009752;0,169237674
0;0;0;0;1,060568716;0,171048387
0;0;0;0;1,075393353;0,173770479
0;0;0;0;1,082213969;0,175054687
0;0;0;0;1,088923026;0,176314385
0;0;0;0;1,100006121;0,178426889
0;0;0;0;1,104278151;0,179328832
0;0;0;0;1,108300979;0,180098973
0;0;0;0;1,117307174;0,181736655
0;0;0;0;1,12285422;0,182985143
0;0;0;0;1,125779177;0,183637214
0;0;0;0;1,13024066;0,184644788
0;0;0;0;1,137139965;0,185900172
0;0;0;0;1,138031853;0,18635062
0;0;0;0;1,139391089;0,186685239
0;0;0;0;1,141861603;0,187315884
0;0;0;0;1,142907564;0,187778071
0;0;0;0;1,142935188;0,187971732
0;0;0;0;1,144171547;0,18841838
0;0;0;0;1,146396398;0,188855745
0;0;0;0;1,145815856;0,189114928
0;0;0;0;1,14563862;0,18926392
0;0;0;0;1,146001384;0,189612185
0;0;0;0;1,147305481;0,18995488
0;0;0;0;1,14546286;0,189934015
0;0;0;0;1,146434644;0,190351905
0;0;0;0;1,146782979;0,19061302
0;0;0;0;1,147455103;0,19090347
0;0;0;0;1,149127842;0,191384623
0;0;0;0;1,149937733;0,191751951
0;0;0;0;1,149806322;0,191952761
0;0;0;0;1,151864417;0,192343891
0;0;0;0;1,153661051;0,192867705
0;0;0;0;1,152224255;0,192909984
0;0;0;0;1,1534718;0,1932444
0;0;0;0;1,157061808;0,194041661
0;0;0;0;1,154609173;0,193981343
0;0;0;0;1,156472139;0,194358325
0;0;0;0;1,157927402;0,194821643
0;0;0;0;1,159079853;0,195224391
0;0;0;0;1,16035255;0,195647015
0;0;0;0;1,161676018;0,196073816
0;0;0;0;1,163270797;0,196494783
0;0;0;0;1,163098158;0,196725215
0;0;0;0;1,162757537;0,196895855
0;0;0;0;1,164345688;0,19722663
0;0;0;0;1,164774411;0,197671762
0;0;0;0;1,167014362;0,198086555
0;0;0;0;1,167568811;0,198507822
0;0;0;0;1,16952197;0,198928674
0;0;0;0;1,170784247;0,199349391
0;0;0;0;1,171302808;0,199768939
0;0;0;0;1,172450266;0,20019255
0;0;0;0;1,174229808;0,200608314
0;0;0;0;1,174768121;0,201026687
0;0;0;0;1,175870383;0,201499878
0;0;0;0;1,175468368;0,201561708
0;0;0;0;1,17489817;0,201733836
0;0;0;0;1,176078219;0,202221732
0;0;0;0;1,177568861;0,202627142
0;0;0;0;1,17848571;0,203049046
0;0;0;0;1,178944261;0,203470659
0;0;0;0;1,180777362;0,203890716
0;0;0;0;1,181205333;0,204311064
0;0;0;0;1,182151473;0,204733005
0;0;0;0;1,183631614;0,205151599
0;0;0;0;1,183539267;0,205570087
0;0;0;0;1,185440904;0,206018806
0;0;0;0;1,184717076;0,206264668
0;0;0;0;1,185250045;0,206556729
0;0;0;0;1,18639481;0,207005652
0;0;0;0;1,186981647;0,207426325
0;0;0;0;1,188415006;0,20785749
0;0;0;0;1,187417572;0,208065863
0;0;0;0;1,188463971;0,208428788
0;0;0;0;1,188598367;0,208786179
0;0;0;0;1,188260175;0,208945656
0;0;0;0;1,187810589;0,209182868
0;0;0;0;1,18867305;0,209608428
0;0;0;0;1,190715554;0,21001129
0;0;0;0;1,191716613;0,210575356
0;0;0;0;1,193483758;0,211200487
0;0;0;0;1,194134354;0,211430761
0;0;0;0;1,19221425;0,211456069
0;0;0;0;1,194651652;0,212113667
0;0;0;0;1,194324992;0,212391224
0;0;0;0;1,194492579;0,21267811
0;0;0;0;1,196376084;0,213179022
0;0;0;0;1,196506051;0,213503179
0;0;0;0;1,196369077;0,213732395
0;0;0;0;1,198912935;0,214384373
0;0;0;0;1,198491898;0,214684761
0;0;0;0;1,1984759;0,214825461
0;0;0;0;1,1986421;0,215134636
0;0;0;0;1,199357216;0,21559874
0;0;0;0;1,201069604;0,215993881
0;0;0;0;1,200827944;0,216169073
0;0;0;0;1,202246579;0,216807629
0;0;0;0;1,202455503;0,217028469
0;0;0;0;1,201079985;0,217110126
0;0;0;0;1,203262473;0,217618612
0;0;0;0;1,203830049;0,218016094
0;0;0;0;1,204285352;0,218232492
0;0;0;0;1,204055453;0,218414736
0;0;0;0;1,204680852;0,218742306
0;0;0;0;1,206858306;0,219238649
0;0;0;0;1,206660894;0,219543109
0;0;0;0;1,205388897;0,219528589
0;0;0;0;1,207190978;0,219937546
0;0;0;0;1,207613844;0,220367554
0;0;0;0;1,210025563;0,220839042
0;0;0;0;1,209132727;0,221061981
0;0;0;0;1,208588731;0,221084429
0;0;0;0;1,209426874;0,221548158
0;0;0;0;1,210752408;0,222014317
0;0;0;0;1,209671582;0,222039124
0;0;0;0;1,209443199;0,222258509
0;0;0;0;1,211121434;0,222728805
0;0;0;0;1,212245248;0,223161344
0;0;0;0;1,214294152;0,223571484
0;0;0;0;1,214827663;0,223537235
0;0;0;0;1,218076686;0,224027085
0;0;0;0;1,222442808;0,224638979
0;0;0;0;1,225371254;0,224917163
0;0;0;0;1,229047491;0,225142727
0;0;0;0;1,232485638;0,225580728
0;0;0;0;1,238918771;0,226199947
0;0;0;0;1,244881581;0,226860271
0;0;0;0;1,250127666;0,227386062
0;0;0;0;1,254496881;0,22773171
0;0;0;0;1,259257396;0,228250322
0;0;0;0;1,267286225;0,229111377
0;0;0;0;1,2719076;0,229509111
0;0;0;0;1,280106196;0,230381392
0;0;0;0;1,289135828;0,231476267
0;0;0;0;1,295357154;0,232037527
0;0;0;0;1,301025817;0,232570603
0;0;0;0;1,310006737;0,233880857
0;0;0;0;1,316272907;0,234591043
0;0;0;0;1,319232919;0,235088589
0;0;0;0;1,324836309;0,236057245
0;0;0;0;1,327347168;0,236914935
0;0;0;0;1,326309636;0,237307339
0;0;0;0;1,325903473;0,238174778
0;0;0;0;1,325774438;0,239079919
0;0;0;0;1,322664148;0,239551364
0;0;0;0;1,319400646;0,240140132
0;0;0;0;1,320335833;0,241082564
0;0;0;0;1,319293748;0,24185165
0;0;0;0;1,317155786;0,242255433
0;0;0;0;1,317788753;0,242823374
0;0;0;0;1,321035311;0,24369045
0;0;0;0;1,324494625;0,244298822
0;0;0;0;1,328919187;0,244741925
0;0;0;0;1,335088432;0,245383553
0;0;0;0;1,33902446;0,245794397
0;0;0;0;1,344424283;0,246209381
0;0;0;0;1,349651875;0,246623916
0;0;0;0;1,352488741;0,247081199
0;0;0;0;1,355717596;0,247402979
0;0;0;0;1,355702935;0,247646765
0;0;0;0;1,356854821;0,248302271
0;0;0;0;1,3558395;0,248582338
0;0;0;0;1,351258553;0,248717702
0;0;0;0;1,348739866;0,249070123
0;0;0;0;1,346141817;0,249453612
0;0;0;0;1,341276539;0,249638745
0;0;0;0;1,336581363;0,249850885
0;0;0;0;1,333290511;0,250057345
0;0;0;0;1,329324903;0,250292812
0;0;0;0;1,325785079;0,250403765
0;0;0;0;1,322728227;0,250377767
0;0;0;0;1,319873224;0,250382478
0;0;0;0;1,317939145;0,250380838
0;0;0;0;1,315854301;0,250394153
0;0;0;0;1,314236354;0,250292925
0;0;0;0;1,309897172;0,249919269
0;0;0;0;1,30634292;0,24958074
0;0;0;0;1,305134607;0,249629194
0;0;0;0;1,303444273;0,249642738
0;0;0;0;1,30057043;0,249428819
0;0;0;0;1,296462465;0,249366577
0;0;0;0;1,294712246;0,24930983
0;0;0;0;1,28998899;0,249049209
0;0;0;0;1,286134691;0,248861888
0;0;0;0;1,283445555;0,24886979
0;0;0;0;1,279701442;0,248723863
0;0;0;0;1,274836118;0,248396545
0;0;0;0;1,272517182;0,248515387
0;0;0;0;1,272132498;0,248904681
0;0;0;0;1,268831242;0,248865702
0;0;0;0;1,267507727;0,249067628
0;0;0;0;1,266484761;0,249322366
0;0;0;0;1,264986477;0,249376775
0;0;0;0;1,262378169;0,249407178
0;0;0;0;1,262716991;0,249726605
0;0;0;0;1,262976648;0,250132173
0;0;0;0;1,260478859;0,250103777
0;0;0;0;1,260326945;0,250491822
0;0;0;0;1,259351846;0,250643059
0;0;0;0;1,258549308;0,25076357
0;0;0;0;1,258436566;0,251214776
0;0;0;0;1,258514001;0,251394755
0;0;0;0;1,25799818;0,251583116
0;0;0;0;1,258566485;0,251993896
0;0;0;0;1,258538588;0,252302681
0;0;0;0;1,258904591;0,25248555
0;0;0;0;1,258144601;0,25269559
0;0;0;0;1,25748175;0,25290948
0;0;0;0;1,258390761;0,25331135
0;0;0;0;1,259715225;0,253806803
0;0;0;0;1,25899324;0,253926843
0;0;0;0;1,257818786;0,254021214
0;0;0;0;1,25925362;0,254534063
0;0;0;0;1,26011941;0,254932843
0;0;0;0;1,258882783;0,254889018
0;0;0;0;1,259594185;0,255422453
0;0;0;0;1,261048538;0,255850422
0;0;0;0;1,259930778;0,256077897
0;0;0;0;1,26126091;0,256510453
0;0;0;0;1,260118435;0,256700913
0;0;0;0;1,260033439;0,256882154
0;0;0;0;1,259924661;0,257295007
0;0;0;0;1,260340616;0,257582167
0;0;0;0;1,259726301;0,257856716
0;0;0;0;1,260738558;0,258268453
0;0;0;0;1,259359764;0,258463681
0;0;0;0;1,260701723;0,258860891
0;0;0;0;1,260648522;0,259323699
0;0;0;0;1,260847045;0,259626168
0;0;0;0;1,259481814;0,259796861
0;0;0;0;1,260030505;0,260040656
0;0;0;0;1,260422921;0,260470729
0;0;0;0;1,260739403;0,260921411
0;0;0;0;1,260773127;0,261148584
0;0;0;0;1,260609378;0,261474444
0;0;0;0;1,261235959;0,26186346
0;0;0;0;1,260524425;0,262036129
0;0;0;0;1,260108632;0,262247587
0;0;0;0;1,260170235;0,262642961
0;0;0;0;1,261373136;0,263120614
0;0;0;0;1,261327839;0,263365029
0;0;0;0;1,261333963;0,263713538
0;0;0;0;1,263474358;0,264346068
0;0;0;0;1,262647243;0,264537422
0;0;0;0;1,262359718;0,264705144
0;0;0;0;1,263193804;0,265113735
0;0;0;0;1,262750379;0,26541313
0;0;0;0;1,263484442;0,265675791
0;0;0;0;1,26313489;0,266093508
0;0;0;0;1,263357399;0,26628781
0;0;0;0;1,26387323;0,266705879
0;0;0;0;1,262850208;0,266971321
0;0;0;0;1,26287656;0,267256073
0;0;0;0;1,263363397;0,267709153
0;0;0;0;1,263373374;0,268127229
0;0;0;0;1,263202924;0,268554667
0;0;0;0;1,262965745;0,268796057
0;0;0;0;1,262301101;0,268962998
0;0;0;0;1,261203787;0,26928328
0;0;0;0;1,261650093;0,269724801
0;0;0;0;1,261961931;0,270145063
0;0;0;0;1,261394414;0,270573525
0;0;0;0;1,261078555;0,270816973
0;0;0;0;1,260407302;0,270984312
0;0;0;0;1,259592241;0,271299166
0;0;0;0;1,259784696;0,271746809
0;0;0;0;1,259651563;0,272159308
0;0;0;0;1,25967567;0,272573648
0;0;0;0;1,260281708;0,273053727
0;0;0;0;1,258479037;0,273140817
0;0;0;0;1,258475282;0,273279826
0;0;0;0;1,258635579;0,273777714
0;0;0;0;1,259186884;0,274173171
0;0;0;0;1,258731173;0,274391604
0;0;0;0;1,258085315;0,274524991
0;0;0;0;1,259210147;0,275107944
0;0;0;0;1,259667948;0,275465912
0;0;0;0;1,258144607;0,275468965
0;0;0;0;1,258573616;0,275948984
0;0;0;0;1,260147692;0,276386891
0;0;0;0;1,259324819;0,276590703
0;0;0;0;1,25929452;0,276957633
0;0;0;0;1,26028536;0,277289969
0;0;0;0;1,259186999;0,277528456
0;0;0;0;1,260531793;0,277958997
0;0;0;0;1,259392263;0,278161028
0;0;0;0;1,260226727;0,278526583
0;0;0;0;1,261129032;0,278997024
0;0;0;0;1,261019088;0,279326149
0;0;0;0;1,260719524;0,279501796
0;0;0;0;1,260068938;0,279725309
0;0;0;0;1,260918623;0,28014077
0;0;0;0;1,261158832;0,28057613
0;0;0;0;1,261950918;0,280971349
0;0;0;0;1,262357006;0,281453215
0;0;0;0;1,262432321;0,281749244
0;0;0;0;1,260902121;0,281744465
0;0;0;0;1,262167521;0,28238698
0;0;0;0;1,262457875;0,282692999
0;0;0;0;1,262144235;0,282966319
0;0;0;0;1,262371581;0,283448991
0;0;0;0;1,262683024;0,28382495
0;0;0;0;1,261882074;0,284018497
0;0;0;0;1,260351779;0,284184694
0;0;0;0;1,261746375;0,284788241
0;0;0;0;1,261432959;0,285189442
0;0;0;0;1,260368143;0,285400522
0;0;0;0;1,260527446;0,285887739
0;0;0;0;1,260349112;0,286292472
0;0;0;0;1,258402946;0,28627642
0;0;0;0;1,257752866;0,286587339
0;0;0;0;1,258166771;0,287043275
0;0;0;0;1,258782547;0,287492327
0;0;0;0;1,257645632;0,287830965
0;0;0;0;1,256405801;0,287809011
0;0;0;0;1,255723237;0,288185906
0;0;0;0;1,255760522;0,288707022
0;0;0;0;1,255001633;0,288817312
0;0;0;0;1,253511916;0,288941119
0;0;0;0;1,253381003;0,289377812
0;0;0;0;1,253004021;0,289569703
0;0;0;0;1,253259742;0,289992941
0;0;0;0;1,253359894;0,290251905
0;0;0;0;1,252455577;0,290530847
0;0;0;0;1,254203214;0,291031996
0;0;0;0;1,253475948;0,291367303
0;0;0;0;1,25286727;0,291345547
0;0;0;0;1,25311088;0,291729135
0;0;0;0;1,253941483;0,292166178
0;0;0;0;1,255689583;0,292633548
0;0;0;0;1,255049484;0,292888819
0;0;0;0;1,254863429;0,292897553
0;0;0;0;1,255157177;0,293341
0;0;0;0;1,256042996;0,293769115
0;0;0;0;1,257496568;0,294203881
0;0;0;0;1,258045466;0,294527338
0;0;0;0;1,257193118;0,294688037
0;0;0;0;1,257506667;0,29493889
0;0;0;0;1,258743978;0,295371905
0;0;0;0;1,258631854;0,295586137
0;0;0;0;1,259838665;0,295930872
0;0;0;0;1,261056907;0,29637634
0;0;0;0;1,262871282;0,296802111
0;0;0;0;1,26398132;0,297203042
0;0;0;0;1,264878352;0,297408427
0;0;0;0;1,265798761;0,297592644
0;0;0;0;1,265813554;0,297947134
0;0;0;0;1,267936752;0,298417523
0;0;0;0;1,26912827;0,298759752
0;0;0;0;1,269673643;0,298966752
0;0;0;0;1,269736881;0,299387623
0;0;0;0;1,271653932;0,299882976
0;0;0;0;1,270421486;0,299910967
0;0;0;0;1,270581393;0,300220702
0;0;0;0;1,272803174;0,300816457
0;0;0;0;1,271755378;0,300983762
0;0;0;0;1,272735249;0,301408306
0;0;0;0;1,273105148;0,301860514
0;0;0;0;1,273384741;0,302148299
0;0;0;0;1,272426027;0,30228016
0;0;0;0;1,272795409;0,302635348
0;0;0;0;1,27376687;0,303269167
0;0;0;0;1,273702149;0,303470731
0;0;0;0;1,273145511;0,303795096
0;0;0;0;1,2741586;0,304484632
0;0;0;0;1,274542631;0,304778888
0;0;0;0;1,273124443;0,304846869
0;0;0;0;1,27524318;0,305557378
0;0;0;0;1,276056601;0,306204419
0;0;0;0;1,276994047;0,306606037
0;0;0;0;1,27795631;0,307225827
0;0;0;0;1,278834841;0,307634546
0;0;0;0;1,278410528;0,307936857
0;0;0;0;1,281287543;0,308840081
0;0;0;0;1,282827623;0,309503544
0;0;0;0;1,282403155;0,309726863
0;0;0;0;1,283287107;0,310134861
0;0;0;0;1,285118061;0,310971816
0;0;0;0;1,287856191;0,311698436
0;0;0;0;1,287818392;0,312109539
0;0;0;0;1,290489225;0,312967811
0;0;0;0;1,291942316;0,313495024
0;0;0;0;1,292170624;0,313829804
0;0;0;0;1,293531103;0,314382561
0;0;0;0;1,294309383;0,314976735
0;0;0;0;1,295714228;0,315387495
0;0;0;0;1,297263967;0,31602017
0;0;0;0;1,298185673;0,316532463
0;0;0;0;1,298351827;0,316743644
0;0;0;0;1,298931153;0,317112668
0;0;0;0;1,30072495;0,317784347
0;0;0;0;1,301324179;0,31816269
0;0;0;0;1,300339311;0,318144125
0;0;0;0;1,300043143;0,318454874
0;0;0;0;1,301058034;0,318961013
0;0;0;0;1,301954743;0,319250447
0;0;0;0;1,301298625;0,319505902
0;0;0;0;1,302858307;0,319930726
0;0;0;0;1,301343332;0,319914002
0;0;0;0;1,302245696;0,320243623
0;0;0;0;1,303084566;0,320602325
0;0;0;0;1,303627431;0,320745905
0;0;0;0;1,303646738;0,321011028
0;0;0;0;1,305192241;0,321441076
0;0;0;0;1,305123552;0,321684412
0;0;0;0;1,30517198;0,321701986
0;0;0;0;1,305403754;0,321766017
0;0;0;0;1,306273978;0,322130936
0;0;0;0;1,307089864;0,32247899
0;0;0;0;1,306578654;0,322456023
0;0;0;0;1,307949828;0,322862438
0;0;0;0;1,308671605;0,323154461
0;0;0;0;1,307972409;0,323328574
0;0;0;0;1,308468658;0,323550817
0;0;0;0;1,309059142;0,323758205
0;0;0;0;1,308897844;0,323968877
0;0;0;0;1,308976579;0,32417935
0;0;0;0;1,309914779;0,324389361
0;0;0;0;1,310130994;0,324600363
0;0;0;0;1,31034686;0,324808972
0;0;0;0;1,31125341;0,325022139
0;0;0;0;1,312127728;0,325232999
0;0;0;0;1,313486738;0,32541631
0;0;0;0;1,315157742;0,325817833
0;0;0;0;1,316903323;0,326118316
0;0;0;0;1,317899531;0,326378172
0;0;0;0;1,32013754;0,326804069
0;0;0;0;1,321717188;0,327003426
0;0;0;0;1,322462682;0,32718819
0;0;0;0;1,323519825;0,327548108
0;0;0;0;1,325145659;0,328019421
0;0;0;0;1,325323978;0,328352851
0;0;0;0;1,324851716;0,328567014
0;0;0;0;1,325875078;0,328996579
0;0;0;0;1,326408171;0,329426575
0;0;0;0;1,327033751;0,329830955
0;0;0;0;1,327755723;0,330290683
0;0;0;0;1,328202032;0,330615112
0;0;0;0;1,328450004;0,330852884
0;0;0;0;1,331141894;0,331500565
0;0;0;0;1,333422813;0,331992921
0;0;0;0;1,334493132;0,332182747
0;0;0;0;1,337421721;0,332601983
0;0;0;0;1,341367435;0,33324978
0;0;0;0;1,344075691;0,333610469
0;0;0;0;1,346797073;0,333810465
0;0;0;0;1,349864501;0,334206004
0;0;0;0;1,352957491;0,334627261
0;0;0;0;1,356835884;0,335098093
0;0;0;0;1,359824356;0,335378537
0;0;0;0;1,361808688;0,33537434
0;0;0;0;1,364846931;0,335802906
0;0;0;0;1,36796967;0,336236663
0;0;0;0;1,371723477;0,336669164
0;0;0;0;1,37506979;0,337006319
0;0;0;0;1,376981826;0,337165945
0;0;0;0;1,380792334;0,337409263
0;0;0;0;1,385490296;0,337856315
0;0;0;0;1,389698061;0,337878511
0;0;0;0;1,395363317;0,338109557
0;0;0;0;1,403322208;0,338623485
0;0;0;0;1,411162476;0,338957304
0;0;0;0;1,420428741;0,339170769
0;0;0;0;1,432179562;0,339603546
0;0;0;0;1,443058871;0,339846891
0;0;0;0;1,453897791;0,340072487
0;0;0;0;1,46823679;0,340160961
0;0;0;0;1,481377945;0,340220947
0;0;0;0;1,500333233;0,340692234
0;0;0;0;1,52617729;0,341147745
0;0;0;0;1,552399587;0,341146798
0;0;0;0;1,57761358;0,341443893
0;0;0;0;1,614114943;0,341718242
0;0;0;0;1,656837046;0,3417157
0;0;0;0;1,695470698;0,341938003
0;0;0;0;1,740733809;0,341907919
0;0;0;0;1,800503428;0,342296403
0;0;0;0;1,854007284;0,342474439
0;0;0;0;1,899369888;0,342491256
0;0;0;0;1,972126329;0,342750653
0;0;0;0;2,070918666;0,342949539
0;0;0;0;2,136989159;0,343133831
0;0;0;0;2,230570473;0,343584787
0;0;0;0;2,343929166;0,343697475
0;0;0;0;2,463193276;0,343858459
0;0;0;0;2,572122765;0,34423874
0;0;0;0;2,724440182;0,344212174
0;0;0;0;2,897802148;0,344627391
0;0;0;0;3,032802856;0,344918126
0;0;0;0;3,195172839;0,345061263
0;0;0;0;3,374702905;0,34538403
0;0;0;0;3,525355583;0,345787285
0;0;0;0;3,696901053;0,34598019
0;0;0;0;3,915389282;0,346191159
0;0;0;0;4,118465623;0,346384136
0;0;0;0;4,290830226;0,346698685
0;0;0;0;4,494962646;0,347192768
0;0;0;0;4,757587655;0,347516678
0;0;0;0;4,973075296;0,347496811
0;0;0;0;5,226490367;0,347878008
0;0;0;0;5,527295813;0,348393744
0;0;0;0;5,782630717;0,348514403
0;0;0;0;6,028361113;0,348604737
0;0;0;0;6,342704201;0,349108584
0;0;0;0;6,675531958;0,349517607
0;0;0;0;6,95041706;0,349503905
0;0;0;0;7,269111225;0,34980441
0;0;0;0;7,666754798;0,350270028
0;0;0;0;7,987526534;0,350695642
0;0;0;0;8,318893071;0,351080565
0;0;0;0;8,792632644;0,351279209
0;0;0;0;9,272541441;0,351681899
0;0;0;0;9,627175289;0,352113086
0;0;0;0;10,10608106;0,352548846
0;0;0;0;10,6180511;0,35290692
0;0;0;0;11,00649497;0,353085311
0;0;0;0;11,55924056;0,353296377
0;0;0;0;12,23565988;0,353702965
0;0;0;0;12,83792688;0,354127716
0;0;0;0;13,36495972;0,354572764
0;0;0;0;14,10008166;0,354913205
0;0;0;0;14,87425095;0,355124524
0;0;0;0;15,44816739;0,355554544
0;0;0;0;16,2771551;0,356009192
0;0;0;0;17,24858069;0,35623999
0;0;0;0;18,09060465;0,356557043
0;0;0;0;18,92516706;0,356959031
0;0;0;0;19,92272328;0,357120343
0;0;0;0;20,64722587;0,357318847
0;0;0;0;22,11527733;0,357983875
0;0;0;0;23,12585553;0,35814524
0;0;0;0;24,69595093;0,358259139
0;0;0;0;25,65166083;0,358797879
0;0;0;0;27,23761844;0,359143248
0;0;0;0;28,75150589;0,359119183
0;0;0;0;30,29392368;0,359501075
0;0;0;0;32,03732735;0,359824554
0;0;0;0;33,6870313;0,359959157
0;0;0;0;36,25525221;0,360272415
0;0;0;0;37,90506767;0,360667589
0;0;0;0;39,686053;0,360653278
0;0;0;0;42,55165012;0,36079447
0;0;0;0;45,70586767;0,361198977
0;0;0;0;47,94789795;0,361542959
0;0;0;0;50,40718885;0,361699764
0;0;0;0;54,06700264;0,361945552
0;0;0;0;57,10412772;0,362389283
0;0;0;0;60,51496543;0,36242632
0;0;0;0;64,37119508;0,362541918
0;0;0;0;68,94432871;0,362755013
0;0;0;0;71,99313966;0,363039679
0;0;0;0;77,80784996;0,363444506
0;0;0;0;84,38219356;0,363428368
0;0;0;0;89,48806922;0,363619893
0;0;0;0;94,58340641;0,363692772
0;0;0;0;104,636001;0,363752065
0;0;0;0;108,4242701;0,363998235
0;0;0;0;116,747805;0,364202019
0;0;0;0;124,0668626;0,364413701
0;0;0;0;132,1745515;0,364613666
0;0;0;0;141,1934156;0,364868972
0;0;0;0;149,5480015;0,364929941
0;0;0;0;163,4995185;0,365034253
0;0;0;0;167,7105809;0,365463187
0;0;0;0;185,2476881;0,365434883
0;0;0;0;196,3109904;0,365825035
0;0;0;0;210,4826353;0,365969853
0;0;0;0;227,1929109;0,366097495
0;0;0;0;225,6748662;0,366546926
0;0;0;0;235,1559328;0,366724266
0;0;0;0;264,1449064;0,366915423
0;0;0;0;282,3603366;0,367326498
0;0;0;0;293,9660946;0,367638697
0;0;0;0;318,5647217;0,367800987
0;0;0;0;318,2086335;0,368055352
0;0;0;0;316,6678282;0,368496202
0;0;0;0;0;0,368955966
0;0;0;0;0;0,368982982
0;0;0;0;0;0,369201022
0;0;0;0;0;0,369686485
0;0;0;0;0;0,370089767
0;0;0;0;0;0,370513269
0;0;0;0;0;0,370935603
0;0;0;0;0;0,371347616
0;0;0;0;0;0,371798608
0;0;0;0;0;0,372126043
0;0;0;0;0;0,372337229
0;0;0;0;0;0,372781248
0;0;0;0;0;0,373420746
0;0;0;0;0;0,373905665
0;0;0;0;0;0,37425976
0;0;0;0;0;0,374812844
0;0;0;0;0;0,375377128
0;0;0;0;0;0,375563386
0;0;0;0;0;0,376156644
0;0;0;0;0;0,376862934
0;0;0;0;0;0,377297016
0;0;0;0;0;0,377879674
0;0;0;0;0;0,378711955
0;0;0;0;0;0,379101387
0;0;0;0;0;0,379481083
0;0;0;0;0;0,380138887
0;0;0;0;0;0,380498544
0;0;0;0;0;0,380810236
0;0;0;0;0;0,381474537
0;0;0;0;0;0,381877327
0;0;0;0;0;0,382268002
0;0;0;0;0;0,38286997
0;0;0;0;0;0,383436199
0;0;0;0;0;0,383741084
0;0;0;0;0;0,383959362
0;0;0;0;0;0,384389564
0;0;0;0;0;0,384866373
0;0;0;0;0;0,384922662
0;0;0;0;0;0,385092307
0;0;0;0;0;0,385603098
0;0;0;0;0;0,385970704
0;0;0;0;0;0,386168459
0;0;0;0;0;0,386612685
0;0;0;0;0;0,38671978
0;0;0;0;0;0,38677627
0;0;0;0;0;0,387025508
0;0;0;0;0;0,387232406
0;0;0;0;0;0,387448546
0;0;0;0;0;0,38747301
0;0;0;0;0;0,387448162
0;0;0;0;0;0,387484466
0;0;0;0;0;0,387405531
0;0;0;0;0;0,387197018
0;0;0;0;0;0,387204858
0;0;0;0;0;0,387094441
0;0;0;0;0;0,386464808
0;0;0;0;0;0,386182219
0;0;0;0;0;0,38607148
0;0;0;0;0;0,385394872
0;0;0;0;0;0,385191543
0;0;0;0;0;0,385051215
0;0;0;0;0;0,38452551
0;0;0;0;0;0,383910894
0;0;0;0;0;0,38362678
0;0;0;0;0;0,383376419
0;0;0;0;0;0,382707032
0;0;0;0;0;0,38265831
0;0;0;0;0;0,382408221
0;0;0;0;0;0,382017635
0;0;0;0;0;0,381841907
0;0;0;0;0;0,381636773
0;0;0;0;0;0,381634964
0;0;0;0;0;0,381665854
0;0;0;0;0;0,38157088
0;0;0;0;0;0,381886682
0;0;0;0;0;0,382519059
0;0;0;0;0;0,382651868
0;0;0;0;0;0,382613941
0;0;0;0;0;0,383164811
0;0;0;0;0;0,383725042
0;0;0;0;0;0,384071407
0;0;0;0;0;0,38456893
0;0;0;0;0;0,385199923
0;0;0;0;0;0,385607497
0;0;0;0;0;0,386215118
0;0;0;0;0;0,38674086
0;0;0;0;0;0,387118284
0;0;0;0;0;0,387567119
0;0;0;0;0;0,387970631
0;0;0;0;0;0,388153173
0;0;0;0;0;0,3887244
0;0;0;0;0;0,389263976
0;0;0;0;0;0,389656759
0;0;0;0;0;0,390060089
0;0;0;0;0;0,390242604
0;0;0;0;0;0,390230153
0;0;0;0;0;0,390402952
0;0;0;0;0;0,390597066
0;0;0;0;0;0,390921295
0;0;0;0;0;0,391288254
0;0;0;0;0;0,391254452
0;0;0;0;0;0,391253819
0;0;0;0;0;0,391235295
0;0;0;0;0;0,391355756
0;0;0;0;0;0,391595407
0;0;0;0;0;0,391794397
0;0;0;0;0;0,39200755
0;0;0;0;0;0,392246052
0;0;0;0;0;0,39222952
0;0;0;0;0;0,392489578
0;0;0;0;0;0,392859768
0;0;0;0;0;0,393092257
0;0;0;0;0;0,393524373
0;0;0;0;0;0,393495544
0;0;0;0;0;0,393969698
0;0;0;0;0;0,394590485
0;0;0;0;0;0,394867271
0;0;0;0;0;0,395098874
0;0;0;0;0;0,395532561
0;0;0;0;0;0,395959017
0;0;0;0;0;0,396367035
0;0;0;0;0;0,39681987
0;0;0;0;0;0,397153265
0;0;0;0;0;0,397366886
0;0;0;0;0;0,397800216
0;0;0;0;0;0,398259107
0;0;0;0;0;0,398451474
0;0;0;0;0;0,398916293
0;0;0;0;0;0,399470732
0;0;0;0;0;0,399618658
0;0;0;0;0;0,399834647
0;0;0;0;0;0,400068304
0;0;0;0;0;0,400123344
0;0;0;0;0;0,400096169
0;0;0;0;0;0,400117518
0;0;0;0;0;0,400092794
0;0;0;0;0;0,399876458
0;0;0;0;0;0,399629637
0;0;0;0;0;0,399622747
0;0;0;0;0;0,399446199
0;0;0;0;0;0,398923356
0;0;0;0;0;0,398579822
0;0;0;0;0;0,398605869
0;0;0;0;0;0,398191318
0;0;0;0;0;0,398057317
0;0;0;0;0;0,398013374
0;0;0;0;0;0,397761656
0;0;0;0;0;0,397555467
0;0;0;0;0;0,397337617
0;0;0;0;0;0,39731275
0;0;0;0;0;0,397327406
0;0;0;0;0;0,397326751
0;0;0;0;0;0,397314604
0;0;0;0;0;0,397332877
0;0;0;0;0;0,397545684
0;0;0;0;0;0,397773383
0;0;0;0;0;0,397934918
0;0;0;0;0;0,398302113
0;0;0;0;0;0,398611977
0;0;0;0;0;0,398599233
0;0;0;0;0;0,399021405
0;0;0;0;0;0,399493886
0;0;0;0;0;0,399726277
0;0;0;0;0;0,400040861
0;0;0;0;0;0,400427182
0;0;0;0;0;0,400627615
0;0;0;0;0;0,401050367
0;0;0;0;0;0,401468469
0;0;0;0;0;0,401939193
0;0;0;0;0;0,402164062
0;0;0;0;0;0,402139232
0;0;0;0;0;0,402400236
0;0;0;0;0;0,402851147
0;0;0;0;0;0,402870914
0;0;0;0;0;0,403119315
0;0;0;0;0;0,40354099
0;0;0;0;0;0,403647696
0;0;0;0;0;0,403649447
0;0;0;0;0;0,403857529
0;0;0;0;0;0,40407027
0;0;0;0;0;0,404308018
0;0;0;0;0;0,404411848
0;0;0;0;0;0,404431234
0;0;0;0;0;0,404661996
0;0;0;0;0;0,404869083
0;0;0;0;0;0,405107693
0;0;0;0;0;0,405164421
0;0;0;0;0;0,405222418
0;0;0;0;0;0,40546623
0;0;0;0;0;0,405670497
0;0;0;0;0;0,405875004
0;0;0;0;0;0,406118488
0;0;0;0;0;0,406175774
0;0;0;0;0;0,406232147
0;0;0;0;0;0,406474115
0;0;0;0;0;0,406679569
0;0;0;0;0;0,406890637
0;0;0;0;0;0,407093043
0;0;0;0;0;0,407335903
0;0;0;0;0;0,407446101
0;0;0;0;0;0,407462631
0;0;0;0;0;0,407688618
0;0;0;0;0;0,407874318
0;0;0;0;0;0,40830562
0;0;0;0;0;0,408473703
0;0;0;0;0;0,408511281
0;0;0;0;0;0,408721204
0;0;0;0;0;0,408704412
0;0;0;0;0;0,408868329
0;0;0;0;0;0,409318267
0;0;0;0;0;0,409485344
0;0;0;0;0;0,409516384
0;0;0;0;0;0,409738334
0;0;0;0;0;0,409721953
0;0;0;0;0;0,409667163
0;0;0;0;0;0,41004911
0;0;0;0;0;0,410257737
0;0;0;0;0;0,410256411
0;0;0;0;0;0,410516138
0;0;0;0;0;0,410723502
0;0;0;0;0;0,410719406
0;0;0;0;0;0,410857166
0;0;0;0;0;0,411117462
0;0;0;0;0;0,411255538
0;0;0;0;0;0,411227166
0;0;0;0;0;0,41122651
0;0;0;0;0;0,41141922
0;0;0;0;0;0,41164484
0;0;0;0;0;0,411843002
0;0;0;0;0;0,412071486
0;0;0;0;0;0,412255681
0;0;0;0;0;0,412248063
0;0;0;0;0;0,412245807
0;0;0;0;0;0,412234863
0;0;0;0;0;0,4123017
0;0;0;0;0;0,41263841
0;0;0;0;0;0,413020375
0;0;0;0;0;0,412999298
0;0;0;0;0;0,413200769
0;0;0;0;0;0,413263193
0;0;0;0;0;0,413325928
0;0;0;0;0;0,413591952
0;0;0;0;0;0,413767781
0;0;0;0;0;0,413756447
0;0;0;0;0;0,41393539
0;0;0;0;0;0,414167621
0;0;0;0;0;0,414363794
0;0;0;0;0;0,414591195
0;0;0;0;0;0,414781796
0;0;0;0;0;0,414778056
0;0;0;0;0;0,414777016
0;0;0;0;0;0,414755112
0;0;0;0;0;0,414851246
0;0;0;0;0;0,415089499
0;0;0;0;0;0,415293106
0;0;0;0;0;0,415500765
0;0;0;0;0;0,415736354
0;0;0;0;0;0,415801132
0;0;0;0;0;0,415792167
0;0;0;0;0;0,415764283
0;0;0;0;0;0,415801569
0;0;0;0;0;0,416248325
0;0;0;0;0;0,416296877
0;0;0;0;0;0,416422567
0;0;0;0;0;0,416560216
0;0;0;0;0;0,416572416
0;0;0;0;0;0,41680732
0;0;0;0;0;0,417015192
0;0;0;0;0;0,41724482
0;0;0;0;0;0,417329278
0;0;0;0;0;0,41728268
0;0;0;0;0;0,417336221
0;0;0;0;0;0,417562924
0;0;0;0;0;0,417775177
0;0;0;0;0;0,417975444
0;0;0;0;0;0,418216998
0;0;0;0;0;0,418328302
0;0;0;0;0;0,418328455
0;0;0;0;0;0,418573828
0;0;0;0;0;0,41902397
0;0;0;0;0;0,419083611
0;0;0;0;0;0,419171193
0;0;0;0;0;0,419419729
0;0;0;0;0;0,419623979
0;0;0;0;0;0,419833022
0;0;0;0;0;0,420018203
0;0;0;0;0;0,420456904
0;0;0;0;0;0,420610852
0;0;0;0;0;0,42065807
0;0;0;0;0;0,420859535
0;0;0;0;0;0,420843877
0;0;0;0;0;0,421041593
0;0;0;0;0;0,421270239
0;0;0;0;0;0,421463684
0;0;0;0;0;0,421702381
0;0;0;0;0;0,421862233
0;0;0;0;0;0,421853508
0;0;0;0;0;0,422074003
0;0;0;0;0;0,42210095
0;0;0;0;0;0,422226104
0;0;0;0;0;0,422375849
0;0;0;0;0;0,422380691
0;0;0;0;0;0,422607044
0;0;0;0;0;0,422792539
0;0;0;0;0;0,423218541
0;0;0;0;0;0,423402403
0;0;0;0;0;0,423414925
0;0;0;0;0;0,423663967
0;0;0;0;0;0,423869483
0;0;0;0;0;0,424078093
0;0;0;0;0;0,424289939
0;0;0;0;0;0,424499569
0;0;0;0;0;0,424710099
0;0;0;0;0;0,424920356
0;0;0;0;0;0,425130672
0;0;0;0;0;0,425340988
0;0;0;0;0;0,425551279
0;0;0;0;0;0,425761647
0;0;0;0;0;0,425971808
0;0;0;0;0;0,426182359
0;0;0;0;0;0,426392773
0;0;0;0;0;0,426600514
0;0;0;0;0;0,426823111
0;0;0;0;0;0,426992141
0;0;0;0;0;0,427311065
0;0;0;0;0;0,427686092
0;0;0;0;0;0,427657104
0;0;0;0;0;0,428081319
0;0;0;0;0;0,428167728
0;0;0;0;0;0,428381734
0;0;0;0;0;0,428708866
0;0;0;0;0;0,428710533
0;0;0;0;0;0,429162887
0;0;0;0;0;0,429175554
0;0;0;0;0;0,429458332
0;0;0;0;0;0,429829126
0;0;0;0;0;0,430019356
0;0;0;0;0;0,430203985
0;0;0;0;0;0,430178694
0;0;0;0;0;0,430602472
0;0;0;0;0;0,43069797
0;0;0;0;0;0,43089768
0;0;0;0;0;0,43123928
0;0;0;0;0;0,431231386
0;0;0;0;0;0,431679715
0;0;0;0;0;0,431732059
0;0;0;0;0;0,431828505
0;0;0;0;0;0,432081021
0;0;0;0;0;0,432278644
0;0;0;0;0;0,432491944
0;0;0;0;0;0,432703443
0;0;0;0;0;0,432902739
0;0;0;0;0;0,433158036
0;0;0;0;0;0,433216664
0;0;0;0;0;0,43332277
0;0;0;0;0;0,43375412
0;0;0;0;0;0,43374378
0;0;0;0;0;0,433898682
0;0;0;0;0;0,434142646
0;0;0;0;0;0,434331891
0;0;0;0;0;0,434566729
0;0;0;0;0;0,434755553
0;0;0;0;0;0,434724638
0;0;0;0;0;0,435124263
0;0;0;0;0;0,435284375
0;0;0;0;0;0,435331875
0;0;0;0;0;0,435533329
0;0;0;0;0;0,435514021
0;0;0;0;0;0,435696863
0;0;0;0;0;0,436152722
0;0;0;0;0;0,436287071
0;0;0;0;0;0,436346523
0;0;0;0;0;0,436537343
0;0;0;0;0;0,436526349
0;0;0;0;0;0,436754073
0;0;0;0;0;0,436742241
0;0;0;0;0;0,437031012
0;0;0;0;0;0,43732521
0;0;0;0;0;0,437300145
0;0;0;0;0;0,437536147
0;0;0;0;0;0,437745885
0;0;0;0;0;0,437974869
0;0;0;0;0;0,438068813
0;0;0;0;0;0,438022882
0;0;0;0;0;0,438068228
0;0;0;0;0;0,438291848
0;0;0;0;0;0,4385057
0;0;0;0;0;0,438705879
0;0;0;0;0;0,438944206
0;0;0;0;0;0,439072515
0;0;0;0;0;0,439054821
0;0;0;0;0;0,43905615
0;0;0;0;0;0,439009037
0;0;0;0;0;0,439403974
0;0;0;0;0;0,439563634
0;0;0;0;0;0,439683546
0;0;0;0;0;0,440102093
0;0;0;0;0;0,44006937
0;0;0;0;0;0,440058062
0;0;0;0;0;0,440076769
0;0;0;0;0;0,440039348
0;0;0;0;0;0,440135565
0;0;0;0;0;0,440329566
0;0;0;0;0;0,440315538
0;0;0;0;0;0,440507359
0;0;0;0;0;0,440726765
0;0;0;0;0;0,440959778
0;0;0;0;0;0,441087068
0;0;0;0;0;0,441090255
0;0;0;0;0;0,4413123
0;0;0;0;0;0,441546448
0;0;0;0;0;0,441606999
0;0;0;0;0;0,441551524
0;0;0;0;0;0,441652964
0;0;0;0;0;0,441839297
0;0;0;0;0;0,441819871
0;0;0;0;0;0,442244025
0;0;0;0;0;0,442360337
0;0;0;0;0;0,442431008
0;0;0;0;0;0,442626715
0;0;0;0;0;0,442587712
0;0;0;0;0;0,442585478
0;0;0;0;0;0,442776225
0;0;0;0;0;0,443001676
0;0;0;0;0;0,443201291
0;0;0;0;0;0,443425889
0;0;0;0;0;0,443617592
0;0;0;0;0;0,443616473
0;0;0;0;0;0,443554037
0;0;0;0;0;0,443906335
0;0;0;0;0;0,444165209
0;0;0;0;0;0,444102442
0;0;0;0;0;0,44411131
0;0;0;0;0;0,444102863
0;0;0;0;0;0,444285593
0;0;0;0;0;0,444514927
0;0;0;0;0;0,444712482
0;0;0;0;0;0,444938919
0;0;0;0;0;0,445130938
0;0;0;0;0;0,445128605
0;0;0;0;0;0,445119662
0;0;0;0;0;0,445130624
0;0;0;0;0;0,44510874
0;0;0;0;0;0,445158059
0;0;0;0;0;0,445393175
0;0;0;0;0;0,445616171
0;0;0;0;0;0,445622547
0;0;0;0;0;0,445738167
0;0;0;0;0;0,446001321
0;0;0;0;0;0,446151259
0;0;0;0;0;0,446135044
0;0;0;0;0;0,446137703
0;0;0;0;0;0,446117804
0;0;0;0;0;0,44624414
0;0;0;0;0;0,446506226
0;0;0;0;0;0,44664999
0;0;0;0;0;0,446644128
0;0;0;0;0;0,446847222
0;0;0;0;0;0,447099774
0;0;0;0;0;0,447146185
0;0;0;0;0;0,447206114
0;0;0;0;0;0,447460592
0;0;0;0;0;0,447655121
0;0;0;0;0;0,447657825
0;0;0;0;0;0,447655698
0;0;0;0;0;0,447633749
0;0;0;0;0;0,447719758
0;0;0;0;0;0,447952101
0;0;0;0;0;0,448160897
0;0;0;0;0;0,448390807
0;0;0;0;0;0,448399558
0;0;0;0;0;0,448533653
0;0;0;0;0;0,448692345
0;0;0;0;0;0,448661292
0;0;0;0;0;0,448665024
0;0;0;0;0;0,4486494
0;0;0;0;0;0,448818491
0;0;0;0;0;0,449040131
0;0;0;0;0;0,449269548
0;0;0;0;0;0,449429994
0;0;0;0;0;0,449421648
0;0;0;0;0;0,449642844
0;0;0;0;0;0,449667647
0;0;0;0;0;0,449796727
0;0;0;0;0;0,449939597
0;0;0;0;0;0,44995465
0;0;0;0;0;0,450178958
0;0;0;0;0;0,450168752
0;0;0;0;0;0,450358855
0;0;0;0;0;0,450412999
0;0;0;0;0;0,450568541
0;0;0;0;0;0,450968908
0;0;0;0;0;0,450939098
0;0;0;0;0;0,451144946
0;0;0;0;0;0,451217784
0;0;0;0;0;0,45118454
0;0;0;0;0;0,451199515
0;0;0;0;0;0,451188909
0;0;0;0;0;0,451188533
0;0;0;0;0;0,451383066
0;0;0;0;0;0,451608547
0;0;0;0;0;0,451806885
0;0;0;0;0;0,452034972
0;0;0;0;0;0,45221812
0;0;0;0;0;0,45220942
0;0;0;0;0;0,452186304
0;0;0;0;0;0,452335989
0;0;0;0;0;0,452597091
0;0;0;0;0;0,452719632
0;0;0;0;0;0,452722308
0;0;0;0;0;0,452941326
0;0;0;0;0;0,453184413
0;0;0;0;0;0,453212991
0;0;0;0;0;0,45329419
0;0;0;0;0;0,453552227
0;0;0;0;0;0,453732821
0;0;0;0;0;0,453728205
0;0;0;0;0;0,453701364
0;0;0;0;0;0,453854072
0;0;0;0;0;0,454087532
0;0;0;0;0;0,454287871
0;0;0;0;0;0,454504354
0;0;0;0;0;0,454719999
0;0;0;0;0;0,45475952
0;0;0;0;0;0,454674632
0;0;0;0;0;0,454936962
0;0;0;0;0;0,455278655
0;0;0;0;0;0,455244508
0;0;0;0;0;0,455459264
0;0;0;0;0;0,455699946
0;0;0;0;0;0,455776923
0;0;0;0;0;0,455698758
0;0;0;0;0;0,455844057
0;0;0;0;0;0,456268741
0;0;0;0;0;0,456263205
0;0;0;0;0;0,45624451
0;0;0;0;0;0,456254218
0;0;0;0;0;0,456255364
0;0;0;0;0;0,456243954
0;0;0;0;0;0,45625824
0;0;0;0;0;0,456466822
0;0;0;0;0;0,456704826
0;0;0;0;0;0,456789853
0;0;0;0;0;0,456712187
0;0;0;0;0;0,456844847
0;0;0;0;0;0,457274661
0;0;0;0;0;0,457277269
0;0;0;0;0;0,457255152
0;0;0;0;0;0,457267389
0;0;0;0;0;0,457262894
0;0;0;0;0;0,457264095
0;0;0;0;0;0,457263919
0;0;0;0;0;0,457264145
0;0;0;0;0;0,457262511
0;0;0;0;0;0,457269072
0;0;0;0;0;0,457249663
0;0;0;0;0;0,45729217
0;0;0;0;0;0,457521421
0;0;0;0;0;0,457744458
0;0;0;0;0;0,457796994
0;0;0;0;0;0,457713454
0;0;0;0;0;0,457930324
0;0;0;0;0;0,458315255
0;0;0;0;0;0,458275225
0;0;0;0;0;0,458271025
0;0;0;0;0;0,458278056
0;0;0;0;0;0,458274944
0;0;0;0;0;0,458274885
0;0;0;0;0;0,458277154
0;0;0;0;0;0,458275768
0;0;0;0;0;0,458260787
0;0;0;0;0;0,45842101
0;0;0;0;0;0,458677144
0;0;0;0;0;0,458800753
0;0;0;0;0;0,458778095
0;0;0;0;0;0,458781336
0;0;0;0;0;0,458778882
0;0;0;0;0;0,458795696
0;0;0;0;0;0,458731997
0;0;0;0;0;0,458922702
0;0;0;0;0;0,459321556
0;0;0;0;0;0,459289503
0;0;0;0;0;0,45928587
0;0;0;0;0;0,459270126
0;0;0;0;0;0,459378344
0;0;0;0;0;0,459634208
0;0;0;0;0;0,459804976
0;0;0;0;0;0,459794318
0;0;0;0;0;0,459790869
0;0;0;0;0;0,459794097
0;0;0;0;0;0,459792657
0;0;0;0;0;0,459793126
0;0;0;0;0;0,459793013
0;0;0;0;0;0,459793026
0;0;0;0;0;0,459793032
0;0;0;0;0;0,459793027
0;0;0;0;0;0,459793029
0;0;0;0;0;0,459793027
0;0;0;0;0;0,459793029
0;0;0;0;0;0,45979303
0;0;0;0;0;0,459793011
0;0;0;0;0;0,459793104
0;0;0;0;0;0,45979279
0;0;0;0;0;0,459793586
0;0;0;0;0;0,45979234
0;0;0;0;0;0,459791594
0;0;0;0;0;0,45980592
0;0;0;0;0;0,459738729
0;0;0;0;0;0,460000505
0;0;0;0;0;0,460348637
0;0;0;0;0;0,460292235
0;0;0;0;0;0,460296155
0;0;0;0;0;0,460305613
0;0;0;0;0;0,460278175
0;0;0;0;0;0,460377578
0;0;0;0;0;0,460629215
0;0;0;0;0;0,460812497
0;0;0;0;0;0,460807958
0;0;0;0;0;0,460801962
0;0;0;0;0;0,460805599
0;0;0;0;0;0,460805126
0;0;0;0;0;0,460802949
0;0;0;0;0;0,460806333
0;0;0;0;0;0,460811996
0;0;0;0;0;0,460753863
0;0;0;0;0;0,461093709
0;0;0;0;0;0,461364776
0;0;0;0;0;0,461298487
0;0;0;0;0;0,461311277
0;0;0;0;0;0,461309187
0;0;0;0;0;0,461323709
0;0;0;0;0;0,46125753
0;0;0;0;0;0,461492906
0;0;0;0;0;0,46186169
0;0;0;0;0;0,461812793
0;0;0;0;0;0,461812969
0;0;0;0;0;0,461818618
0;0;0;0;0;0,461815392
0;0;0;0;0;0,461816601
0;0;0;0;0;0,461816259
0;0;0;0;0;0,461816324
0;0;0;0;0;0,461816325
0;0;0;0;0;0,461816319
0;0;0;0;0;0,461816312
0;0;0;0;0;0,461816347
0;0;0;0;0;0,461816268
0;0;0;0;0;0,46181634
0;0;0;0;0;0,461816663
0;0;0;0;0;0,461814411
0;0;0;0;0;0,46182326
0;0;0;0;0;0,461797238
0;0;0;0;0;0,461853298
0;0;0;0;0;0,462071174
0;0;0;0;0;0,462077305
0;0;0;0;0;0,462064461
0;0;0;0;0;0,462071076
0;0;0;0;0;0,462068616
0;0;0;0;0;0,462069505
0;0;0;0;0;0,462069226
0;0;0;0;0;0,462067815
0;0;0;0;0;0,462076463
0;0;0;0;0;0,462043924
0;0;0;0;0;0,462145149
0;0;0;0;0;0,462341126
0;0;0;0;0;0,462322534
0;0;0;0;0;0,462319656
0;0;0;0;0;0,462323464
0;0;0;0;0;0,462321773
0;0;0;0;0;0,462321953
0;0;0;0;0;0,462322657
0;0;0;0;0;0,462322356
0;0;0;0;0;0,462316598
0;0;0;0;0;0,462348802
0;0;0;0;0;0,462204921
0;0;0;0;0;0,462038297
0;0;0;0;0;0,462080876
0;0;0;0;0;0,462074204
0;0;0;0;0;0,461856941
0;0;0;0;0;0,461796719
0;0;0;0;0;0,461823199
0;0;0;0;0;0,461814574
0;0;0;0;0;0,461816482
0;0;0;0;0;0,46181622
0;0;0;0;0;0,461818126
0;0;0;0;0;0,461807914
0;0;0;0;0;0,461843838
0;0;0;0;0;0,461743308
0;0;0;0;0;0,461560848
0;0;0;0;0;0,461577245
0;0;0;0;0;0,461141412
0;0;0;0;0;0,461070684
0;0;0;0;0;0,460846557
0;0;0;0;0;0,460513574
0;0;0;0;0;0,460537732
0;0;0;0;0;0,460307855
0;0;0;0;0;0,460321134
0;0;0;0;0;0,460038487
0;0;0;0;0;0,459551593
0;0;0;0;0;0,459183062
0;0;0;0;0;0,45903812
0;0;0;0;0;0,459057897
0;0;0;0;0;0,458479023
0;0;0;0;0;0,457918257
0;0;0;0;0;0,457668128