temps_ecoule_s,spectre,longueur_onde_nm,puissance_W
0.0,inconnu,0.0,0.0
0.214,inconnu,0.0,0.0
0.773,inconnu,0.0,0.0
1.273,inconnu,0.0,0.0
1.785,inconnu,0.0,0.0
2.327,inconnu,0.0,0.0
2.857,inconnu,0.0,0.0
3.401,inconnu,0.0,0.0
3.923,inconnu,0.0,0.0
4.467,inconnu,0.0,0.0
5.022,inconnu,0.0,0.0
5.529,inconnu,0.0,0.0
6.067,inconnu,0.0,0.0
6.601,inconnu,0.0,0.0
7.138,inconnu,0.0,0.0
7.67,inconnu,0.0,0.0
8.199,inconnu,0.0,0.0
8.749,inconnu,0.0,0.0
9.287,inconnu,0.0,0.0
9.809,inconnu,0.0,0.0
10.354,inconnu,0.0,0.0
10.888,inconnu,0.0,0.0
11.428,inconnu,0.0,0.0
11.953,inconnu,0.0,0.0
12.492,inconnu,0.0,0.0
13.033,inconnu,0.0,0.0
13.563,inconnu,0.0,0.0
14.095,inconnu,0.0,0.0
14.604,inconnu,0.0,0.0
15.167,inconnu,0.0,0.0
15.712,inconnu,0.0,0.0
16.233,inconnu,0.0,0.0
16.773,inconnu,0.0,0.0
17.314,inconnu,0.0,0.0
17.846,inconnu,0.0,0.0
18.374,inconnu,0.0,0.0
18.914,inconnu,0.0,0.0
19.443,inconnu,0.0,0.0
19.984,inconnu,0.0,0.0
20.506,inconnu,0.0,0.0
21.044,inconnu,0.0,0.0
21.581,inconnu,0.0,0.0
22.123,inconnu,0.0,0.0
22.651,inconnu,0.0,0.0
23.189,inconnu,0.0,0.0
23.73,inconnu,0.0,0.0
24.258,inconnu,0.0,0.0
24.789,inconnu,0.0,0.0
25.328,inconnu,0.0,0.0
25.866,inconnu,0.0,0.0
26.399,inconnu,0.0,0.0
26.925,inconnu,0.0,0.0
27.472,inconnu,0.0,0.0
27.998,inconnu,0.0,0.0
28.584,inconnu,0.0,0.0
29.105,inconnu,0.0,0.0
29.572,inconnu,0.0,0.0
30.1,inconnu,0.0,0.0
30.672,inconnu,0.0,0.0
31.209,inconnu,0.0,0.0
31.746,inconnu,0.0,0.0
32.284,inconnu,0.0,0.0
32.795,inconnu,0.0,0.0
33.34,inconnu,0.0,0.0
33.861,inconnu,0.0,0.0
34.428,inconnu,0.0,0.0
34.964,inconnu,0.0,0.0
35.46,inconnu,0.0,0.0
36.018,inconnu,0.0,0.0
36.554,inconnu,0.0,0.0
37.095,inconnu,0.0,0.0
37.619,inconnu,0.0,0.0
38.159,inconnu,0.0,0.0
38.696,inconnu,0.0,0.0
39.237,inconnu,0.0,0.0
39.762,inconnu,0.0,0.0
40.296,inconnu,0.0,0.0
40.841,inconnu,0.0,0.0
41.367,inconnu,0.0,0.0
41.902,inconnu,0.0,0.0
42.44,inconnu,0.0,0.0
42.974,inconnu,0.0,0.0
43.511,inconnu,0.0,0.0
44.054,inconnu,0.0,0.0
44.561,inconnu,0.0,0.0
45.121,inconnu,0.0,0.0
45.661,inconnu,0.0,0.0
46.194,inconnu,0.0,0.0
46.729,inconnu,0.0,0.0
47.263,inconnu,0.0,0.0
47.797,inconnu,0.0,0.0
48.331,inconnu,0.0,0.0
48.863,inconnu,0.0,0.0
49.397,inconnu,0.0,0.0
49.937,inconnu,0.0,0.0
50.47,inconnu,0.0,0.0
51.003,inconnu,0.0,0.0
51.539,inconnu,0.0,0.0
52.07,inconnu,0.0,0.0
52.645,inconnu,0.0,0.0
53.146,inconnu,0.0,0.0
53.676,inconnu,0.0,0.0
54.211,inconnu,0.0,0.0
54.746,inconnu,0.0,0.0
55.279,inconnu,0.0,0.0
55.812,inconnu,0.0,0.0
56.356,inconnu,0.0,0.0
56.891,inconnu,0.0,0.0
57.425,inconnu,0.0,0.0
57.959,inconnu,0.0,0.0
58.491,inconnu,0.0,0.0
59.024,inconnu,0.0,0.0
59.543,inconnu,0.0,0.0
60.097,inconnu,0.0,0.0
60.628,inconnu,0.0,0.0
61.16,inconnu,0.0,0.0
61.687,inconnu,0.0,0.0
62.236,inconnu,0.0,0.0
62.765,inconnu,0.0,0.0
63.313,inconnu,0.0,0.0
63.843,inconnu,0.0,0.0
64.374,inconnu,0.0,0.0
64.9,inconnu,0.0,0.0
65.444,inconnu,0.0,0.0
65.975,inconnu,0.0,0.0
66.517,inconnu,0.0,0.0
67.046,inconnu,0.0,0.0
67.589,inconnu,0.0,0.0
68.11,inconnu,0.0,0.0
68.653,inconnu,0.0,0.0
69.182,inconnu,0.0,0.0
69.703,inconnu,0.0,0.0
70.256,inconnu,0.0,0.0
70.794,inconnu,0.0,0.0
71.323,inconnu,0.0,0.0
71.858,inconnu,0.0,0.0
72.399,inconnu,0.0,0.0
72.936,inconnu,0.0,0.0
73.465,inconnu,0.0,0.0
73.979,inconnu,0.0,0.0
74.536,inconnu,0.0,0.0
75.065,inconnu,0.0,0.0
75.609,inconnu,0.0,0.0
76.168,inconnu,0.0,0.0
76.658,inconnu,0.0,0.0
77.206,inconnu,0.0,0.0
77.75,inconnu,0.0,0.0
78.281,inconnu,0.0,0.0
78.813,inconnu,0.0,0.0
79.355,inconnu,0.0,0.0
79.883,inconnu,0.0,0.0
80.43,inconnu,0.0,0.0
80.947,inconnu,0.0,0.0
81.489,inconnu,0.0,0.0
82.031,inconnu,0.0,0.0
82.549,inconnu,0.0,0.0
83.091,inconnu,0.0,0.0
83.63,inconnu,0.0,0.0
84.158,inconnu,0.0,0.0
84.671,inconnu,0.0,0.0
85.229,NIR,670.0,1.5987265921514728
85.769,NIR,972.0,0.9198500726382747
86.276,NIR,981.0,1.147170287519113
86.84,NIR,963.0,1.3376382803572449
87.369,NIR,977.0,1.6279788534562059
87.907,NIR,972.0,1.8675488813079149
88.439,NIR,970.0,2.0900812275112655
88.985,NIR,973.0,2.317084441197197
89.519,NIR,978.0,2.6244142911716044
90.065,NIR,978.0,2.6244142911716044
90.587,NIR,973.0,2.548993859729065
91.122,NIR,973.0,2.548993859729065
91.657,NIR,973.0,2.548993859729065
92.191,NIR,976.0,2.5728714707308193
92.708,NIR,976.0,2.5728714707308193
93.268,NIR,978.0,2.56736482433043
93.8,NIR,974.0,2.5613108165331027
94.341,NIR,967.0,2.563728348010433
94.87,NIR,967.0,2.563728348010433
95.408,NIR,967.0,2.563728348010433
95.939,NIR,967.0,2.563728348010433
96.478,NIR,967.0,2.586546305220704
97.006,NIR,967.0,2.594703838982773
97.544,NIR,967.0,2.586546305220704
98.084,NIR,967.0,2.586546305220704
98.613,NIR,970.0,2.595016451217258
99.15,NIR,970.0,2.595016451217258
99.688,NIR,973.0,2.5853135824192544
100.218,NIR,973.0,2.5853135824192544
100.755,NIR,973.0,2.5853135824192544
101.294,NIR,973.0,2.5853135824192544
101.826,NIR,973.0,2.5853135824192544
102.366,NIR,973.0,2.5853135824192544
102.888,NIR,980.0,2.6025597631475805
103.429,NIR,973.0,2.5853135824192544
103.973,NIR,967.0,2.563728348010433
104.504,NIR,981.0,2.6241651701001047
105.035,NIR,967.0,2.571885881772502
105.573,NIR,967.0,2.571885881772502
106.105,NIR,967.0,2.5793472720570527
106.636,NIR,967.0,2.5793472720570527
107.175,NIR,967.0,2.5793472720570527
107.692,NIR,967.0,2.5793472720570527
108.244,NIR,967.0,2.5793472720570527
108.774,NIR,967.0,2.5793472720570527
109.319,NIR,975.0,2.5761318531279414
109.841,NIR,967.0,2.5793472720570527
110.381,NIR,967.0,2.5793472720570527
110.921,NIR,967.0,2.5793472720570527
111.451,NIR,967.0,2.5793472720570527
111.994,NIR,967.0,2.5793472720570527
112.532,NIR,967.0,2.5793472720570527
113.062,NIR,967.0,2.5793472720570527
113.593,NIR,967.0,2.5793472720570527
114.124,NIR,967.0,2.5711897382949838
114.629,NIR,967.0,2.5786511285795344
115.201,NIR,967.0,2.5786511285795344
115.727,NIR,967.0,2.5786511285795344
116.269,NIR,967.0,2.5786511285795344
116.797,NIR,967.0,2.5711897382949838
117.34,NIR,967.0,2.5711897382949838
117.868,NIR,967.0,2.5711897382949838
118.403,NIR,967.0,2.5711897382949838
118.937,NIR,967.0,2.5711897382949838
119.47,NIR,967.0,2.5711897382949838
120.006,NIR,967.0,2.5711897382949838
120.539,NIR,963.0,2.5759703281838466
121.07,NIR,967.0,2.5630322045329152
121.604,NIR,967.0,2.578388771458635
122.138,NIR,970.0,2.5488258563466273
122.679,NIR,967.0,2.578388771458635
123.213,NIR,967.0,2.5555708142483646
123.782,NIR,967.0,2.5630322045329152
124.283,NIR,967.0,2.5410522821641335
124.808,NIR,967.0,2.5410522821641335
125.349,NIR,973.0,2.52576355359752
125.888,NIR,975.0,2.5528498700895734
126.422,NIR,975.0,2.5528498700895734
126.955,NIR,973.0,2.5853135824192544
127.486,NIR,973.0,2.5853135824192544
128.03,NIR,975.0,2.560393863430444
128.564,NIR,977.0,2.572722064020051
129.073,NIR,977.0,2.572722064020051
129.609,NIR,977.0,2.617581691989856
130.164,NIR,977.0,2.617581691989856
130.7,NIR,977.0,2.617581691989856
131.232,NIR,977.0,2.617581691989856
131.763,NIR,977.0,2.617581691989856
132.316,NIR,977.0,2.617581691989856
132.84,NIR,977.0,2.617581691989856
133.371,NIR,977.0,2.617581691989856
133.905,NIR,967.0,2.571885881772502
134.44,NIR,967.0,2.571885881772502
134.984,NIR,967.0,2.571885881772502
135.519,NIR,967.0,2.571885881772502
136.054,NIR,967.0,2.571885881772502
136.588,NIR,967.0,2.5793472720570527
137.119,NIR,967.0,2.563728348010433
137.648,NIR,967.0,2.5566712062107526
138.186,NIR,967.0,2.5711897382949838
138.711,NIR,967.0,2.563728348010433
139.232,NIR,967.0,2.563728348010433
139.793,NIR,967.0,2.5711897382949838
140.331,NIR,967.0,2.5711897382949838
140.838,NIR,967.0,2.5711897382949838
141.405,NIR,978.0,2.54493758815238
141.938,NIR,978.0,2.5814887085364
142.47,NIR,977.0,2.53104847223559
143.006,NIR,967.0,2.502742146793792
143.541,NIR,967.0,2.495280756509241
144.071,NIR,977.0,2.51591536067593
144.593,NIR,977.0,2.51591536067593
145.138,NIR,977.0,2.758002057436563
145.672,NIR,975.0,2.993261844195474
146.205,NIR,978.0,3.2935862983647355
146.748,NIR,978.0,3.536959579356234
147.323,NIR,977.0,3.792743050341823
147.818,NIR,977.0,4.027263191322627
148.346,NIR,978.0,4.294220186826202
148.883,NIR,977.0,4.533875071876013
149.421,NIR,973.0,4.744122969458854
149.949,NIR,973.0,4.9760323879907205
150.493,NIR,973.0,4.9760323879907205
151.024,NIR,973.0,4.9760323879907205
151.55,NIR,973.0,4.9760323879907205
152.098,NIR,973.0,5.000750847256382
152.661,NIR,973.0,4.9760323879907205
153.162,NIR,977.0,5.032920396649568
153.696,NIR,977.0,5.032920396649568
154.232,NIR,977.0,5.032920396649568
154.754,NIR,975.0,5.056893472913346
155.273,NIR,975.0,5.057543475929103
155.821,NIR,978.0,5.067277111993119
156.366,NIR,977.0,5.047149599070032
156.894,NIR,975.0,5.049349479572475
157.433,NIR,975.0,5.049349479572475
157.988,NIR,975.0,5.049349479572475
158.506,NIR,975.0,5.056893472913346
159.054,NIR,973.0,5.022614032698105
159.587,NIR,973.0,5.022614032698105
160.128,NIR,973.0,5.022614032698105
160.656,NIR,973.0,5.022614032698105
161.187,NIR,973.0,5.022614032698105
161.731,NIR,973.0,4.997895573432443
162.264,NIR,973.0,4.997895573432443
162.808,NIR,973.0,4.983555605052459
163.33,NIR,973.0,4.983555605052459
163.861,NIR,973.0,4.983555605052459
164.397,NIR,973.0,4.983555605052459
164.935,NIR,973.0,4.983555605052459
165.461,NIR,973.0,4.983555605052459
166.0,NIR,977.0,5.048053508209227
166.541,NIR,973.0,4.991078822114197
167.071,NIR,977.0,5.048053508209227
167.6,NIR,973.0,4.991078822114197
168.144,NIR,973.0,4.983555605052459
168.676,NIR,977.0,5.040486952429399
169.205,NIR,973.0,5.016457936326189
169.721,NIR,973.0,5.016457936326189
170.275,NIR,973.0,5.016457936326189
170.85,NIR,973.0,5.000750847256382
171.348,NIR,973.0,5.000750847256382
171.88,NIR,975.0,5.035064531110943
172.418,NIR,973.0,5.000750847256382
172.948,NIR,977.0,5.032920396649568
173.493,NIR,977.0,5.032920396649568
174.024,NIR,973.0,5.008274064318121
174.552,NIR,977.0,5.040486952429399
175.094,NIR,977.0,5.040486952429399
175.622,NIR,975.0,5.031422109405128
176.16,NIR,975.0,5.038966102745998
176.692,NIR,973.0,5.023981153387927
177.23,NIR,973.0,4.991078822114197
177.765,NIR,973.0,5.005418790494181
178.302,NIR,973.0,5.03766046682158
178.823,NIR,973.0,5.005418790494181
179.371,NIR,975.0,5.031422109405128
179.891,NIR,973.0,4.997895573432443
180.438,NIR,973.0,4.983555605052459
180.972,NIR,973.0,4.983555605052459
181.507,NIR,973.0,4.9760323879907205
182.041,NIR,973.0,4.9753717330443905
182.574,NIR,973.0,4.9753717330443905
183.108,NIR,973.0,4.9753717330443905
183.64,NIR,973.0,4.967848515982652
184.173,NIR,973.0,4.967848515982652
184.69,NIR,973.0,4.9753717330443905
185.247,NIR,973.0,4.9753717330443905
185.783,NIR,973.0,5.000090192310052
186.317,NIR,973.0,5.00761340937179
186.852,NIR,973.0,5.00761340937179
187.388,NIR,973.0,4.991078822114197
187.93,NIR,973.0,4.991078822114197
188.454,NIR,973.0,4.991078822114197
188.99,NIR,973.0,4.991078822114197
189.528,NIR,973.0,4.991078822114197
190.073,NIR,973.0,4.991078822114197
190.595,NIR,973.0,4.983555605052459
191.129,NIR,973.0,4.983555605052459
191.673,NIR,973.0,4.9753717330443905
192.213,NIR,973.0,4.9760323879907205
192.739,NIR,973.0,4.992566975248313
193.277,NIR,973.0,4.992566975248313
193.807,NIR,973.0,4.992566975248313
194.341,NIR,973.0,4.985043758186575
194.901,NIR,973.0,5.000750847256382
195.415,NIR,973.0,5.000750847256382
195.944,NIR,973.0,5.000750847256382
196.476,NIR,970.0,5.002234735402537
197.011,NIR,970.0,5.002234735402537
197.559,NIR,973.0,5.008274064318121
198.084,NIR,973.0,5.008274064318121
198.621,NIR,973.0,5.008274064318121
199.158,NIR,973.0,5.000750847256382
199.657,NIR,973.0,5.008274064318121
200.219,NIR,973.0,5.008274064318121
200.766,NIR,973.0,5.008274064318121
201.307,NIR,973.0,5.000750847256382
201.833,NIR,973.0,5.000750847256382
202.373,NIR,973.0,4.9760323879907205
202.9,NIR,973.0,4.9760323879907205
203.442,NIR,973.0,4.9760323879907205
203.966,NIR,973.0,4.983555605052459
204.505,NIR,973.0,4.991078822114197
205.041,NIR,973.0,5.307256728733461
205.58,NIR,973.0,5.554212581388806
206.108,NIR,973.0,5.808645840308726
206.643,NIR,973.0,6.040555258840593
207.18,NIR,973.0,6.277132620610261
207.716,NIR,973.0,6.556284338795843
208.255,NIR,975.0,6.805642763125059
208.782,NIR,973.0,7.049489578363039
209.323,NIR,975.0,7.31583398735974
209.862,NIR,975.0,7.549100657674676
210.392,NIR,975.0,7.557294654031303
210.93,NIR,975.0,7.557294654031303
211.458,NIR,975.0,7.557294654031303
211.999,NIR,977.0,7.566715288491619
212.603,NIR,975.0,7.557294654031303
213.059,NIR,975.0,7.564838647372173
213.59,NIR,975.0,7.549100657674676
214.143,NIR,975.0,7.54300970556977
214.638,NIR,975.0,7.54300970556977
215.201,NIR,975.0,7.55055369891064
215.738,NIR,975.0,7.55055369891064
216.277,NIR,975.0,7.5423597025540134
216.804,NIR,975.0,7.5423597025540134
217.338,NIR,975.0,7.55055369891064
217.874,NIR,975.0,7.55055369891064
218.455,NIR,975.0,7.564838647372173
218.947,NIR,975.0,7.5730326437288
219.479,NIR,977.0,7.566715288491619
220.014,NIR,977.0,7.566715288491619
220.557,NIR,977.0,7.566715288491619
221.084,NIR,977.0,7.566715288491619
221.626,NIR,977.0,7.566715288491619
222.153,NIR,977.0,7.566715288491619
222.693,NIR,977.0,7.5585060038799625
223.224,NIR,977.0,7.5585060038799625
223.762,NIR,977.0,7.5585060038799625
224.294,NIR,975.0,7.51543529780983
224.821,NIR,975.0,7.549100657674676
225.374,NIR,975.0,7.541556664333806
225.9,NIR,975.0,7.541556664333806
226.44,NIR,975.0,7.5497506606904325
226.971,NIR,975.0,7.5497506606904325
227.513,NIR,977.0,7.55914873271179
228.039,NIR,975.0,7.5497506606904325
228.58,NIR,975.0,7.5354657122289
229.119,NIR,975.0,7.54300970556977
229.632,NIR,975.0,7.54300970556977
230.183,NIR,975.0,7.534815709213143
230.721,NIR,975.0,7.534815709213143
231.248,NIR,975.0,7.5423597025540134
231.785,NIR,975.0,7.5423597025540134
232.322,NIR,975.0,7.5423597025540134
232.86,NIR,975.0,7.556644651015546
233.398,NIR,975.0,7.549100657674676
233.927,NIR,975.0,7.549100657674676
234.463,NIR,975.0,7.541556664333806
235.002,NIR,975.0,7.534815709213143
235.528,NIR,977.0,7.544276801459499
236.065,NIR,977.0,7.536710245679669
236.601,NIR,977.0,7.544276801459499
237.14,NIR,977.0,7.544276801459499
237.667,NIR,977.0,7.536710245679669
238.205,NIR,977.0,7.550939448100133
238.743,NIR,973.0,7.487929301214782
239.282,NIR,975.0,7.549100657674676
239.807,NIR,975.0,7.556644651015546
240.349,NIR,973.0,7.542694817930235
240.871,NIR,973.0,7.5433554728765655
241.424,NIR,973.0,7.550878689938303
241.983,NIR,973.0,7.535171600868496
242.49,NIR,973.0,7.535171600868496
243.016,NIR,973.0,7.535171600868496
243.553,NIR,973.0,7.535171600868496
244.092,NIR,973.0,7.542694817930235
244.622,NIR,973.0,7.542694817930235
245.157,NIR,975.0,7.556644651015546
245.692,NIR,975.0,7.556644651015546
246.227,NIR,973.0,7.509792486656504
246.763,NIR,975.0,7.556644651015546
247.296,NIR,975.0,7.556644651015546
247.835,NIR,975.0,7.556644651015546
248.372,NIR,975.0,7.556644651015546
248.899,NIR,975.0,7.556644651015546
249.435,NIR,975.0,7.549100657674676
249.985,NIR,973.0,7.535171600868496
250.513,NIR,973.0,7.527648383806758
251.037,NIR,973.0,7.527648383806758
251.575,NIR,973.0,7.535171600868496
252.11,NIR,973.0,7.535171600868496
252.652,NIR,973.0,7.5433554728765655
253.176,NIR,973.0,7.5433554728765655
253.712,NIR,973.0,7.5433554728765655
254.25,NIR,975.0,7.590960013896148
254.759,NIR,975.0,7.5654886503879295
255.317,NIR,975.0,7.5654886503879295
255.86,NIR,975.0,7.5654886503879295
256.389,NIR,975.0,7.5730326437288
256.941,NIR,978.0,7.592801746180376
257.456,NIR,975.0,7.5654886503879295
257.995,NIR,975.0,7.557294654031303
258.526,NIR,975.0,7.557294654031303
259.068,NIR,975.0,7.5497506606904325
259.613,NIR,975.0,7.549100657674676
260.131,NIR,975.0,7.5497506606904325
260.667,NIR,975.0,7.541556664333806
261.207,NIR,975.0,7.541556664333806
261.735,NIR,975.0,7.5497506606904325
262.274,NIR,973.0,7.527648383806758
262.821,NIR,973.0,7.527648383806758
263.347,NIR,975.0,7.57522202419865
263.877,NIR,975.0,7.5497506606904325
264.415,NIR,975.0,7.5497506606904325
264.943,NIR,975.0,7.5497506606904325
265.484,NIR,977.0,7.815464631892885
266.06,NIR,977.0,8.057551328653517
266.553,NIR,975.0,8.293208555240053
267.096,NIR,975.0,8.542213215252488
267.624,NIR,977.0,8.81291255260817
268.151,NIR,975.0,9.01264812751742
268.689,NIR,975.0,9.267743739634758
269.226,NIR,976.0,9.525170399682825
269.732,NIR,976.0,9.788921414545587
270.29,NIR,975.0,10.044866994049224
270.837,NIR,975.0,10.052410987390093
271.366,NIR,975.0,10.052410987390093
271.895,NIR,976.0,10.044465704256202
272.433,NIR,976.0,10.052017943859292
272.966,NIR,976.0,10.052017943859292
273.507,NIR,976.0,10.052017943859292
274.045,NIR,976.0,10.044465704256202
274.575,NIR,976.0,10.043811218707145
275.102,NIR,977.0,10.047441267752209
275.634,NIR,977.0,10.047441267752209
276.171,NIR,977.0,10.039874711972379
276.704,NIR,977.0,10.055650552363867
277.241,NIR,977.0,10.055650552363867
277.775,NIR,977.0,10.048083996584037
278.311,NIR,977.0,10.048083996584037
278.841,NIR,976.0,10.036258979104057
279.39,NIR,976.0,10.036258979104057
279.908,NIR,976.0,10.022007779732292
280.458,NIR,976.0,10.022007779732292
280.991,NIR,975.0,10.029932042571932
281.519,NIR,975.0,10.029932042571932
282.052,NIR,975.0,10.022388049231063
282.587,NIR,975.0,10.022388049231063
283.121,NIR,975.0,10.029932042571932
283.646,NIR,975.0,10.029932042571932
284.196,NIR,976.0,10.01596330551267
284.704,NIR,976.0,10.01596330551267
285.255,NIR,975.0,10.023841090467027
285.805,NIR,975.0,10.045670032269431
286.326,NIR,975.0,10.045670032269431
286.878,NIR,975.0,10.045670032269431
287.401,NIR,976.0,10.045318984090617
287.939,NIR,975.0,10.037476035912803
288.472,NIR,975.0,10.045020029253674
289.01,NIR,975.0,10.045020029253674
289.574,NIR,975.0,10.045020029253674
290.076,NIR,975.0,9.999978869524755
290.61,NIR,975.0,10.037476035912803
291.144,NIR,976.0,9.984609590023235
291.682,NIR,976.0,9.977057350420145
292.214,NIR,976.0,9.977057350420145
292.753,NIR,976.0,9.977057350420145
293.288,NIR,976.0,9.984609590023235
293.825,NIR,976.0,9.984609590023235
294.357,NIR,976.0,9.984609590023235
294.884,NIR,976.0,9.977057350420145
295.431,NIR,975.0,9.951875525993925
295.97,NIR,976.0,9.977057350420145
296.49,NIR,975.0,9.951875525993925
297.024,NIR,974.0,9.949596229982385
297.558,NIR,975.0,9.984890882843015
298.106,NIR,974.0,9.957127126134662
298.629,NIR,975.0,9.984890882843015
299.162,NIR,974.0,9.942065333830104
299.691,NIR,974.0,9.942065333830104
300.211,NIR,974.0,9.942065333830104
300.777,NIR,974.0,9.942065333830104
301.316,NIR,974.0,9.942065333830104
301.85,NIR,974.0,9.949596229982385
302.391,NIR,975.0,9.984890882843015
302.911,NIR,975.0,9.977346889502144
303.421,NIR,975.0,9.996916685722844
303.978,NIR,975.0,9.996916685722844
304.525,NIR,975.0,9.996916685722844
305.049,NIR,976.0,10.030214504884437
305.594,NIR,976.0,9.977057350420145
306.127,NIR,976.0,10.037766744487527
306.666,NIR,975.0,10.023841090467027
307.197,NIR,975.0,9.97879993073811
307.73,NIR,975.0,9.993084879199643
308.266,NIR,975.0,10.000628872540512
308.801,NIR,975.0,9.993084879199643
309.332,NIR,975.0,9.993084879199643
309.839,NIR,975.0,9.993084879199643
310.407,NIR,975.0,9.993084879199643
310.932,NIR,976.0,9.985264075572292
311.466,NIR,975.0,9.951875525993925
312.0,NIR,976.0,9.977057350420145
312.536,NIR,976.0,9.977057350420145
313.128,NIR,975.0,9.951875525993925
313.605,NIR,977.0,9.973219325802281
314.142,NIR,977.0,9.980785881582111
314.674,NIR,977.0,9.980785881582111
315.192,NIR,977.0,9.980785881582111
315.747,NIR,976.0,9.977057350420145
316.283,NIR,976.0,9.985264075572292
316.792,NIR,976.0,9.985264075572292
317.354,NIR,976.0,9.985264075572292
317.917,NIR,976.0,9.977057350420145
318.424,NIR,976.0,9.977057350420145
318.959,NIR,976.0,9.977057350420145
319.494,NIR,975.0,9.951875525993925
320.031,NIR,975.0,9.951875525993925
320.566,NIR,975.0,9.944331532653056
321.091,NIR,975.0,9.977346889502144
321.639,NIR,975.0,9.9436815296373
322.164,NIR,975.0,9.9436815296373
322.695,NIR,975.0,9.9436815296373
323.233,NIR,974.0,9.942065333830104
323.771,NIR,974.0,9.942065333830104
324.3,NIR,975.0,9.722251277384803
324.817,NIR,975.0,9.473246617372368
325.375,NIR,974.0,9.200692672253998
325.917,NIR,974.0,8.9456251502574
326.439,NIR,974.0,8.69799480494199
326.975,NIR,974.0,8.443592750659365
327.509,NIR,975.0,8.225688450692974
328.046,NIR,973.0,7.95378037749048
328.583,NIR,973.0,7.707530990578628
329.12,NIR,973.0,7.453758386605038
329.657,NIR,973.0,7.461281603666777
330.195,NIR,974.0,7.439621670934377
330.718,NIR,975.0,7.482230556143354
331.255,NIR,973.0,7.44557451459697
331.795,NIR,973.0,7.461281603666777
332.329,NIR,975.0,7.489774549484224
332.856,NIR,975.0,7.489774549484224
333.391,NIR,975.0,7.489774549484224
333.926,NIR,975.0,7.489774549484224
334.463,NIR,975.0,7.534815709213143
334.994,NIR,977.0,7.552486086071157
335.529,NIR,975.0,7.534815709213143
336.064,NIR,973.0,7.481773204842867
336.647,NIR,975.0,7.534815709213143
337.137,NIR,973.0,7.520831632488512
337.662,NIR,973.0,7.520831632488512
338.204,NIR,973.0,7.520831632488512
338.743,NIR,973.0,7.520831632488512
339.277,NIR,973.0,7.520831632488512
339.776,NIR,973.0,7.4756215720467605
340.345,NIR,973.0,7.545550091754173
340.877,NIR,973.0,7.545550091754173
341.413,NIR,973.0,7.550878689938303
341.952,NIR,973.0,7.550878689938303
342.484,NIR,973.0,7.491328661116567
343.017,NIR,973.0,7.4838054440548305
343.559,NIR,973.0,7.505668629496552
344.091,NIR,973.0,7.498145412434814
344.627,NIR,973.0,7.508523903320492
345.174,NIR,973.0,7.5433554728765655
345.697,NIR,973.0,7.529015504496582
346.231,NIR,975.0,7.534815709213143
346.761,NIR,975.0,7.534815709213143
347.3,NIR,975.0,7.534815709213143
347.84,NIR,975.0,7.534815709213143
348.371,NIR,975.0,7.54300970556977
348.905,NIR,975.0,7.534815709213143
349.445,NIR,975.0,7.534815709213143
349.979,NIR,975.0,7.54300970556977
350.513,NIR,975.0,7.54300970556977
351.051,NIR,975.0,7.54300970556977
351.583,NIR,975.0,7.54300970556977
352.119,NIR,973.0,7.529015504496582
352.654,NIR,973.0,7.529015504496582
353.177,NIR,973.0,7.536538721558318
353.717,NIR,973.0,7.4838054440548305
354.248,NIR,973.0,7.491328661116567
354.777,NIR,973.0,7.491328661116567
355.328,NIR,973.0,7.536538721558318
355.868,NIR,973.0,7.491328661116567
356.393,NIR,973.0,7.550878689938303
356.928,NIR,973.0,7.4974847574884835
357.461,NIR,973.0,7.535171600868496
358.0,NIR,973.0,7.527648383806758
358.535,NIR,973.0,7.520831632488512
359.075,NIR,973.0,7.535171600868496
359.592,NIR,975.0,7.5497506606904325
360.14,NIR,975.0,7.54300970556977
360.703,NIR,975.0,7.5354657122289
361.209,NIR,975.0,7.5354657122289
361.735,NIR,975.0,7.5354657122289
362.269,NIR,975.0,7.557294654031303
362.819,NIR,975.0,7.54300970556977
363.339,NIR,975.0,7.497968545840851
363.883,NIR,975.0,7.54300970556977
364.416,NIR,975.0,7.497968545840851
364.926,NIR,973.0,7.4756215720467605
365.484,NIR,973.0,7.483144789108499
366.011,NIR,973.0,7.491328661116567
366.554,NIR,973.0,7.491328661116567
367.088,NIR,973.0,7.508523903320492
367.622,NIR,972.0,7.48715475446563
368.158,NIR,973.0,7.5010006862587515
368.688,NIR,973.0,7.508523903320492
369.225,NIR,975.0,7.5158959160081995
369.769,NIR,973.0,7.4838054440548305
370.305,NIR,973.0,7.4838054440548305
370.832,NIR,973.0,7.4838054440548305
371.393,NIR,975.0,7.505512539181721
371.914,NIR,975.0,7.497968545840851
372.434,NIR,975.0,7.497968545840851
372.974,NIR,975.0,7.55055369891064
373.514,NIR,975.0,7.55055369891064
374.036,NIR,977.0,7.552486086071157
374.58,NIR,975.0,7.54300970556977
375.108,NIR,975.0,7.5354657122289
375.65,NIR,975.0,7.5354657122289
376.184,NIR,975.0,7.482880559159112
376.716,NIR,975.0,7.482880559159112
377.248,NIR,973.0,7.505785198365035
377.785,NIR,973.0,7.468098354985022
378.314,NIR,973.0,7.468098354985022
378.849,NIR,973.0,7.4756215720467605
379.386,NIR,973.0,7.4756215720467605
379.898,NIR,973.0,7.483144789108499
380.453,NIR,973.0,7.483144789108499
380.996,NIR,973.0,7.483144789108499
381.528,NIR,973.0,7.47496091710043
382.063,NIR,973.0,7.47496091710043
382.594,NIR,973.0,7.482484134162168
383.127,NIR,975.0,7.497318542825094
383.66,NIR,975.0,7.497318542825094
384.257,NIR,975.0,7.497318542825094
384.735,NIR,975.0,7.497318542825094
385.259,NIR,973.0,7.483144789108499
385.805,NIR,973.0,7.483144789108499
386.339,NIR,975.0,7.497318542825094
386.872,NIR,975.0,7.264051872510157
387.417,NIR,973.0,6.998123421549371
387.941,NIR,975.0,6.779982014799451
388.483,NIR,973.0,6.504257527035845
389.02,NIR,975.0,6.2579543725023274
389.55,NIR,975.0,6.008949712489892
390.078,NIR,975.0,5.768139048834085
390.622,NIR,975.0,5.505499443375873
391.154,NIR,977.0,5.275007093410201
391.691,NIR,975.0,5.035064531110943
392.223,NIR,973.0,5.000750847256382
392.779,NIR,973.0,5.008274064318121
393.304,NIR,973.0,5.008274064318121
393.827,NIR,973.0,5.008274064318121
394.366,NIR,973.0,5.008274064318121
394.865,NIR,973.0,5.008274064318121
395.428,NIR,973.0,5.008274064318121
395.958,NIR,973.0,5.015797281379859
396.494,NIR,973.0,5.015797281379859
397.06,NIR,973.0,5.015797281379859
397.57,NIR,973.0,5.015797281379859
398.097,NIR,973.0,5.015797281379859
398.651,NIR,973.0,4.991078822114197
399.176,NIR,973.0,4.983555605052459
399.711,NIR,973.0,4.983555605052459
400.24,NIR,977.0,5.040486952429399
400.776,NIR,977.0,5.040486952429399
401.313,NIR,977.0,5.040486952429399
401.843,NIR,977.0,5.032920396649568
402.391,NIR,977.0,5.040486952429399
402.927,NIR,977.0,5.026257750008936
403.456,NIR,977.0,5.026257750008936
403.993,NIR,977.0,5.018048465397278
404.54,NIR,977.0,5.026257750008936
405.06,NIR,977.0,5.040486952429399
405.601,NIR,977.0,5.040486952429399
406.128,NIR,977.0,5.040486952429399
406.665,NIR,977.0,5.040486952429399
407.203,NIR,977.0,5.040486952429399
407.786,NIR,977.0,5.040486952429399
408.279,NIR,973.0,4.9760323879907205
408.795,NIR,975.0,5.035064531110943
409.345,NIR,973.0,5.016457936326189
409.866,NIR,973.0,5.008274064318121
410.411,NIR,973.0,5.023981153387927
410.945,NIR,973.0,5.015797281379859
411.478,NIR,973.0,5.008274064318121
412.015,NIR,973.0,5.015797281379859
412.549,NIR,973.0,5.015797281379859
413.077,NIR,977.0,5.025615021177107
413.62,NIR,973.0,5.001457312999875
414.153,NIR,973.0,5.001457312999875
414.69,NIR,973.0,5.001457312999875
415.226,NIR,977.0,5.018048465397278
415.761,NIR,973.0,4.993934095938137
416.296,NIR,973.0,4.993934095938137
416.829,NIR,973.0,4.985750223930068
417.367,NIR,973.0,4.985750223930068
417.892,NIR,973.0,4.993934095938137
418.433,NIR,973.0,4.993934095938137
418.971,NIR,973.0,4.993934095938137
419.503,NIR,973.0,4.993934095938137
420.016,NIR,973.0,4.993934095938137
420.58,NIR,973.0,5.002117967946206
421.107,NIR,973.0,4.993934095938137
421.633,NIR,973.0,4.993934095938137
422.169,NIR,973.0,4.993934095938137
422.703,NIR,973.0,5.002117967946206
423.252,NIR,973.0,4.993934095938137
423.78,NIR,977.0,5.018048465397278
424.313,NIR,977.0,5.040486952429399
424.85,NIR,977.0,5.018048465397278
425.384,NIR,977.0,5.018048465397278
425.912,NIR,977.0,5.010481909617448
426.449,NIR,977.0,5.018048465397278
426.992,NIR,977.0,5.018048465397278
427.529,NIR,973.0,4.993934095938137
428.054,NIR,973.0,4.993934095938137
428.594,NIR,973.0,4.993934095938137
429.13,NIR,973.0,4.993934095938137
429.658,NIR,977.0,5.018048465397278
430.2,NIR,973.0,4.991078822114197
430.735,NIR,973.0,5.00761340937179
431.262,NIR,973.0,5.00761340937179
431.848,NIR,973.0,5.0007966580535435
432.338,NIR,973.0,4.993273440991806
432.864,NIR,973.0,4.982894950106129
433.399,NIR,973.0,4.961031764664407
433.936,NIR,977.0,5.018048465397278
434.472,NIR,973.0,4.985750223930068
434.986,NIR,973.0,4.985750223930068
435.548,NIR,973.0,4.985750223930068
436.092,NIR,973.0,4.961031764664407
436.617,NIR,977.0,5.018048465397278
437.142,NIR,973.0,4.983555605052459
437.693,NIR,973.0,4.9753717330443905
438.208,NIR,973.0,4.983555605052459
438.751,NIR,973.0,4.983555605052459
439.285,NIR,973.0,4.991078822114197
439.823,NIR,978.0,5.009502887001057
440.356,NIR,973.0,4.961031764664407
440.887,NIR,973.0,4.9753717330443905
441.422,NIR,973.0,4.9753717330443905
441.964,NIR,973.0,4.967848515982652
442.498,NIR,973.0,4.967848515982652
443.033,NIR,973.0,4.978227006868329
443.57,NIR,973.0,4.970703789806591
444.106,NIR,973.0,4.992566975248313
444.642,NIR,973.0,4.992566975248313
445.164,NIR,973.0,4.746317588336462
445.7,NIR,973.0,4.506884952742856
446.238,NIR,973.0,4.253112348769266
446.773,NIR,973.0,4.021202930237399
447.305,NIR,973.0,3.78929351170553
447.843,NIR,967.0,3.5008188412954633
448.383,NIR,967.0,3.264680870403068
448.911,NIR,978.0,3.0818056527671334
449.447,NIR,967.0,2.7853477868185967
449.976,NIR,967.0,2.549209815926202
450.527,NIR,967.0,2.549209815926202
451.058,NIR,967.0,2.5566712062107526
451.59,NIR,967.0,2.5711897382949838
452.125,NIR,963.0,2.5759703281838466
452.697,NIR,967.0,2.6021652292673236
453.198,NIR,963.0,2.5759703281838466
453.72,NIR,967.0,2.6021652292673236
454.263,NIR,963.0,2.5975564572314296
454.802,NIR,963.0,2.583408572308224
455.375,NIR,963.0,2.5759703281838466
455.866,NIR,963.0,2.583408572308224
456.4,NIR,963.0,2.5759703281838466
456.937,NIR,967.0,2.6096266195518742
457.472,NIR,967.0,2.5793472720570527
458.01,NIR,967.0,2.5793472720570527
458.541,NIR,967.0,2.5793472720570527
459.087,NIR,981.0,2.631788493079952
459.615,NIR,981.0,2.631788493079952
460.127,NIR,981.0,2.6241651701001047
460.681,NIR,967.0,2.5793472720570527
461.212,NIR,981.0,2.631788493079952
461.75,NIR,967.0,2.571885881772502
462.277,NIR,967.0,2.571885881772502
462.812,NIR,967.0,2.571885881772502
463.348,NIR,967.0,2.5793472720570527
463.896,NIR,967.0,2.5793472720570527
464.419,NIR,967.0,2.5793472720570527
464.941,NIR,967.0,2.5793472720570527
465.498,NIR,967.0,2.5711897382949838
466.018,NIR,967.0,2.5793472720570527
466.565,NIR,967.0,2.5793472720570527
467.092,NIR,967.0,2.586808662341604
467.627,NIR,967.0,2.5711897382949838
468.163,NIR,967.0,2.5711897382949838
468.698,NIR,967.0,2.5711897382949838
469.239,NIR,967.0,2.5711897382949838
469.776,NIR,967.0,2.5711897382949838
470.297,NIR,967.0,2.5711897382949838
470.83,NIR,967.0,2.5711897382949838
471.374,NIR,967.0,2.563728348010433
471.911,NIR,967.0,2.5711897382949838
472.445,NIR,967.0,2.5711897382949838
472.977,NIR,967.0,2.5711897382949838
473.51,NIR,967.0,2.563728348010433
474.043,NIR,967.0,2.563728348010433
474.578,NIR,967.0,2.5711897382949838
475.088,NIR,967.0,2.563728348010433
475.645,NIR,967.0,2.563728348010433
476.193,NIR,967.0,2.563728348010433
476.722,NIR,967.0,2.563728348010433
477.254,NIR,967.0,2.563728348010433
477.791,NIR,967.0,2.563728348010433
478.332,NIR,967.0,2.563728348010433
478.892,NIR,967.0,2.563728348010433
479.394,NIR,967.0,2.5630322045329152
479.928,NIR,967.0,2.5630322045329152
480.462,NIR,967.0,2.548513672448684
480.996,NIR,967.0,2.5566712062107526
481.527,NIR,967.0,2.5566712062107526
482.061,NIR,967.0,2.548513672448684
482.592,NIR,967.0,2.5566712062107526
483.142,NIR,967.0,2.549209815926202
483.664,NIR,981.0,2.6017739452524005
484.201,NIR,981.0,2.6017739452524005
484.733,NIR,982.0,2.616761281524045
485.276,NIR,981.0,2.6017739452524005
485.813,NIR,981.0,2.6241651701001047
486.348,NIR,980.0,2.6101707540170276
486.881,NIR,980.0,2.6101707540170276
487.41,NIR,967.0,2.563728348010433
487.949,NIR,967.0,2.563728348010433
488.489,NIR,967.0,2.563728348010433
489.03,NIR,967.0,2.5711897382949838
489.558,NIR,967.0,2.5711897382949838
490.058,NIR,967.0,2.549209815926202
490.624,NIR,967.0,2.549209815926202
491.162,NIR,967.0,2.549209815926202
491.698,NIR,967.0,2.549209815926202
492.243,NIR,978.0,2.6168356973504103
492.75,NIR,978.0,2.6168356973504103
493.296,NIR,967.0,2.549209815926202
493.839,NIR,967.0,2.5566712062107526
494.364,NIR,978.0,2.6168356973504103
494.916,NIR,978.0,2.6168356973504103
495.446,NIR,963.0,2.5620350287172635
495.973,NIR,963.0,2.5613262478570573
496.513,NIR,963.0,2.5613262478570573
497.037,NIR,963.0,2.5538880037326797
497.578,NIR,967.0,2.586546305220704
498.119,NIR,963.0,2.5457409787480962
498.645,NIR,963.0,2.5538880037326797
499.181,NIR,963.0,2.5457409787480962
499.721,NIR,963.0,2.5457409787480962
500.247,NIR,963.0,2.5457409787480962
500.786,NIR,967.0,2.5410522821641335
501.325,NIR,967.0,2.5417484256416514
501.85,NIR,967.0,2.549209815926202
502.42,NIR,967.0,2.549209815926202
502.924,NIR,967.0,2.549209815926202
503.458,NIR,967.0,2.549209815926202
503.997,NIR,967.0,2.563728348010433
504.536,NIR,967.0,2.563728348010433
505.032,NIR,978.0,2.3958896525369626
505.589,NIR,978.0,2.1465245831189215
506.13,NIR,980.0,1.9213798615022593
506.679,NIR,981.0,1.6881697348243456
507.206,NIR,982.0,1.454139186669544
507.727,NIR,983.0,1.2210633782326805
508.269,NIR,984.0,0.9842792144405423
508.807,NIR,713.0,1.542201892898965
509.345,inconnu,0.0,0.0
509.866,inconnu,0.0,0.0
510.4,inconnu,0.0,0.0
510.935,inconnu,0.0,0.0
511.471,inconnu,0.0,0.0
512.015,inconnu,0.0,0.0
512.637,inconnu,0.0,0.0
513.074,inconnu,0.0,0.0
513.61,inconnu,0.0,0.0
514.157,inconnu,0.0,0.0
514.694,inconnu,0.0,0.0
515.223,inconnu,0.0,0.0
515.76,inconnu,0.0,0.0
516.3,inconnu,0.0,0.0
516.823,inconnu,0.0,0.0
517.364,inconnu,0.0,0.0
517.905,inconnu,0.0,0.0
518.432,inconnu,0.0,0.0
518.97,inconnu,0.0,0.0
519.499,inconnu,0.0,0.0
520.029,inconnu,0.0,0.0
520.57,inconnu,0.0,0.0
521.109,inconnu,0.0,0.0
521.639,inconnu,0.0,0.0
522.183,inconnu,0.0,0.0
522.71,inconnu,0.0,0.0
523.236,inconnu,0.0,0.0
523.781,inconnu,0.0,0.0
524.316,inconnu,0.0,0.0
524.845,inconnu,0.0,0.0
525.385,inconnu,0.0,0.0
525.96,inconnu,0.0,0.0
526.451,inconnu,0.0,0.0
526.981,inconnu,0.0,0.0
527.532,inconnu,0.0,0.0
528.064,inconnu,0.0,0.0
528.589,inconnu,0.0,0.0
529.124,inconnu,0.0,0.0
529.666,inconnu,0.0,0.0
530.182,inconnu,0.0,0.0
530.737,inconnu,0.0,0.0
531.274,inconnu,0.0,0.0
531.803,inconnu,0.0,0.0
532.338,inconnu,0.0,0.0
532.883,inconnu,0.0,0.0
533.415,inconnu,0.0,0.0
533.95,inconnu,0.0,0.0
534.487,inconnu,0.0,0.0
535.018,inconnu,0.0,0.0
535.554,inconnu,0.0,0.0
536.084,inconnu,0.0,0.0
536.617,inconnu,0.0,0.0
537.157,inconnu,0.0,0.0
537.688,inconnu,0.0,0.0
538.229,inconnu,0.0,0.0
538.762,inconnu,0.0,0.0
539.298,inconnu,0.0,0.0
539.828,inconnu,0.0,0.0
540.358,inconnu,0.0,0.0
540.895,inconnu,0.0,0.0
541.422,inconnu,0.0,0.0
541.962,inconnu,0.0,0.0
542.501,inconnu,0.0,0.0
543.027,inconnu,0.0,0.0
543.568,inconnu,0.0,0.0
544.099,inconnu,0.0,0.0
544.64,inconnu,0.0,0.0
545.138,inconnu,0.0,0.0
545.695,inconnu,0.0,0.0
546.24,inconnu,0.0,0.0
546.768,inconnu,0.0,0.0
547.31,inconnu,0.0,0.0
547.84,inconnu,0.0,0.0
548.377,inconnu,0.0,0.0
548.918,inconnu,0.0,0.0
549.45,inconnu,0.0,0.0
550.013,inconnu,0.0,0.0
550.516,inconnu,0.0,0.0
551.057,inconnu,0.0,0.0
551.588,inconnu,0.0,0.0
552.124,inconnu,0.0,0.0
552.653,inconnu,0.0,0.0
553.194,inconnu,0.0,0.0
553.72,inconnu,0.0,0.0
554.256,inconnu,0.0,0.0
554.797,inconnu,0.0,0.0
555.323,inconnu,0.0,0.0
555.862,inconnu,0.0,0.0
556.4,inconnu,0.0,0.0
556.943,inconnu,0.0,0.0
557.472,inconnu,0.0,0.0
557.996,inconnu,0.0,0.0
558.536,inconnu,0.0,0.0
559.084,inconnu,0.0,0.0
559.624,inconnu,0.0,0.0
560.134,inconnu,0.0,0.0
560.682,inconnu,0.0,0.0
561.224,inconnu,0.0,0.0
561.754,inconnu,0.0,0.0
562.292,inconnu,0.0,0.0
562.821,inconnu,0.0,0.0
563.356,inconnu,0.0,0.0
563.892,inconnu,0.0,0.0
564.432,inconnu,0.0,0.0
