0,046841457;0;0;0;0;0
0,048410972;0;0;0;0;0
0,048233884;0;0;0;0;0
0,049911051;0;0;0;0;0
0,050577893;0;0;0;0;0
0,051358063;0;0;0;0;0
0,053444195;0;0;0;0;0
0,054522232;0;0;0;0;0
0,055943904;0;0;0;0;0
0,057630649;0;0;0;0;0
0,05928141;0;0;0;0;0
0,059119223;0;0;0;0;0
0,057584527;0;0;0;0;0
0,05759213;0;0;0;0;0
0,05759213;0;0;0;0;0
0,05759213;0;0;0;0;0
0,05759213;0;0;0;0;0
0,05759213;0;0;0;0;0
0,05759213;0;0;0;0;0
0,05759213;0;0;0;0;0
0,05759213;0;0;0;0;0
0,057591623;0;0;0;0;0
0,05752168;0;0;0;0;0
0,059640756;0;0;0;0;0
0,059090333;0;0;0;0;0
0,05989468;0;0;0;0;0
0,059895693;0;0;0;0;0
0,059895693;0;0;0;0;0
0,059895693;0;0;0;0;0
0,059895693;0;0;0;0;0
0,059963609;0;0;0;0;0
0,060552044;0;0;0;0;0
0,061430389;0;0;0;0;0
0,061427855;0;0;0;0;0
0,062182025;0;0;0;0;0
0,062141985;0;0;0;0;0
0,063732432;0;0;0;0;0
0,065250402;0;0;0;0;0
0,065214923;0;0;0;0;0
0,066739989;0;0;0;0;0
0,068343614;0;0;0;0;0
0,068386188;0;0;0;0;0
0,069889966;0;0;0;0;0
0,069878309;0;0;0;0;0
0,070540742;0;0;0;0;0
0,072096217;0;0;0;0;0
0,076532541;0;0;0;0;0
0,082165502;0;0;0;0;0
0,087338763;0;0;0;0;0
0,093204361;0;0;0;0;0
0,100022808;0;0;0;0;0
0,107338459;0;0;0;0;0
0,11367744;0;0;0;0;0
0,119715868;0;0;0;0;0
0,126865785;0;0;0;0;0
0,134815994;0;0;0;0;0
0,142080455;0;0;0;0;0
0,14867336;0;0;0;0;0
0,15814458;0;0;0;0;0
0,165313756;0;0;0;0;0
0,173399289;0;0;0;0;0
0,181436167;0;0;0;0;0
0,189383334;0;0;0;0;0
0,19762548;0;0;0;0;0
0,20472674;0;0;0;0;0
0,211960284;0;0;0;0;0
0,22054505;0;0;0;0;0
0,228394398;0;0;0;0;0
0,236113997;0;0;0;0;0
0,244084479;0;0;0;0;0
0,252864883;0;0;0;0;0
0,260171411;0;0;0;0;0
0,266582363;0;0;0;0;0
0,273796141;0;0;0;0;0
0,281321115;0;0;0;0;0
0,287800996;0;0;0;0;0
0,296363968;0;0;0;0;0
0,304330395;0;0;0;0;0
0,31406821;0;0;0;0;0
0,322819217;0;0;0;0;0
0,331449091;0;0;0;0;0
0,338497641;0;0;0;0;0
0,344755528;0;0;0;0;0
0,352574467;0;0;0;0;0
0,358264193;0;0;0;0;0
0,366627471;0;0;0;0;0
0,374589337;0;0;0;0;0
0,383795989;0;0;0;0;0
0,392409644;0;0;0;0;0
0,401694348;0;0;0;0;0
0,411171143;0;0;0;0;0
0,424141549;0;0;0;0;0
0,436269089;0;0;0;0;0
0,449391038;0;0;0;0;0
0,461525674;0;0;0;0;0
0,473203651;0;0;0;0;0
0,481473166;0;0;0;0;0
0,485423435;0;0;0;0;0
0,490559698;0;0;0;0;0
0,495298602;0;0;0;0;0
0,500248856;0;0;0;0,047534986;0
0,508461605;0,102130557;0;0;0,045146545;0
0,517184229;0,100326762;0;0;0,042827559;0
0,524330598;0,098506547;0;0;0,040319656;0
0,533570194;0,096677181;0;0;0,036612552;0
0,542054606;0,094832099;0;0;0,0348492;0
0,549048925;0,093800588;0;0;0,031734473;0
0,556646376;0,0912909;0;0;0,029185839;0
0,563088245;0,09177651;0;0;0,027522804;0
0,570341049;0,097167718;0;0;0,024493333;0
0,578323695;0,103107641;0;0;0,023994912;0
0,585581567;0,110420644;0;0;0,022044131;0
0,594380217;0,120165685;0;0;0,02009196;0
0,601643158;0,13055539;0;0;0,019595133;0
0,609595394;0,140542766;0;0;0,017330161;0
0,617770637;0,154541232;0;0;0,016174718;0
0,627958014;0,167854919;0;0;0,015337184;0
0,638657294;0,181786292;0;0;0,014611545;0
0,649108224;0,195732444;0;0;0,01262069;0
0,659842983;0,208133559;0;0;0,012374876;-1,27746E-06
0,671449496;0,221245963;0;0;0,011567923;5,3163E-06
0,679852815;0,235227539;0;0;0,011590839;-1,73877E-05
0,690764966;0,247194186;0;0;0,011589812;4,31267E-05
0,699533205;0,257621895;0;0;0,011114353;-6,34725E-05
0,709624283;0,269515818;0;0;0,009247268;-6,3455E-05
0,718939905;0,279394577;0;0;0,009294338;0,002084253
0,726577903;0,289193574;0;0;0,00927579;0,002735206
0,735396826;0,299020722;0;0;0,00928118;0,002457909
0,742979073;0,307447344;0;0;0,009317126;0,002547646
0,751580057;0,316038181;0;0;0,008440894;0,002526237
0,759552566;0,322381606;0;0;0,006884003;0,002528636
0,767621374;0,330202975;0;0;0,006900429;0,002529728
0,776019625;0,336527633;0;0;0,005586316;0,002528823
0,783596803;0,342969588;0;0;0,003451236;0,002529214
0,791599722;0,348114237;0;0;0,003577538;0,002529089
0,799739487;0,352400272;0;0;0,00229853;0,002529118
0,80843677;0,356674577;0;0;0,001649393;0,002529115
0,817331718;0,360958266;0;0;0,001181051;0,002529115
0,825937771;0,365314679;0;0;0,001152632;0,002529108
0,835527083;0,368242414;0;0;0,00115603;0,002529137
0,844340938;0,372608211;0;0;0,00118075;0,002529062
0,852374267;0,376884862;0;0;0,001399688;0,002529178
0,861152643;0,381161513;0;0;0,00338996;0,002529259
0,869708013;0,385445202;0;0;0,00372356;0,002527866
0,877178756;0,389787539;0;0;0,006824888;0,002534327
0,885212085;0,392750463;0;0;0,007978649;0,002513001
0,894274289;0,397097493;0;0;0,010490419;0,002565632
0,903605115;0,401350684;0;0;0,012064438;0,002489003
0,913158948;0,405064309;0;0;0,015173994;0,002411934
0,922008282;0,407459516;0;0;0,015692279;0,00450142
0,931445543;0,411600102;0,044216944;0;0,017409409;0,00528914
0,939970502;0,414933685;0,044899606;0;0,018306744;0,004969684
0,947532475;0,417019227;0,046233201;0;0,018744387;0,005110467
0,955525258;0,419163417;0,047182515;0;0,020759175;0,005021693
0,963487631;0,421312299;0,048751887;0;0,020845176;0,004927952
0,97090769;0,42353156;0,049453508;0;0,020869885;0,007003978
0,977273534;0,42430572;0,050776473;0;0,020869508;0,007817614
0,984095528;0,426543748;0,052284067;0;0,020869034;0,007513398
0,989954537;0,429821028;0,053798316;0;0,020866292;0,007606669
0,99601628;0,431554679;0,055310107;0;0,020862095;0,00758355
1;0,434679473;0,056821776;0;0,021012858;0,007576214
0,994429887;0,437654127;0,058334247;0;0,019710459;0,007656541
0,98473414;0,441965967;0,059846157;0;0,017890269;0,007319781
0,975327288;0,445142371;0,061318164;0;0,016876899;0,008519458
0,964769922;0,449618428;0,063409563;0;0,015061584;0,010347012
0,9447905;0,455035206;0,065414911;0;0,013560187;0,010096409
0,915338337;0,459096031;0,066891202;0;0,01056538;0,010100713
0,865648267;0,464768517;0,068713211;0;0,010096853;0,010127669
0,816084905;0,46897479;0,070437664;0;0,008117103;0,010111867
0,765938683;0,475414399;0,072781549;0;0,007510791;0,010117864
0,721114225;0,480903901;0,074440657;0;0,006989857;0,010116148
0,679786927;0,486323026;0,076217985;0;0,006195957;0,010116481
0,644582191;0,493656439;0,078503174;0;0,00582097;0,010116482
0,611267948;0,499873183;0,079876832;0;0,005791947;0,010116442
0,579550235;0,507523298;0,082567466;0;0,005796371;0,010116465
0,549332752;0,513927718;0,083891097;0;0,005797013;0,010116456
0,520939874;0,521155563;0,08659925;0;0,005796954;0,010116459
0,498143971;0,527799269;0,087918766;0;0,005796971;0,010116458
0,475200073;0,535995988;0,090627424;0;0,005797457;0,010116458
0,451512141;0,543167531;0,09201625;0;0,005796701;0,010116458
0,425148122;0,551854552;0,094173818;0;0,005767229;0,010116458
0,396481047;0,557939924;0,096095434;0;0,005744908;0,010116458
0,361368048;0,56654249;0,098210912;0;0,00441637;0,010116458
0,325863773;0,574624258;0,10012095;0;0,005876728;0,010116458
0,291924096;0,582626264;0,102239807;0;0,005778274;0,010116458
0,257966174;0,58984238;0,104217482;0;0,005794958;0,010116458
0,224460348;0,598449639;0,105796684;0;0,005797197;0,010116458
0,188780708;0,606085678;0,108274082;0;0,005796992;0,010116458
0,155043765;0,614385618;0,10975565;0;0,005796945;0,010116458
0,12390435;0,622490846;0,112096927;0;0,005796913;0,010116458
0,093759345;0,63033802;0,113708939;0;0,005796981;0,010116458
0,0726066;0,638832673;0,115545508;0;0,005799051;0,010116458
0,060030511;0,646304496;0,117793918;0;0,005799769;0,010116458
0,047332732;0,653558147;0,119206374;0;0,00568124;0,010116458
0,034811381;0,662160714;0,121304505;0;0,007069404;0,010116458
0,024471042;0,670451271;0,123164648;0;0,006106131;0,010116458
0,017699528;0,676888534;0,124878423;0;0,005819691;0,010116458
0,01607122;0,685509868;0,126869446;0;0,005822571;0,010116458
0,016001784;0,693145907;0,128403672;0;0,006136535;0,010116458
0,013839425;0,700214229;0,130753881;0;0,006967658;0,010116458
0;0,708903595;0,132354369;0,376062607;0,006514446;0,010116458
0;0,715772512;0,133887041;0,377373182;0,005786018;0,010116458
0;0,723633761;0,135454017;0,377669443;0,005788363;0,010116458
0;0,730997671;0,137852255;0,37895334;0,005796813;0,010116458
0;0,738591483;0,138768024;0,380113429;0,005797107;0,010116458
0;0,747022796;0,139830599;0,382129062;0,005796998;0,010116458
0;0,753680578;0,142740308;0,384720587;0,0057963;0,010116458
0;0,761708389;0,144997631;0,385348565;0,005793109;0,010116458
0;0,770296881;0,146478475;0,387901962;0,00582725;0,010116458
0;0,778883026;0,1479435;0,3900677;0,00611715;0,010116458
0;0,787382371;0,150155792;0,391999725;0,006970013;0,010116458
0;0,796564386;0,152027475;0,394504451;0,00653516;0,010116458
0;0,805973957;0,153528129;0,396020463;0,005782392;0,010116458
0;0,815249809;0,154996914;0,399152109;0,005788185;0,010116458
0;0,825067573;0,157218097;0,401710357;0,005796843;0,010116458
0;0,833534076;0,159077777;0,404157831;0,005799456;0,010116458
0;0,844264411;0,160580377;0,406445455;0,005803669;0,010116458
0;0,853603604;0,162050097;0,410710119;0,005673414;0,010116458
0;0,862654246;0,16428008;0,412278498;0,007059768;0,010116458
0;0,872540042;0,166129149;0,422922189;0,006908605;0,010116458
0;0,882224088;0,167643708;0,424212546;0,006658747;0,010116458
0;0,88951762;0,169049251;0,426782837;0,005756649;0,010116458
0;0,897409367;0,171757533;0,429249073;0,005788023;0,010116458
0;0,905683502;0,173150877;0,431287539;0,005797293;0,010116458
0;0,912796396;0,174647841;0,433217226;0,005797116;0,010116458
0;0,921415385;0,176577318;0,434982947;0,00579695;0,010116458
0;0,927725967;0,178743165;0,436987697;0,005796947;0,010116458
0;0,935453498;0,180209814;0,4389922;0,005796949;0,010116458
0;0,942345873;0,181699572;0,440996679;0,00579695;0,010116458
0;0,950627046;0,183639747;0,443014473;0,005796954;0,010116458
0;0,956916515;0,185795307;0,444620324;0,005796905;0,010116458
0;0,964597127;0,187262146;0,445450503;0,005796593;0,010116458
0;0,973199694;0,188750035;0,447285308;0,005798826;0,010116458
0;0,979601768;0,190702395;0,448915574;0,00582149;0,010116458
0;0,987936898;0,192848292;0,449917086;0,005736206;0,010116458
0;0,996527735;0,194311447;0,450614681;0,00704954;0,010116458
0;1,00359371;0,195749925;0,451032528;0,006962018;0,010116458
0;1,011222711;0,19825098;0,451454976;0,005683612;0,010116458
0;1,019846392;0,19982783;0,452732872;0,005793124;0,010116458
0;1,026295385;0,2013783;0,453990635;0,00580179;0,010116458
0;1,034682125;0,203025969;0,454385873;0,005810493;0,010116458
0;1,041853668;0,205368994;0,455996543;0,005648363;0,010116458
0;1,049119048;0,206897935;0,457561414;0,006829946;0,010116458
0;1,056705822;0,208428242;0,458586535;0,005634727;0,010116458
0;1,063168891;0,210085836;0,45931712;0,007069146;0,010116458
0;1,070117569;0,21242616;0,461247557;0,006950093;0,010116458
0;1,077823986;0,213949708;0,462424062;0,006953785;0,010116458
0;1,084601411;0,215479182;0,463621113;0,006956599;0,010116458
0;1,091228695;0,217145984;0,464048916;0,006979723;0,010116458
0;1,097574467;0,219483461;0,465316107;0,006994679;0,010116458
0;1,104;0,221012821;0,466538462;0,008940043;0,010116458
0;1,110453685;0,222512804;0,467765907;0,009258576;0,010116458
0;1,117320255;0,224808397;0,468983526;0,009279123;0,010116458
0;1,123117076;0,226558586;0,470688449;0,009275536;0,010116458
0;1,129657561;0,228078169;0,472589537;0,009275067;0,010116458
0;1,13607371;0,229567464;0,473848968;0,009275127;0,010116458
0;1,142499244;0,231869506;0,475768379;0,009275065;0,010116458
0;1,149051458;0,233609093;0,477748084;0,009274064;0,010116458
0;1,154381436;0,235130196;0,47972551;0,009276155;0,010116458
0;1,161869681;0,236622754;0,481606294;0,00933789;0,010116458
0;1,168156804;0,238930443;0,486635429;0,00935283;0,010116458
0;1,175795189;0,24065981;0,490686144;0,011794711;0,010116458
0;1,182033047;0,242198928;0,491790257;0,011605125;0,010116458
0;1,189880221;0,243672737;0,493770556;0,011590818;0,010116458
0;1,196355019;0,246300882;0,495984244;0,011593602;0,010116458
0;1,204934127;0,247709526;0,497011314;0,011593953;0,010116458
0;1,212337918;0,24918272;0,498683318;0,011594022;0,010116458
0;1,219136456;0,251237752;0,500143745;0,011593454;0,010116458
0;1,227225261;0,253287342;0,501249522;0,011586267;0,010116458
0;1,235902898;0,254762062;0,503368973;0,011604365;0,010116458
0;1,241706757;0,25623507;0,505185036;0,012189813;0,010116458
0;1,250464156;0,258300499;0,506719121;0,012772999;0,010116458
0;1,258977578;0,260338316;0,509264778;0,014028395;0,010116458
0;1,26590045;0,261814436;0,510859393;0,013933198;0,010116458
0;1,273850846;0,263286307;0,513352922;0,013663863;0,010116458
0;1,282401802;0,265363262;0,515789323;0,016437585;0,010116458
0;1,289484199;0,267387951;0,518220182;0,016198246;0,010116458
0;1,297092087;0,268865372;0,520651449;0,016222499;0,010116458
0;1,304641326;0,270404673;0,523081366;0,0162506;0,010116458
0;1,312411084;0,271926745;0,525507718;0,016587654;0,010116458
0;1,31912986;0,274497598;0,528017209;0,018459465;0,010116458
0;1,327544751;0,275918801;0,52951834;0,019694877;0,010116458
0;1,333848296;0,277455679;0,532070775;0,020883434;0,01011646
0;1,341465567;0,278991731;0,533658744;0,020739406;0,010116456
0;1,347555631;0,281546214;0,536189762;0,022157012;0,010116459
0;1,354248602;0,282970218;0,537402905;0,02406809;0,010116477
0;1,360606103;0,284526748;0,53957441;0,024507867;0,010116359
0;1,368420433;0,285452397;0,541218292;0,025600595;0,01011681
0;1,374756821;0,288006456;0,542732729;0,025756256;0,010115521
0;1,38231779;0,290003299;0,545106197;0,027600695;0,010118099
0;1,388588491;0,291532395;0,546085078;0,028917432;0,010116596
0;1,396332444;0,293023535;0,548629214;0,031118729;0,010102078
0;1,404515087;0,29518861;0,55034704;0,033091151;0,010188915
0;1,410323638;0,297056437;0,551864705;0,033625263;0,00986531
0;1,419062269;0,298592159;0,554300237;0,036827823;0,01085813
0;1,426581011;0,300102825;0,556072915;0,037135479;0,012830325
0;1,434233472;0,301499537;0,557612701;0,039746597;0,012652252
0;1,442533413;0,304191405;0,560191421;0,041751473;0,012619662
0;1,449700263;0,305597302;0,561865461;0,042543048;0,012659377
0;1,45696799;0,30708027;0,56357227;0,044629651;0,012640575
0;1,463407599;0,308458966;0,561010782;0,047361867;0,012646945
0;1,469952775;0,311146827;0,560685376;0,04910679;0,012645323
0;1,475653413;0,312475884;0,559738784;0,050917671;0,012645553
0;1,482100059;0,314183543;0,571969466;0,053316954;0,012645691
0;1,487732665;0,315743545;0,571819052;0,054481965;0,012645177
0;1,491943629;0,317356545;0,573200672;0,058190193;0,012646838
0;1,497299414;0,31981056;0,575194844;0,06035114;0,012642409
0;1,503727293;0,321254435;0,575680005;0,062903525;0,012650379
0;1,508100127;0,322790127;0,58537026;0,065053764;0,012649512
0;1,514131543;0,324424338;0,585925155;0,067759115;0,012586079
0;1,520521887;0,326859424;0,586536541;0,069763645;0,012918142
0;1,526935691;0,328309982;0,588312638;0,072607406;0,011506141
0;1,5333753;0,329806021;0,589406459;0,074507247;0,009856208
0;1,540610183;0,331283941;0,590065013;0,077353781;0,010158578
0;1,547748882;0,333578501;0,59077567;0,080026899;0,010122752
0;1,555788423;0,335331816;0,591951577;0,082236266;0,010102609
0;1,562748831;0,336863684;0,593505127;0,085338832;0,010145236
0;1,571241139;0,338332319;0,594280392;0,087073586;0,010035034
0;1,57785904;0,340648903;0,5956238;0,090091846;0,010309576
0;1,586189477;0,342382656;0,596859968;0,091857413;0,009853055
0;1,593255453;0,343915372;0,59802389;0,095770603;0,007606119
0;1,601726647;0,345380155;0,599206173;0,096542519;0,009502901
0;1,608102915;0,347718952;0,601360346;0,100499461;0,010422992
0;1,616815742;0,349432352;0,601571028;0,102740557;0,009910826
0;1,622769741;0,350975994;0,603702714;0,10532798;0,010457843
0;1,630863238;0,35249703;0,605810946;0,108888172;0,013127944
0;1,637126902;0,353897158;0,608553232;0,111265351;0,017450838
0;1,644931849;0,356609416;0,611030214;0,113620893;0,019419716
0;1,651268236;0,358010358;0,613742202;0,115975157;0,024164891
0;1,657806375;0,359547438;0,616633122;0,118397277;0,031747335
0;1,665048296;0,360952702;0,619239437;0,122062529;0,035953756
0;1,670331356;0,363664108;0,619867261;0,1249287;0,038661451
0;1,676956294;0,365060932;0,621847546;0,126797444;0,049515579
0;1,682032911;0,366579072;0,623156673;0,130557317;0,058572207
0;1,688535861;0,368121359;0,625214299;0,132442454;0,065902016
0;1,693959677;0,369874643;0,626312295;0,135286646;0,07725772
0;1,700357059;0,372168003;0,628304858;0,138953389;0,088528759
0;1,705468865;0,373646123;0,629924597;0,141395864;0,094103363
0;1,710932563;0,375142175;0,631633807;0,143649446;0,10238758
0;1,717001513;0,376592551;0,633058094;0,147313653;0,115827294
0;1,723499771;0,379028527;0,634682071;0,150336541;0,121521325
0;1,728848517;0,380662002;0,636719134;0,152103378;0,129518704
0;1,735787811;0,382197703;0,638708984;0,155713637;0,141628574
0;1,742098394;0,383641359;0,640548852;0,159103717;0,147204577
0;1,749136218;0,386096545;0,643395495;0,161781426;0,1556791
0;1,755561751;0,387711781;0,645602632;0,164003495;0,164439348
0;1,763164947;0,3892564;0,647772204;0,167848445;0,171457267
0;1,769360578;0,390785114;0,649800601;0,170247089;0,177117238
0;1,775462371;0,392204198;0,651766513;0,171499873;0,18455871
0;1,781345992;0,394900558;0,654876047;0,176453688;0,192516588
0;1,789817187;0,396297314;0,658628309;0,178568526;0,194311356
0;1,79641632;0,397821812;0,662387633;0,182315417;0,200268158
0;1,802621334;0,399303967;0,665205223;0,184541222;0,204237156
0;1,809046868;0,401572819;0,667876323;0,187406437;0,205680431
0;1,816260637;0,403364902;0,679955209;0,190612154;0,207942628
0;1,823418105;0,404864897;0,684660089;0,194122755;0,210048521
0;1,829712265;0,406395336;0,688469077;0,197437659;0,212258566
0;1,834899142;0,408264148;0,69202394;0,200211241;0,212569916
0;1,841589766;0,410428839;0,696402026;0,202425326;0,212404205
0;1,847773668;0,411928125;0,699353052;0,206224257;0,212432368
0;1,854229698;0,413429748;0,703473578;0,208436625;0,212500142
0;1,858991959;0,414911175;0,706658065;0,212165961;0,212413386
0;1,864584683;0,416901163;0,709519183;0,214442945;0,212115403
0;1,868816762;0,41901073;0,713025297;0,21808439;0,216122517
0;1,873987216;0,420482202;0,716103469;0,22062214;0,218044206
0;1,878500807;0,422006364;0,719466439;0,222912199;0,217212285
0;1,88278215;0,42348667;0,721878188;0,226574592;0,217835678
0;1,886887548;0,425571046;0,725083522;0,22988813;0,220111586
0;1,890216439;0,427035793;0,72762543;0,232638189;0,222337302
0;1,896738156;0,428759265;0,731273558;0,234845929;0,222768751
0;1,901943799;0,430564418;0,736638976;0,238681845;0,222220853
0;1,907140059;0,432111259;0,739536412;0,241466287;0,223492147
0;1,912357433;0,433105409;0,742996015;0,244620977;0,225128541
0;1,917720255;0,433906648;0,745976279;0,246906413;0,225126838
0;1,924040221;0,437071385;0,747898086;0,250528599;0,229334814
0;1,931805287;0,438591335;0,749944304;0,253042158;0,232285071
0;1,937505924;0,440123264;0,751985537;0,255331155;0,232846453
0;1,943727361;0,442197775;0,754208606;0,25916532;0,232494465
0;1,950619737;0,44365681;0,755298069;0,261386925;0,232971957
0;1,957242329;0,445179958;0,757900887;0,264078915;0,23521826
0;1,96366317;0,446677498;0,760476088;0,267555673;0,237268203
0;1,968864122;0,448809195;0,762077069;0,269966951;0,239776094
0;1,975507828;0,449703994;0,764547523;0,273572995;0,239943665
0;1,980992639;0,451780868;0,766963856;0,275886168;0,241790073
0;1,986554866;0,45323008;0,769398822;0,279597442;0,245629714
0;1,993421436;0,454754154;0,771900261;0,281837464;0,245318862
0;1,998676345;0,456258216;0,773483752;0,284718856;0,247488923
0;2,002819278;0,458316617;0,77550103;0,287758377;0,247856506
0;2,009957977;0,459779642;0,776616986;0,290166945;0,248801094
0;2,014384768;0,461303975;0,778731621;0,293630793;0,251278902
0;2,019398045;0,462813456;0,780260529;0,296202452;0,253262306
0;2,023700501;0,464865026;0,782351701;0,299524013;0,255390122
0;2,028992945;0,466329476;0,783833975;0,302234289;0,257670197
0;2,033400969;0,467839414;0,785552872;0,305409977;0,258105821
0;2,037670582;0,469352025;0,787532493;0,308268673;0,257967045
0;2,041658683;0,470863779;0,789536882;0,311292633;0,257851796
0;2,045107216;0,47237548;0,79153957;0,314303897;0,258184287
0;2,049358062;0,473887196;0,793532303;0,317176268;0,260417129
0;2,05350334;0,475398913;0,795009755;0,320342014;0,262563436
0;2,058455623;0,476910631;0,796766151;0,323005587;0,264575275
0;2,062232588;0,478422348;0,79119727;0,326026533;0,266898677
0;2,066467012;0,479934065;0,792443651;0,329790212;0,268377826
0;2,070731934;0,481445782;0,799705047;0,33083914;0,267922622
0;2,076050183;0,482957499;0,80503985;0,334775952;0,267968409
0;2,081689826;0,484469217;0,81316744;0,336171912;0,27225179
0;2,08591252;0,485980934;0,815841736;0,338332451;0,273681358
0;2,090092988;0,487492651;0,818319671;0,343322947;0,272571888
0;2,095695096;0,489004369;0,820837372;0,345520791;0,274358907
0;2,101111874;0,490516089;0,822386576;0,347874241;0,278671622
0;2,105353336;0,492027728;0,824256128;0,351481722;0,280618909
0;2,109550225;0,493539294;0,826603913;0,353096902;0,282846944
0;2,115797467;0,495055126;0,828212318;0,356392738;0,283475985
0;2,120515155;0,496575659;0,830700299;0,360204468;0,28309402
0;2,124810574;0,497746452;0,832144711;0,361012807;0,283580667
0;2,1291013;0,499092987;0,833944178;0,364795168;0,286353483
0;2,135327429;0,500591796;0,836505459;0,367585147;0,290688597
0;2,13993955;0,502103253;0,837360646;0,369618935;0,290812701
0;2,144263119;0,503673062;0,839758219;0,372810865;0,292378533
0;2,148560884;0,504591766;0,842107566;0,374501453;0,293491742
0;2,152905567;0,506150033;0,843210762;0,377582675;0,293788601
0;2,158280119;0,507652489;0,845562833;0,379320238;0,296175713
0;2,162434781;0,50916331;0,847243791;0,382292888;0,298232866
0;2,168097884;0,510675271;0,848804264;0,384096381;0,300651376
0;2,172276005;0,512185891;0,851314114;0,388009991;0,300670585
0;2,176540926;0,513693649;0,852559634;0,388759288;0,302758531
0;2,18081054;0,515263324;0,854633832;0,392838203;0,307085364
0;2,186154594;0,516177793;0,857119081;0,393813725;0,308614364
0;2,19049224;0,517740589;0,857819004;0,39529279;0,308593301
0;2,194203519;0,519245337;0,860417344;0,398377504;0,308343017
0;2,197968755;0,520740585;0,861698333;0,399979703;0,309849653
0;2,202250098;0,522181578;0,863751331;0,403825246;0,312193615
0;2,205311551;0,523244304;0,866227662;0,404727837;0,314188508
0;2,208687361;0,524785826;0,86657364;0,407816812;0,316362509
0;2,211429766;0,526286007;0,87316546;0,409575288;0,318533479
0;2,215361564;0,527717402;0,874299353;0,413486203;0,318789495
0;2,21769343;0,528790632;0,877481375;0,414240913;0,318580662
0;2,220651662;0,530330246;0,883783378;0,418303054;0,318803111
0;2,223921904;0,531830624;0,88424544;0,419053667;0,318405521
0;2,227412665;0,533252509;0,88631327;0,42306774;0,318908546
0;2,230915155;0,53434029;0,887536197;0,423923458;0,323369708
0;2,234248738;0,535899347;0,889239751;0,427778829;0,323835298
0;2,238612189;0,536993699;0,891286553;0,429443777;0,32478242
0;2,244139227;0,538410635;0,892145484;0,432576989;0,327500083
0;2,247174875;0,539906081;0,894693897;0,434172066;0,328969152
0;2,253647327;0,541412179;0,896718433;0,437363162;0,328751777
0;2,258158572;0,542982854;0,898731334;0,438921808;0,328669418
0;2,262822303;0,543920713;0,90156179;0,442134503;0,330411738
0;2,267802737;0,545050912;0,903673752;0,443683455;0,33304293
0;2,273339159;0,546471284;0,905728184;0,446886621;0,333806027
0;2,276543714;0,54800565;0,907978728;0,448478049;0,334310727
0;2,27999694;0,548801766;0,909102653;0,452072917;0,336399181
0;2,28192765;0,549976897;0,910975516;0,454450703;0,33610991
0;2,285221351;0,551501812;0,913665233;0,456816391;0,340133931
0;2,285012563;0,553016413;0,917381041;0,459158205;0,341669384
0;2,284984411;0,554526724;0,919793172;0,461678891;0,342153827
0;2,283060739;0,556045699;0,922254359;0,463872943;0,34422553
0;2,282706502;0,557620103;0,924525405;0,466420215;0,343937127
0;2,282654892;0,55820421;0,928456452;0,469911171;0,343863708
0;2,282619703;0,559598789;0,930284667;0,471490243;0,345265407
0;2,284024921;0,561077537;0,931462501;0,474697926;0,349501187
0;2,287217748;0,562573365;0,933572669;0,47626025;0,351812071
0;2,291470939;0,564181561;0,936717056;0,479444918;0,351865283
0;2,29639507;0,564504767;0,938726162;0,481049507;0,354107624
0;2,301431806;0,566130602;0,940762042;0,484181982;0,354016092
0;2,307728313;0,567616968;0,942670371;0,485855906;0,355643188
0;2,314428321;0,569217599;0,946244512;0,488898356;0,357917404
0;2,319767684;0,569545803;0,948208042;0,490642583;0,360187878
0;2,322800986;0,571172438;0,95082384;0,494551464;0,361753851
0;2,326603757;0,572671483;0,956176568;0,495335699;0,361675429
0;2,330406528;0,574212438;0,962655725;0,49924438;0,363726718
0;2,33312782;0,574966134;0,964811728;0,501110142;0,365894373
0;2,331882125;0,576197517;0,967241241;0,504007641;0,368179561
0;2,328736218;0,577694085;0,96992634;0,505807586;0,369491036
0;2,325806137;0,579288819;0,972853602;0,508852714;0,369168276
0;2,321782847;0,579629886;0,975307786;0,511230528;0,369252092
0;2,318977102;0,581253701;0,977814052;0,51364517;0,371043757
0;2,312924573;0,582740051;0,980945027;0,516721801;0,375530729
0;2,307460875;0,58432326;0,983359533;0,518448345;0,377030233
0;2,303144343;0,584674;0,985747799;0,52218504;0,377466547
0;2,298748049;0,586291143;0,988952615;0,524201356;0,379590466
0;2,296122941;0,587646598;0,992218892;0,526997416;0,37937327
0;2,297230225;0,588329478;0,994500074;0,52929317;0,379249109
0;2,301546757;0,589818914;0,997868733;0,531916343;0,380537343
0;2,305745992;0,591353585;1,000188343;0,535070639;0,384668753
0;2,311221419;0,592338516;1,003877799;0,536644572;0,387219445
0;2,316844641;0,593369162;1,006542297;0,539788776;0,387204932
0;2,321090795;0,594647935;1,01019585;0,541444176;0,389463209
0;2,323988032;0,595882159;1,012934762;0,545291019;0,389176334
0;2,328367905;0,596811565;1,015416519;0,546170129;0,392785991
0;2,331513812;0,598408165;1,020436259;0,55000777;0,395137499
0;2,333859754;0,599398627;1,027562503;0,552021694;0,394259752
0;2,333714305;0,600425094;1,032800675;0,554735546;0,394785232
0;2,331518504;0,601991192;1,034611748;0,556649578;0,396987996
0;2,329402465;0,6029391;1,037924329;0,560606325;0,399072676
0;2,326094688;0,604205315;1,04002111;0,563035653;0,401390868
0;2,323922346;0,605458066;1,042104791;0,565704496;0,40239094
0;2,321283162;0,606461877;1,044063493;0,567838989;0,401946279
0;2,315544989;0,607474647;1,047306159;0,571568953;0,402332034
0;2,31168357;0,608735342;1,049543983;0,571979026;0,404539688
0;2,307078487;0,609993409;1,052154261;0,575262858;0,406696989
0;2,303946655;0,611003484;1,056820289;0,578045318;0,408671767
0;2,301647633;0,612009818;1,061597045;0,581149203;0,41112339
0;2,301427114;0,613264014;1,05815934;0,582728847;0,412283789
0;2,301391925;0,614528321;1,061052808;0,586148741;0,412448717
0;2,301302779;0,615545112;1,062316497;0,588799164;0,414696127
0;2,303789477;0,616545426;1,063559803;0,590894844;0,414712986
0;2,303639337;0,617792721;1,066574855;0,593516647;0,416115372
0;2,304870956;0,619062824;1,069213316;0,595691744;0,418438083
0;2,306189375;0,620085434;1,071603379;0,599337179;0,420658132
0;2,305811679;0,62108009;1,074925813;0,601723151;0,422433462
0;2,303561921;0,622388723;1,077280366;0,604219413;0,422314126
0;2,301445882;0,623097818;1,079629114;0,607160241;0,424195021
0;2,298149834;0,62466792;1,08300291;0,608993454;0,426415351
0;2,294046783;0,625590314;1,084718413;0,611903634;0,428662821
0;2,289793591;0,626663414;1,086443381;0,613780747;0,430182738
0;2,285514594;0,627635349;1,088974647;0,617537267;0,429884887
0;2,281221521;0,628867841;1,091577953;0,619388018;0,429861326
0;2,278073268;0,630155316;1,09373992;0,622326969;0,431769162
0;2,273726239;0,630839007;1,09645591;0,624134469;0,434028478
0;2,270760969;0,632209617;1,098977114;0,627114221;0,436015756
0;2,268152282;0,633090605;1,100975507;0,629539736;0,438281405
0;2,265937714;0,634227266;1,103875964;0,631992314;0,440166174
0;2,265074407;0,635459437;1,10641589;0,635632533;0,440121974
0;2,266139465;0,636212732;1,107851986;0,637773084;0,43984356
0;2,266291951;0,637482575;1,117984918;0,640431682;0,441363319
0;2,267478997;0,638217192;1,121379409;0,642497467;0,443698032
0;2,268443179;0,639869938;1,12374625;0,645142123;0,445702177
0;2,269900008;0,64019468;1,126214764;0,648165273;0,447865113
0;2,268593319;0,641903363;1,128689514;0,650000301;0,450026883
0;2,267652597;0,642214724;1,131674376;0,653308479;0,450428038
0;2,264804624;0,643851122;1,135039699;0,654948739;0,449599944
0;2,260436481;0,644708111;1,137476304;0,657972433;0,45212199
0;2,255918198;0,645888483;1,139880626;0,660937897;0,455737558
0;2,249389443;0,646236965;1,142895663;0,663903284;0,45516879
0;2,244113421;0,647956293;1,146347822;0,665602887;0,455103838
0;2,236643944;0,648255433;1,14871915;0,668253874;0,456978119
0;2,230584377;0,649973022;1,15116589;0,670551607;0,45923631
0;2,224611611;0,650270651;1,153664004;0,673301767;0,461228957
0;2,217334501;0,651990612;1,157428895;0,676701031;0,463480233
0;2,212206273;0,652286061;1,159952808;0,679259399;0,465420529
0;2,206819992;0,654008085;1,162398223;0,681309655;0,46542035
0;2,202508151;0,654301592;1,164744008;0,685129304;0,465209773
0;2,19886725;0,656025459;1,168055775;0,686062986;0,466225503
0;2,195500824;0,656317255;1,171049578;0,689876118;0,470024385
0;2,192343187;0,658042637;1,173619236;0,692918249;0,473217525
0;2,190060586;0,658332518;1,176084932;0,694666264;0,472991291
0;2,188003196;0,660064546;1,178959348;0,69840403;0,475231578
0;2,186224972;0,660376232;1,181776818;0,700429398;0,47546747
0;2,183198708;0,661656445;1,184939593;0,703176521;0,476496789
0;2,178776609;0,662450481;1,187329111;0,705158211;0,479214142
0;2,174373277;0,663663538;1,189765132;0,707901392;0,480603912
0;2,169073795;0,664498232;1,192603406;0,710750051;0,480564385
0;2,162671721;0,665243859;1,195368968;0,712787586;0,482643599
0;2,156276685;0,666580219;1,197816014;0,716467022;0,484875589
0;2,149961411;0,667226317;1,200235818;0,718822716;0,486850837
0;2,142135351;0,668470262;1,20269831;0,721142082;0,489175239
0;2,135770812;0,669097317;1,20611798;0,724768563;0,490828618
0;2,128247378;0,670462468;1,209334738;0,726370951;0,490636539
0;2,121732699;0,671159861;1,213738245;0,729561273;0,490536031
0;2,116698309;0,671897255;1,215971204;0,731157658;0,491998683
0;2,109995954;0,673082736;1,21719411;0,734663183;0,495789949
0;2,106237756;0,673924769;1,218727808;0,736134391;0,499508844
0;2,102132359;0,674710391;1,221216808;0,739483221;0,500893706
0;2,098803468;0,675574292;1,223651327;0,741916652;0,500758939
0;2,096682737;0,676734582;1,226082097;0,744045251;0,500604901
0;2,094402482;0,677478118;1,228513367;0,747794244;0,502328047
0;2,093271738;0,678176805;1,230943667;0,748777823;0,504639267
0;2,091596736;0,679532739;1,233373475;0,75254308;0,50661056
0;2,088171662;0,680227337;1,235872096;0,755076457;0,508865494
0;2,08376833;0,680958259;1,23725654;0,75739156;0,510880615
0;2,078445389;0,682170636;1,238442179;0,760321788;0,510807593
0;2,072908967;0,682991981;1,240082759;0,762206576;0,512306767
0;2,066844709;0,683764304;1,24167144;0,765964743;0,514957404
0;2,059525372;0,684527541;1,243660822;0,767829068;0,516052597
0;2,052046511;0,685233456;1,245666919;0,770663902;0,516047722
0;2,043551857;0,686585538;1,247669585;0,773335649;0,518412531
0;2,03558504;0,687283143;1,249669961;0,775552063;0,522951424
0;2,029009367;0,688040216;1,251671062;0,779214208;0,52356057
0;2,01921037;0,688809923;1,252693736;0,78147875;0,524697548
0;2,011719779;0,689715945;1,25444596;0,78388912;0,526161182
0;2,004247956;0,690829342;1,256431267;0,787463556;0,526325256
0;1,996750327;0,69157338;1,258529247;0,789073028;0,528561091
0;1,990885474;0,692326249;1,259342799;0,792417727;0,528329671
0;1,984274611;0,693095487;1,261257617;0,796062362;0,531599382
0;1,977168755;0,693792749;1,263173865;0,797941081;0,535438726
0;1,972099176;0,694934663;1,265272888;0,800818099;0,536113278
0;1,96566895;0,695787847;1,265908617;0,804606945;0,536431205
0;1,959304411;0,69658792;1,268004505;0,805741726;0,538654932
0;1,953556855;0,697364417;1,270067971;0,809251838;0,53863934
0;1,946596447;0,698120574;1,270627939;0,81276508;0,540077987
0;1,941118674;0,698872177;1,272608483;0,813907424;0,542487543
0;1,935952911;0,699572788;1,277880856;0,817724272;0,544450017
0;1,929396005;0,700888333;1,286570084;0,819624838;0,546656178
0;1,922719456;0,701324053;1,287588461;0,822562232;0,54875721
0;1,915986604;0,701918807;1,289799453;0,826168663;0,548937683
0;1,909204488;0,703230214;1,290892162;0,828077654;0,548634107
0;1,903783017;0,703909682;1,293290497;0,830894267;0,549522254
0;1,896271313;0,704666522;1,294902609;0,834137872;0,552759683
0;1,889988882;0,705425214;1,296706477;0,835868723;0,55681926
0;1,882263697;0,706206994;1,297461842;0,83874704;0,558798752
0;1,87409513;0,706484754;1,300761696;0,841734567;0,561125238
0;1,86678283;0,707078518;1,301784642;0,844110486;0,561331825
0;1,857176201;0,708459233;1,302489639;0,847704955;0,562618421
0;1,849793523;0,709212026;1,304011895;0,849325047;0,563957037
0;1,841181572;0,709959165;1,305787112;0,852651578;0,564353321
0;1,832062898;0,71071048;1,306803796;0,85614076;0,568832821
0;1,822967684;0,711475427;1,308643833;0,859179415;0,569120077
0;1,814390922;0,712523442;1,31008063;0,860973173;0,570291158
0;1,805811815;0,712983258;1,311213585;0,864678605;0,572709
0;1,798429137;0,714008365;1,313351019;0,867159128;0,574875782
0;1,79206929;0,714996365;1,314521446;0,869359199;0,576720739
0;1,782662065;0,715488433;1,315975735;0,873041914;0,576620645
0;1,777634713;0,716006583;1,31771553;0,874704871;0,578106055
0;1,770331798;0,717020216;1,319244982;0,877897135;0,582528924
0;1,764940824;0,718020466;1,321595538;0,881589431;0,58445819
0;1,759826672;0,718524798;1,322581213;0,88378592;0,584676606
0;1,754060348;0,719029774;1,324919019;0,887576117;0,586865032
0;1,748617765;0,720030784;1,326039232;0,889502368;0,586749006
0;1,741746502;0,72104373;1,32813801;0,892248755;0,588171404
0;1,736414178;0,721556151;1,329340277;0,895374637;0,59259379
0;1,728871976;0,722051303;1,331275266;0,899438876;0,594574162
0;1,723807089;0,723378285;1,332403218;0,901840161;0,594778839
0;1,715981028;0,724068248;1,334391043;0,904319625;0,596957782
0;1,707875801;0,724821958;1,33576005;0,90804859;0,596821733
0;1,70072068;0,725579064;1,338340086;0,910260814;0,598572483
0;1,692064156;0,726334982;1,347647569;0,914044307;0,600901191
0;1,684723706;0,727090818;1,347790918;0,916213346;0,602912078
0;1,676135215;0,727845969;1,349818917;0,92008818;0,60505
0;1,667577221;0,728601583;1,350464675;0,922624369;0,607136712
0;1,65902861;0,729394521;1,351293933;0,925046331;0,609220105
0;1,650501113;0,729566575;1,353467015;0,929307673;0,611517225
0;1,64078657;0,730070436;1,354298436;0,931867556;0,612359702
0;1,632214501;0,731640441;1,355489109;0,935469976;0,611610136
0;1,623757382;0,73235399;1,357293789;0,939063079;0,612901247
0;1,613655759;0,733097405;1,359096337;0,942643524;0,617316368
0;1,606371611;0,733722483;1,361091395;0,946223631;0,619379348
0;1,596764981;0,734159014;1,363095507;0,949803945;0,621553951
0;1,587064513;0,735083571;1,365098551;0,953384273;0,622516776
0;1,578635546;0,73614744;1,367108506;0,956964598;0,621678639
0;1,56857615;0,736742003;1,369118014;0,960544922;0,623072525
0;1,561568823;0,737186128;1,370277568;0,964125247;0,627325924
0;1,553083553;0,73810021;1,371266519;0,967705571;0,627236408
0;1,545503816;0,739181627;1,372389216;0,971285896;0,628691615
0;1,538168058;0,739381865;1,374426824;0,974866237;0,631532783
0;1,530295079;0,740190462;1,376420922;0,97844653;0,632077018
0;1,524050183;0,740954586;1,378029782;0,982025889;0,633044261
0;1,516303884;0,741718951;1,380378114;0,985605849;0,637435611
0;1,508693651;0,742129907;1,382175189;0,989241446;0,637581701
0;1,501217136;0,742725463;1,384297066;0,99297234;0,636677121
0;1,493620977;0,74344811;1,386305774;0,995794122;0,640184671
0;1,485119286;0,744146349;1,38740846;1,000034327;0,642539903
0;1,478018122;0,744857345;1,38958697;1,004504051;0,643054146
0;1,469413209;0,745269801;1,390025117;1,006615723;0,64751493
0;1,459550871;0,74613459;1,391114241;1,009410807;0,647618672
0;1,451067947;0,747259711;1,392857553;1,014368513;0,647352617
0;1,442622558;0,74703065;1,3940095;1,01782744;0,64749436
0;1,432671075;0,748212004;1,396093813;1,021408277;0,647435102
0;1,424192843;0,748875117;1,396963568;1,024990715;0,647468519
0;1,415458904;0,749206907;1,398762519;1,028571809;0,647451502
0;1,405957841;0,750088003;1,400723535;1,032153675;0,647353361
0;1,397399847;0,750228886;1,401337831;1,035696362;0,648741842
0;1,388977918;0,751112157;1,403278924;1,039089408;0,652571411
0;1,379155461;0,751348603;1,404234321;1,04178382;0,656160257
0;1,369630939;0,752218796;1,406913603;1,044022859;0,657903561
0;1,361980824;0,752836583;1,409093429;1,047751164;0,66008965
0;1,353460365;0,753179991;1,411946587;1,051421708;0,663950049
0;1,344907063;0,753842697;1,41696101;1,053775842;0,670661406
0;1,336353761;0,754185516;1,418665277;1,056764209;0,673812694
0;1,327800459;0,754853864;1,419971376;1,059722644;0,677854785
0;1,319242465;0,755185495;1,421998414;1,062134831;0,686975663
0;1,310668049;0,755831624;1,423981752;1,064411153;0,692916416
0;1,303264258;0,756633358;1,426120472;1,066915094;0,696586862
0;1,294736762;0,756812851;1,428533297;1,0704395;0,706145916
0;1,286080238;0,757208993;1,43096694;1,071976341;0,715120065
0;1,278943884;0,757888229;1,433398782;1,074861864;0,719947817
0;1,270221674;0,758188067;1,435830085;1,07655342;0,727863366
0;1,262935181;0,758754746;1,43826111;1,07943679;0,740744919
0;1,254325576;0,759067066;1,440698696;1,081462526;0,747099795
0;1,245633863;0,759731826;1,443186716;1,084006422;0,756329189
0;1,237887565;0,760143243;1,444814957;1,086365815;0,76678896
0;1,228822847;0,760348212;1,446807838;1,087987564;0,773275547
0;1,218911245;0,760708222;1,448850053;1,091155342;0,780753039
0;1,209224853;0,761256761;1,449917512;1,092863259;0,793707927
0;1,199620569;0,761656925;1,452079437;1,094671867;0,800372968
0;1,189338309;0,761864095;1,453155333;1,096508036;0,807613231
0;1,179677722;0,76221968;1,454759459;1,098605478;0,817101422
0;1,169132716;0,762805281;1,456460802;1,100255893;0,823544552
0;1,159221113;0,762705565;1,457483072;1,101759854;0,827985494
0;1,149727089;0,763439708;1,459365394;1,1047802;0,836669157
0;1,139081207;0,763759107;1,460779807;1,105782302;0,843497991
0;1,12913207;0,763724371;1,461523341;1,108368413;0,847640041
0;1,119175895;0,764139576;1,463147886;1,109418303;0,853221024
0;1,110270701;0,764791955;1,463637545;1,112014088;0,85879449
0;1,099939176;0,764745836;1,46487509;1,113705994;0,859772025
0;1,091416371;0,764711876;1,466166575;1,115523011;0,859657822
0;1,081570455;0,765202731;1,466948146;1,117359926;0,86608833
0;1,073085185;0,765402355;1,467726667;1,119432019;0,867913306
0;1,064628066;0,765773059;1,469114455;1,121137051;0,868168032
0;1,05470708;0,765758261;1,469520543;1,122723295;0,870804506
0;1,046261691;0,765766633;1,468585801;1,124501661;0,872789293
0;1,036577646;0,765939514;1,469781627;1,126899118;0,874907241
0;1,029281768;0,766240019;1,470115095;1,128061582;0,876953516
0;1,021202346;0,766820627;1,47289978;1,13054118;0,879356234
0;1,013174535;0,766756878;1,473897348;1,131637003;0,880242661
0;1,004621232;0,766730788;1,473698928;1,134305949;0,880359435
0;0,997266706;0,767192311;1,475492898;1,135243287;0,883136029
0;0,98873921;0,767803366;1,475352578;1,138384681;0,887501303
0;0,980938955;0,767772836;1,476680403;1,138644829;0,887755619
0;0,972761003;0,767969345;1,476970711;1,141530243;0,888922748
0;0,96425462;0,76825343;1,478260077;1,143187758;0,891394151
0;0,955778734;0,768838337;1,479374989;1,14405049;0,893384339
0;0,948320986;0,768751864;1,481432873;1,146760027;0,895512568
0;0,939755954;0,769525545;1,482670716;1,147750763;0,897614547
0;0,931200306;0,769788636;1,487678814;1,150236749;0,899708968
0;0,922663425;0,769998448;1,500704476;1,151289279;0,901843553
0;0,914248534;0,770266464;1,502241269;1,153156577;0,903848636
0;0,907865227;0,770852049;1,503780958;1,154914614;0,906185944
0;0,898124879;0,770761184;1,504210118;1,156699166;0,907972837
0;0,889599728;0,77129038;1,506080233;1,158474009;0,907762402
0;0,881051118;0,771766093;1,507844476;1,160418624;0,911534193
0;0,872500161;0,771736713;1,508275135;1,161106771;0,914981349
0;0,863946859;0,772261298;1,510059267;1,163964029;0,915546655
0;0,855393557;0,772844027;1,513321127;1,163934379;0,915786729
0;0,846934093;0,772779424;1,5137095;1,165115729;0,918335568
0;0,837027182;0,773297999;1,516535805;1,16688805;0,922622007
0;0,828555988;0,773786097;1,516764284;1,168687112;0,925326101
0;0,820030837;0,773729199;1,518411848;1,16843132;0,925669545
0;0,811571373;0,774294451;1,518881149;1,171243107;0,92609189
0;0,804085474;0,774524317;1,520481012;1,172043632;0,929405357
0;0,795518096;0,774803322;1,521181577;1,173320809;0,933319554
0;0,786847497;0,775066496;1,52249605;1,174998306;0,933028184
0;0,77974164;0,775303542;1,522973507;1,176775063;0,936990904
0;0,771293906;0,775860967;1,523842794;1,177724316;0,938577566
0;0,763625023;0,775806672;1,524739457;1,179540143;0,93894812
0;0,756190735;0,775767923;1,525442152;1,181338706;0,941292759
0;0,747764114;0,776318766;1,525833898;1,183128618;0,943531162
0;0,740475274;0,776848115;1,526318626;1,184918705;0,947996696
0;0,732883808;0,776812125;1,527074556;1,186716947;0,948482307
0;0,724365695;0,776772578;1,52788498;1,188521246;0,949549656
0;0,717060433;0,777334653;1,528469859;1,189547741;0,951689432
0;0,70966368;0,777851421;1,528862648;1,191183463;0,954497672
0;0,700971968;0,777816869;1,529360634;1,193002451;0,958583109
0;0,693859074;0,777816664;1,530230271;1,194247012;0,958289459
0;0,685530982;0,777817554;1,530228901;1,195093302;0,962245962
0;0,677885559;0,777759433;1,530953482;1,197013125;0,963559783
0;0,670404352;0,778330068;1,531142955;1,197603832;0,965209885
0;0,662819924;0,77859481;1,531669423;1,198710534;0,968893243
0;0,654458989;0,778815601;1,532074613;1,201133174;0,968693377
0;0,646306842;0,778828586;1,532381914;1,20160495;0,973148459
0;0,639773396;0,778828648;1,533005337;1,203520617;0,973609296
0;0,631102796;0,778518603;1,533142179;1,206259418;0,975956001
0;0,624796906;0,778316781;1,533208603;1,207140528;0,98000351
0;0,61622249;0,778619254;1,532349325;1,211044294;0,981662424
0;0,608966494;0,778814338;1,532432699;1,212942441;0,983840725
0;0,601649503;0,778824333;1,531842076;1,215825545;0,985956235
0;0,594311398;0,778821321;1,531663578;1,218028673;0,988014866
0;0,586924029;0,778821042;1,531689272;1,221837759;0,990243791
0;0,57953666;0,778820963;1,530802046;1,224175077;0,992003914
0;0,572618479;0,778825086;1,530840848;1,226616828;0,994798886
0;0,564564862;0,778833071;1,529607128;1,230186341;0,998990232
0;0,557841394;0,778496441;1,528587503;1,233703148;0,998735433
0;0,550048177;0,778323952;1,527936944;1,236174291;1,002500756
0;0,543737595;0,778368959;1,526638194;1,238312525;1,004156238
0;0,53608748;0,777778754;1,526292558;1,241966009;1,00524874
0;0,529112996;0,777879774;1,525047955;1,244529978;1,009752319
0;0,521537952;0,777275366;1,524026469;1,247215674;1,011614898
0;0,514380484;0,777376622;1,523228863;1,250261797;1,013694054
0;0,508032367;0,776770888;1,521705617;1,253072415;1,015732263
0;0,500548814;0,776877686;1,520317067;1,255291986;1,018244926
0;0,494287497;0,776283764;1,5181304;1,259056453;1,019082378
0;0,487294246;0,776022935;1,516325194;1,261432258;1,019787719
0;0,479972563;0,775272521;1,51484548;1,263786003;1,024219835
0;0,473711245;0,775347666;1,512111073;1,266162347;1,024118108
0;0,46729275;0,774678939;1,510529018;1,269608246;1,027305372
0;0,462063646;0,774377452;1,507822903;1,270923094;1,030890543
0;0,455408211;0,773197244;1,506285409;1,274243176;1,032541406
0;0,448405576;0,773420645;1,503670335;1,275818182;1,034756299
0;0,443699618;0,772221054;1,502028482;1,27883952;1,036844908
0;0,436619567;0,771980294;1,499186595;1,280816481;1,038943608
0;0,431160561;0,771187502;1,496805247;1,282591308;1,041050413
0;0,425882193;0,770406432;1,494922364;1,285711415;1,043153636
0;0,41887252;0,769553402;1,490433925;1,286238665;1,045251938
0;0,413657493;0,768790248;1,488022877;1,288178985;1,047364262
0;0,408034271;0,767469432;1,485553604;1,29045575;1,049468259
0;0,401568857;0,76681279;1,4694708;1,291633396;1,051487269
0;0,396208381;0,765597187;1,460672925;1,292100234;1,05401376
0;0,390777527;0,764562192;1,456552352;1,29516254;1,054429186
0;0,385285678;0,763110891;1,452016334;1,295964264;1,055710592
0;0,379751602;0,762023177;1,448558883;1,296430628;1,060160454
0;0,373952435;0,760494123;1,43666682;1,298335597;1,062115207
0;0,36886878;0,758921567;1,432473722;1,299697503;1,064141796
0;0,36231422;0,758003696;1,429313283;1,300758818;1,066307361
0;0,356226502;0,756495549;1,426510318;1,302664624;1,068379183
0;0,351541657;0,754417867;1,422667818;1,303168106;1,070503947
0;0,345376524;0,752505228;1,418370718;1,305014174;1,072583895
0;0,340365593;0,750709377;1,414065702;1,306791056;1,074675336
0;0,333864989;0,747957313;1,409757838;1,307884903;1,077018558
0;0,32864527;0,746592053;1,405359096;1,307960075;1,077460255
0;0,323015011;0,744158344;1,399973394;1,309803526;1,077899084
0;0,316826417;0,740498928;1,398864187;1,31130778;1,081404345
0;0,312275291;0,737990474;1,392629498;1,312204387;1,085105275
0;0,305267964;0,734432065;1,385718205;1,314030468;1,084817376
0;0,301211832;0,731523018;1,381278868;1,315810379;1,089046542
0;0,294448483;0,727797018;1,375701986;1,317071085;1,089938845
0;0,289482125;0,72399462;1,369627071;1,31824577;1,092045093
0;0,284452427;0,720973623;1,363555298;1,320148708;1,095344222
0;0,278099618;0,717065804;1,360179578;1,320601013;1,0953479
0;0,273752588;0,71339056;1,354711847;1,322487727;1,099877997
0;0,267296558;0,709480462;1,337890243;1,324294267;1,099930805
0;0,263008177;0,705484285;1,332616194;1,325133747;1,103151772
0;0,258039473;0,701355125;1,327106044;1,326615507;1,105339786
0;0,252906553;0,696841878;1,321514388;1,329507091;1,106174903
0;0,247966001;0,692790422;1,315726585;1,329569466;1,110419042
0;0,242389698;0,688148836;1,310063872;1,332008012;1,110098924
0;0,23815762;0,683263591;1,303895321;1,332606851;1,114199186
0;0,233876277;0,678581749;1,297735655;1,333298347;1,115288572
0;0,229599391;0,673691431;1,290262041;1,335889973;1,117124109
0;0,225330013;0,669004306;1,27614104;1,336829226;1,120805724
0;0,22110028;0,664118804;1,268974313;1,33793905;1,120428837
0;0,215596937;0,65940485;1,261186155;1,3393188;1,122568024
0;0,212636124;0,654608411;1,254051075;1,341161703;1,124805032
0;0,206964811;0,648713495;1,245898846;1,341271677;1,126820932
0;0,202759711;0,644034461;1,23458811;1,343292298;1,128979286
0;0,198490567;0,638130976;1,217863953;1,345236831;1,131016877
0;0,19421462;0,633457891;1,208873199;1,347156185;1,133186313
0;0,189938203;0,627634287;1,199147576;1,347607088;1,135457775
0;0,185663663;0,621940394;1,18968639;1,349509352;1,135257232
0;0,181418213;0,616073725;1,182275328;1,3506831;1,137990806
0;0,177587995;0,61035275;1,171206063;1,351940819;1,142189084
0;0,173909559;0,604693944;1,161179971;1,353840622;1,143035968
0;0,170948512;0,599263288;1,151063652;1,354265045;1,143277001
0;0,166616966;0,593401313;1,13903498;1,356169838;1,14772863
0;0,162345006;0,587677235;1,12615726;1,357981137;1,148347051
0;0,158072109;0,581042784;1,113780063;1,358866257;1,149228121
0;0,153818917;0,575072206;1,102568334;1,359103497;1,151771734
0;0,149713051;0,568490491;1,089439908;1,360994532;1,153719349
0;0,146408558;0,562460357;1,077406199;1,362853483;1,155878867
0;0,142048391;0,556401127;1,055308936;1,363452157;1,158133105
0;0,138989518;0,550378405;1,043542475;1,363951707;1,158350211
0;0,136053807;0,543755363;1,030712063;1,365823229;1,159066597
0;0,131675108;0,537777975;1,021681121;1,367698663;1,162853608
0;0,127473057;0,530925002;1,008757615;1,367992116;1,166176659
0;0,125430915;0,524675829;0,996025109;1,369786171;1,165935958
0;0,122127126;0,517880453;0,983961539;1,370586957;1,168143042
0;0,117938683;0,511073422;0,971596687;1,371508974;1,168457101
0;0,115575616;0,504830521;0,958763788;1,372792889;1,16939647
0;0,111690502;0,497974825;0,942291442;1,373664838;1,172100894
0;0,110050689;0,491107704;0,926799147;1,375018203;1,173588557
0;0,10553311;0,484872202;0,912667341;1,376163866;1,173511912
0;0,103853416;0,477502141;0,898842768;1,37665649;1,175467749
0;0,10000138;0,470763681;0,884190117;1,378569938;1,178128526
0;0,097520313;0,464031477;0,867463677;1,379624984;1,178243535
0;0,094738026;0,456658403;0,854682992;1,380888486;1,180042678
0;0,091312248;0,4501533;0,842157078;1,381535541;1,184019104
0;0,089219199;0,443053844;0,828771832;1,383450328;1,183632298
0;0,087191368;0,436246825;0,816157745;1,384270168;1,183563581
0;0,08364407;0,429448244;0,804337375;1,38583615;1,183710255
0;0,081619053;0,422398088;0,791559168;1,387702601;1,183419075
0;0,079537499;0,415339398;0,778245552;1,388218472;1,184221889
0;0,076170135;0,408537986;0,765543197;1,388931311;1,186577686
0;0,074130574;0,401738614;0,753255719;1,390709769;1,188641643
0;0,07227728;0,39457702;0,729930523;1,392463373;1,190692252
0;0,071093283;0,388127702;0,720552658;1,393569092;1,193058943
0;0,068796372;0,380745658;0,703405283;1,39488972;1,193956145
0;0,066624265;0,373991687;0,692442117;1,396787165;1,193661539
0;0,065640143;0,366673341;0,681516264;1,397201411;1,193791106
0;0,063523869;0,359916659;0,670627093;1,399076303;1,193766813
0;0,061283261;0,352812215;0,659837463;1,400582333;1,193294808
0;0,060594961;0,34581759;0,651249506;1,40146915;1,197121425
0;0,058552819;0,338694635;0,640993825;1,403266465;1,199146958
0;0,057310878;0,331709346;0,629418238;1,405140652;1,199173639
0;0,05627538;0,324615792;0,618817703;1,405599954;1,201762184
0;0,054097173;0,317693746;0,608333937;1,407510875;1,203808864
0;0,053407701;0,310884891;0,597275135;1,40938554;1,2039784
0;0,051534936;0,303515883;0,584077916;1,409767246;1,203625061
0;0,050089132;0,296350753;0,567150517;1,411234969;1,20475035
0;0,049207997;0,289393465;0,556747889;1,41329065;1,207321253
0;0,046990847;0,282202034;0,547351616;1,414227171;1,208982678
0;0,047138876;0,27514057;0,537764836;1,414910668;1,208876296
0;0,044308733;0,268107203;0,526975626;1,417883155;1,210774406
0;0,044669773;0,261165833;0,514109142;1,418354977;1,21306814
0;0,04201581;0,254574396;0,504799413;1,419015722;1,21502876
0;0,0422063;0,247557712;0,496425114;1,4222014;1,217332213
0;0,040010264;0,2408166;0,489106575;1,422569091;1,219137002
0;0,040112547;0,233486741;0,478201906;1,424350692;1,219043281
0;0,037246745;0,226789668;0,469233936;1,426077645;1,219131195
0;0,037444743;0,220391293;0,459610611;1,426681426;1,218511226
0;0,037343633;0,213524515;0,440464295;1,428549708;1,221131569
0;0,035123199;0,206738871;0,432347807;1,430477115;1,224673656
0;0,035375857;0,199860849;0,425539556;1,430872703;1,223926168
0;0,032589817;0,193583643;0,416341088;1,432798284;1,223872423
0;0,032739723;0,186589083;0,408670887;1,434657955;1,228126995
0;0,032390881;0,180555552;0,400057412;1,435292835;1,229598363
0;0,030479174;0,17371047;0,392341797;1,43703008;1,228951474
0;0,030519993;0,167722781;0,385217269;1,438775537;1,229313019
0;0,028375803;0,161440872;0,376870646;1,439954293;1,228998264
0;0,028162791;0,154437147;0,364635243;1,441208482;1,226798651
0;0,028295572;0,148038565;0,42116495;1,443108654;1,226239322
0;0,025601023;0,142056016;0,415927624;1,443534636;1,228190527
0;0,025781661;0,138434575;0,417039358;1,445439798;1,229388988
0;0,025875499;0,138434575;0,405518307;1,447259118;1,229117324
0;0;0;0;1,448072086;1,229127896
0;0;0;0;1,450092969;1,22905291
0;0;0;0;1,45154831;1,230909196
0;0;0;0;1,453250013;1,23315001
0;0;0;0;1,454987811;1,235272088
0;0;0;0;1,456308639;1,237194465
0;0;0;0;1,456228806;1,239556278
0;0;0;0;1,458071495;1,243914464
0;0;0;0;1,459861945;1,246004907
0;0;0;0;1,460898061;1,249867728
0;0;0;0;1,460867651;1,252550602
0;0;0;0;1,460615291;1,256378925
0;0;0;0;1,463393911;1,264926102
0;0;0;0;1,463134276;1,266897763
0;0;0;0;1,463173954;1,270197649
0;0;0;0;1,46311363;1,276481973
0;0;0;0;1,464313145;1,281766171
0;0;0;0;1,465498048;1,286105989
0;0;0;0;1,465339027;1,292769113
0;0;0;0;1,466779627;1,299362663
0;0;0;0;1,468686033;1,301531737
0;0;0;0;1,469108871;1,30629201
0;0;0;0;1,470851954;1,3123627
0;0;0;0;1,47366549;1,315981811
0;0;0;0;1,475545027;1,320422317
0;0;0;0;1,47759171;1,326799438
0;0;0;0;1,478158589;1,331728673
0;0;0;0;1,481285971;1,334116157
0;0;0;0;1,482907995;1,33689589
0;0;0;0;1,48523786;1,341528948
0;0;0;0;1,486401151;1,34557085
0;0;0;0;1,48684425;1,347704193
0;0;0;0;1,489949026;1,349711813
0;0;0;0;1,490594021;1,351892866
0;0;0;0;1,492434983;1,353886011
0;0;0;0;1,494357269;1,356188962
0;0;0;0;1,494888302;1,358138488
0;0;0;0;1,495524621;1,35781269
0;0;0;0;1,498068093;1,361709532
0;0;0;0;1,499095985;1,363509632
0;0;0;0;1,499464442;1,363685574
0;0;0;0;1,502674002;1,366222359
0;0;0;0;1,502430131;1,368253658
0;0;0;0;1,50396044;1,37034343
0;0;0;0;1,50569889;1,372491092
0;0;0;0;1,507266668;1,374469295
0;0;0;0;1,507991852;1,376910277
0;0;0;0;1,510911609;1,378341419
0;0;0;0;1,510643978;1,378338714
0;0;0;0;1,512894588;1,382777906
0;0;0;0;1,515313397;1,38333039
0;0;0;0;1,5169487;1,385526688
0;0;0;0;1,520019956;1,389647043
0;0;0;0;1,521298913;1,391322207
0;0;0;0;1,523546516;1,39348776
0;0;0;0;1,526441986;1,395603879
0;0;0;0;1,527325641;1,397691995
0;0;0;0;1,530230151;1,399802615
0;0;0;0;1,531994669;1,401901754
0;0;0;0;1,533653416;1,404008442
0;0;0;0;1,536259623;1,406110854
0;0;0;0;1,538435634;1,408191382
0;0;0;0;1,540886384;1,410415033
0;0;0;0;1,542057206;1,412089732
0;0;0;0;1,544730416;1,415406587
0;0;0;0;1,54567705;1,418989674
0;0;0;0;1,548653929;1,41874004
0;0;0;0;1,55009715;1,423001345
0;0;0;0;1,5518994;1,424113791
0;0;0;0;1,553815941;1,42467711
0;0;0;0;1,556878384;1,42723363
0;0;0;0;1,55742159;1,429230531
0;0;0;0;1,559301632;1,43134644
0;0;0;0;1,56180531;1,433430326
0;0;0;0;1,562911902;1,435651291
0;0;0;0;1,565525212;1,437336823
0;0;0;0;1,566394736;1,440572981
0;0;0;0;1,568310798;1,444261713
0;0;0;0;1,570071731;1,44398332
0;0;0;0;1,57190313;1,448266073
0;0;0;0;1,574082232;1,449056935
0;0;0;0;1,575528608;1,451278902
0;0;0;0;1,57859542;1,454484451
0;0;0;0;1,58013364;1,454530652
0;0;0;0;1,582673831;1,45904226
0;0;0;0;1,583763891;1,459337867
0;0;0;0;1,586361741;1,460708345
0;0;0;0;1,587276521;1,462123848
0;0;0;0;1,588456789;1,461789521
0;0;0;0;1,588359364;1,46179607
0;0;0;0;1,588470126;1,461712707
0;0;0;0;1,587041512;1,463824459
0;0;0;0;1,587401037;1,464491075
0;0;0;0;1,584835599;1,464566755
0;0;0;0;1,582681048;1,463712935
0;0;0;0;1,582172636;1,461861602
0;0;0;0;1,580225359;1,464158214
0;0;0;0;1,579127439;1,46436581
0;0;0;0;1,57786805;1,465438685
0;0;0;0;1,577832835;1,468267764
0;0;0;0;1,579203813;1,469329191
0;0;0;0;1,578942108;1,469625285
0;0;0;0;1,580242638;1,474087037
0;0;0;0;1,582136869;1,475617626
0;0;0;0;1,583734143;1,483535614
0;0;0;0;1,58471514;1,493645046
0;0;0;0;1,58784941;1,498000992
0;0;0;0;1,589526327;1,505812365
0;0;0;0;1,591314407;1,525591797
0;0;0;0;1,593106457;1,531709485
0;0;0;0;1,594896953;1,538713612
0;0;0;0;1,596687919;1,557358988
0;0;0;0;1,598466281;1,572842802
0;0;0;0;1,600182352;1,581563343
0;0;0;0;1,603137274;1,60727768
0;0;0;0;1,603719908;1,624940416
0;0;0;0;1,605566521;1,636129126
0;0;0;0;1,608200986;1,658741309
0;0;0;0;1,609218016;1,683276477
0;0;0;0;1,611772398;1,692376736
0;0;0;0;1,612798718;1,710483866
0;0;0;0;1,61587831;1,737704793
0;0;0;0;1,617560774;1,750546865
0;0;0;0;1,619162975;1,763143845
0;0;0;0;1,622053598;1,784268887
0;0;0;0;1,623946214;1,793288323
0;0;0;0;1,625000578;1,800989731
0;0;0;0;1,626559454;1,817366547
0;0;0;0;1,629642919;1,829851429
0;0;0;0;1,631201017;1,836372139
0;0;0;0;1,633676742;1,846447878
0;0;0;0;1,634804664;1,859001718
0;0;0;0;1,637481585;1,863506203
0;0;0;0;1,638464977;1,866852395
0;0;0;0;1,64044297;1,873158839
0;0;0;0;1,642985634;1,877780708
0;0;0;0;1,644640344;1,879717321
0;0;0;0;1,64676687;1,884183797
0;0;0;0;1,647386066;1,888557453
0;0;0;0;1,65048273;1,891149281
0;0;0;0;1,652038579;1,892639198
0;0;0;0;1,654554588;1,896121848
0;0;0;0;1,655660876;1,899548798
0;0;0;0;1,658142061;1,899340148
0;0;0;0;1,660381657;1,903519054
0;0;0;0;1,662154246;1,906130197
0;0;0;0;1,663711888;1,909034696
0;0;0;0;1,665477209;1,913846231
0;0;0;0;1,667498555;1,917519508
0;0;0;0;1,669435605;1,919527613
0;0;0;0;1,669848362;1,923438909
0;0;0;0;1,671788307;1,928677055
0;0;0;0;1,674239912;1,929099836
0;0;0;0;1,675328343;1,932444
0;0;0;0;1,677020707;1,940416611
0;0;0;0;1,680060645;1,939813432
0;0;0;0;1,680613982;1,943583247
0;0;0;0;1,68250309;1,948216432
0;0;0;0;1,684304928;1,95224391
0;0;0;0;1,686099756;1,956470151
0;0;0;0;1,687852836;1,96073816
0;0;0;0;1,68915771;1,964947835
0;0;0;0;1,691389615;1,967252146
0;0;0;0;1,693352646;1,968958552
0;0;0;0;1,693883804;1,972266303
0;0;0;0;1,697081941;1,976717618
0;0;0;0;1,697378894;1,980865547
0;0;0;0;1,700180927;1,985078224
0;0;0;0;1,700940035;1,989286741
0;0;0;0;1,702699631;1,993493905
0;0;0;0;1,705527704;1,99768939
0;0;0;0;1,707471569;2,001925495
0;0;0;0;1,708424646;2,006083144
0;0;0;0;1,711203115;2,010266868
0;0;0;0;1,713623211;2,014998782
0;0;0;0;1,714735281;2,015617083
0;0;0;0;1,717032516;2,017338361
0;0;0;0;1,719458184;2,022217318
0;0;0;0;1,720724352;2,026271415
0;0;0;0;1,722965705;2,030490462
0;0;0;0;1,725871743;2,034706586
0;0;0;0;1,72674987;2,038907155
0;0;0;0;1,729682879;2,043110641
0;0;0;0;1,731867784;2,047330051
0;0;0;0;1,733238586;2,051515985
0;0;0;0;1,736909734;2,055700873
0;0;0;0;1,737908699;2,060188059
0;0;0;0;1,741045796;2,062646684
0;0;0;0;1,742727033;2,065567294
0;0;0;0;1,74482938;2,070056521
0;0;0;0;1,747510798;2,074263245
0;0;0;0;1,749031181;2,078574902
0;0;0;0;1,752255214;2,080658631
0;0;0;0;1,753766145;2,084287877
0;0;0;0;1,756574678;2,087861794
0;0;0;0;1,758416719;2,089456559
0;0;0;0;1,761079336;2,091828682
0;0;0;0;1,763381682;2,096084282
0;0;0;0;1,763740209;2,100112899
0;0;0;0;1,766991866;2,105753562
0;0;0;0;1,769613418;2,112004872
0;0;0;0;1,770577663;2,114307614
0;0;0;0;1,773641515;2,114560688
0;0;0;0;1,775527336;2,121136666
0;0;0;0;1,778336933;2,123912245
0;0;0;0;1,780489173;2,126781104
0;0;0;0;1,781872981;2,131790218
0;0;0;0;1,784388629;2,135031793
0;0;0;0;1,786508857;2,137323952
0;0;0;0;1,788156314;2,143843735
0;0;0;0;1,791290885;2,146847612
0;0;0;0;1,792488784;2,148254609
0;0;0;0;1,794819621;2,151346359
0;0;0;0;1,79761907;2,155987404
0;0;0;0;1,798346081;2,159938814
0;0;0;0;1,800166911;2,161690731
0;0;0;0;1,803354094;2,168076291
0;0;0;0;1,804877345;2,170284694
0;0;0;0;1,807624212;2,171101261
0;0;0;0;1,808571423;2,176186122
0;0;0;0;1,811020539;2,180160943
0;0;0;0;1,812132744;2,182324919
0;0;0;0;1,813992334;2,184147362
0;0;0;0;1,815769758;2,187423058
0;0;0;0;1,816606373;2,192386489
0;0;0;0;1,819426733;2,195431087
0;0;0;0;1,821226242;2,19528589
0;0;0;0;1,821895212;2,199375462
0;0;0;0;1,824818052;2,203675542
0;0;0;0;1,825077492;2,208390421
0;0;0;0;1,828268937;2,210619805
0;0;0;0;1,829277599;2,210844293
0;0;0;0;1,831844178;2,215481578
0;0;0;0;1,833688831;2,220143168
0;0;0;0;1,835532287;2,220391244
0;0;0;0;1,837692823;2,222585088
0;0;0;0;1,839029507;2,227288055
0;0;0;0;1,840892709;2,231613438
0;0;0;0;1,841164131;2,235714836
0;0;0;0;1,840073635;2,235372354
0;0;0;0;1,839187037;2,240270852
0;0;0;0;1,837623631;2,246389792
0;0;0;0;1,835502201;2,249171634
0;0;0;0;1,831847253;2,25142727
0;0;0;0;1,830290928;2,255807282
0;0;0;0;1,825785131;2,261999471
0;0;0;0;1,822344182;2,268602707
0;0;0;0;1,818902728;2,273860623
0;0;0;0;1,815323043;2,277317096
0;0;0;0;1,81257877;2,282503221
0;0;0;0;1,807889742;2,291113765
0;0;0;0;1,804447991;2,295091114
0;0;0;0;1,799705309;2,303813916
0;0;0;0;1,795592537;2,314762672
0;0;0;0;1,791301541;2,320375265
0;0;0;0;1,787594062;2,325706025
0;0;0;0;1,785340868;2,338808565
0;0;0;0;1,782237118;2,345910433
0;0;0;0;1,782009725;2,350885891
0;0;0;0;1,781784233;2,360572446
0;0;0;0;1,784875433;2,369149352
0;0;0;0;1,7892303;2,373073389
0;0;0;0;1,796320639;2,381747775
0;0;0;0;1,80332274;2,390799191
0;0;0;0;1,81112767;2,395513636
0;0;0;0;1,820069842;2,401401325
0;0;0;0;1,825918514;2,410825641
0;0;0;0;1,833190299;2,4185165
0;0;0;0;1,839231436;2,422554328
0;0;0;0;1,842657811;2,428233738
0;0;0;0;1,84469293;2,436904499
0;0;0;0;1,844468204;2,442988223
0;0;0;0;1,841661462;2,447419252
0;0;0;0;1,837957299;2,453835528
0;0;0;0;1,835622908;2,457943973
0;0;0;0;1,831336906;2,462093807
0;0;0;0;1,827315033;2,46623916
0;0;0;0;1,826863258;2,470811987
0;0;0;0;1,824885801;2,474029791
0;0;0;0;1,826703763;2,476467654
0;0;0;0;1,829984069;2,483022706
0;0;0;0;1,833420091;2,485823378
0;0;0;0;1,840637392;2,487177019
0;0;0;0;1,846687635;2,490701233
0;0;0;0;1,853100536;2,494536122
0;0;0;0;1,861202651;2,496387449
0;0;0;0;1,869327913;2,49850885
0;0;0;0;1,875490324;2,500573452
0;0;0;0;1,882856566;2,502928121
0;0;0;0;1,888720642;2,504037645
0;0;0;0;1,892888966;2,503777666
0;0;0;0;1,897019153;2,503824785
0;0;0;0;1,899790583;2,503808377
0;0;0;0;1,90290181;2,50394153
0;0;0;0;1,904474212;2,502929246
0;0;0;0;1,90793044;2,499192688
0;0;0;0;1,910530047;2,495807401
0;0;0;0;1,9126701;2,496291939
0;0;0;0;1,915254404;2,496427385
0;0;0;0;1,917841688;2,49428819
0;0;0;0;1,923438466;2,493665774
0;0;0;0;1,92560031;2,493098303
0;0;0;0;1,930630501;2,490492091
0;0;0;0;1,934959768;2,488618884
0;0;0;0;1,939075554;2,4886979
0;0;0;0;1,943608521;2,487238627
0;0;0;0;1,948458644;2,483965454
0;0;0;0;1,952943272;2,485153871
0;0;0;0;1,956593995;2,489046806
0;0;0;0;1,961377481;2,488657025
0;0;0;0;1,965018614;2,490676276
0;0;0;0;1,968617178;2,493223656
0;0;0;0;1,971378978;2,493767748
0;0;0;0;1,975693054;2,494071779
0;0;0;0;1,977692598;2,497266046
0;0;0;0;1,980497215;2,501321734
0;0;0;0;1,984196522;2,501037767
0;0;0;0;1,98751461;2,504918217
0;0;0;0;1,990254432;2,506430592
0;0;0;0;1,992481089;2,507635696
0;0;0;0;1,996245044;2,512147758
0;0;0;0;1,997552308;2,513947548
0;0;0;0;1,999868679;2,515831159
0;0;0;0;2,002229513;2,51993896
0;0;0;0;2,004727419;2,523026815
0;0;0;0;2,005597179;2,524855496
0;0;0;0;2,008478114;2,526955896
0;0;0;0;2,011237779;2,529094802
0;0;0;0;2,01297846;2,533113495
0;0;0;0;2,014795074;2,538068029
0;0;0;0;2,016903944;2,539268431
0;0;0;0;2,01953745;2,540212144
0;0;0;0;2,021308964;2,54534063
0;0;0;0;2,023084802;2,549328428
0;0;0;0;2,024723995;2,548890177
0;0;0;0;2,027815437;2,554224531
0;0;0;0;2,028870537;2,558504223
0;0;0;0;2,032475925;2,560778973
0;0;0;0;2,033762018;2,565104534
0;0;0;0;2,037117352;2,56700913
0;0;0;0;2,038693151;2,568821542
0;0;0;0;2,042145971;2,57295007
0;0;0;0;2,043750425;2,575821669
0;0;0;0;2,046926507;2,578567158
0;0;0;0;2,048548854;2,582684529
0;0;0;0;2,052341898;2,584636808
0;0;0;0;2,053307982;2,588608911
0;0;0;0;2,057065822;2,593236987
0;0;0;0;2,059140867;2,596261677
0;0;0;0;2,062728162;2,597968606
0;0;0;0;2,063764764;2,600406557
0;0;0;0;2,066534372;2,60470729
0;0;0;0;2,069590358;2,609214112
0;0;0;0;2,071336854;2,611485842
0;0;0;0;2,074190853;2,614744441
0;0;0;0;2,076244798;2,618634598
0;0;0;0;2,078786609;2,620361294
0;0;0;0;2,081150628;2,622475871
0;0;0;0;2,08418636;2,626429615
0;0;0;0;2,085985552;2,631206137
0;0;0;0;2,08799823;2,633650294
0;0;0;0;2,090751108;2,637135381
0;0;0;0;2,092215534;2,643460678
0;0;0;0;2,095101568;2,645374218
0;0;0;0;2,096907401;2,647051436
0;0;0;0;2,098757409;2,651137355
0;0;0;0;2,101865375;2,654131299
0;0;0;0;2,102723088;2,656757906
0;0;0;0;2,106611967;2,660935075
0;0;0;0;2,107778925;2,662878101
0;0;0;0;2,110226505;2,66705879
0;0;0;0;2,114037906;2,66971321
0;0;0;0;2,116248582;2,672560729
0;0;0;0;2,119019383;2,677091526
0;0;0;0;2,122311854;2,681272288
0;0;0;0;2,12598199;2,685546666
0;0;0;0;2,128292541;2,687960575
0;0;0;0;2,130735669;2,689629981
0;0;0;0;2,135129014;2,692832799
0;0;0;0;2,137873272;2,697248012
0;0;0;0;2,140675214;2,701450628
0;0;0;0;2,145035065;2,705735248
0;0;0;0;2,147502799;2,708169727
0;0;0;0;2,149974148;2,709843115
0;0;0;0;2,153865012;2,712991658
0;0;0;0;2,157089305;2,717468094
0;0;0;0;2,160591993;2,721593083
0;0;0;0;2,1638399;2,725736476
0;0;0;0;2,166608666;2,73053727
0;0;0;0;2,170404186;2,731408169
0;0;0;0;2,171515247;2,732798263
0;0;0;0;2,175194465;2,737777144
0;0;0;0;2,177382675;2,741731706
0;0;0;0;2,179906324;2,743916044
0;0;0;0;2,182085647;2,745249909
0;0;0;0;2,184765939;2,75107944
0;0;0;0;2,186813695;2,754659121
0;0;0;0;2,189485724;2,754689655
0;0;0;0;2,192553388;2,759489845
0;0;0;0;2,193289663;2,763868908
0;0;0;0;2,196341238;2,765907031
0;0;0;0;2,199307857;2,769576333
0;0;0;0;2,200215746;2,772899694
0;0;0;0;2,204028917;2,775284559
0;0;0;0;2,205093112;2,779589974
0;0;0;0;2,208692531;2,781610284
0;0;0;0;2,210130738;2,785265826
0;0;0;0;2,212279762;2,789970235
0;0;0;0;2,215082636;2,793261486
0;0;0;0;2,2170022;2,795017957
0;0;0;0;2,21992068;2,797253094
0;0;0;0;2,221719667;2,801407703
0;0;0;0;2,224748564;2,8057613
0;0;0;0;2,22648397;2,80971349
0;0;0;0;2,229584923;2,814532148
0;0;0;0;2,231796823;2,817492443
0;0;0;0;2,234467372;2,817444648
0;0;0;0;2,237317753;2,823869803
0;0;0;0;2,239227182;2,826929991
0;0;0;0;2,241949149;2,829663193
0;0;0;0;2,245368917;2,83448991
0;0;0;0;2,247792556;2,838249503
0;0;0;0;2,250753082;2,840184967
0;0;0;0;2,254804559;2,841846936
0;0;0;0;2,257095772;2,847882408
0;0;0;0;2,260837087;2,851894418
0;0;0;0;2,264421893;2,854005217
0;0;0;0;2,268000903;2,858877386
0;0;0;0;2,271533093;2,862924716
0;0;0;0;2,274918548;2,862764203
0;0;0;0;2,278566376;2,865873389
0;0;0;0;2,281440596;2,870432749
0;0;0;0;2,283891905;2,87492327
0;0;0;0;2,288649185;2,878309651
0;0;0;0;2,290732907;2,878090113
0;0;0;0;2,294979476;2,881859058
0;0;0;0;2,299061145;2,887070223
0;0;0;0;2,30133017;2,888173122
0;0;0;0;2,305052827;2,889411185
0;0;0;0;2,308777713;2,893778125
0;0;0;0;2,311003781;2,895697031
0;0;0;0;2,313909326;2,899929406
0;0;0;0;2,31579059;2,902519049
0;0;0;0;2,319689832;2,905308467
0;0;0;0;2,320453276;2,910319956
0;0;0;0;2,324474622;2,913673031
0;0;0;0;2,325430267;2,91345547
0;0;0;0;2,32803928;2,917291351
0;0;0;0;2,329982557;2,921661783
0;0;0;0;2,330460903;2,92633548
0;0;0;0;2,333683434;2,92888819
0;0;0;0;2,334099044;2,928975529
0;0;0;0;2,337085785;2,933409996
0;0;0;0;2,33884601;2,937691151
0;0;0;0;2,339599872;2,942038808
0;0;0;0;2,341150186;2,945273377
0;0;0;0;2,344015667;2,946880365
0;0;0;0;2,345426054;2,949388898
0;0;0;0;2,34656062;2,953719049
0;0;0;0;2,348471768;2,955861374
0;0;0;0;2,348958481;2,959308717
0;0;0;0;2,35022177;2,963763395
0;0;0;0;2,350216649;2,968021114
0;0;0;0;2,351324636;2,972030419
0;0;0;0;2,351280872;2,974084274
0;0;0;0;2,351026506;2,975926438
0;0;0;0;2,353799524;2,979471339
0;0;0;0;2,353567892;2,984175228
0;0;0;0;2,354054817;2,987597517
0;0;0;0;2,354674007;2,989667525
0;0;0;0;2,357871361;2,993876229
0;0;0;0;2,358212156;2,99882976
0;0;0;0;2,360720204;2,999109671
0;0;0;0;2,362860843;3,002207021
0;0;0;0;2,363416933;3,008164574
0;0;0;0;2,366679684;3,009837616
0;0;0;0;2,36819328;3,014083064
0;0;0;0;2,371057207;3,018605137
0;0;0;0;2,372796607;3,021482994
0;0;0;0;2,37562069;3,022801596
0;0;0;0;2,377721867;3,026353475
0;0;0;0;2,3808844;3,032691669
0;0;0;0;2,382587889;3,034707314
0;0;0;0;2,386177334;3,037950961
0;0;0;0;2,389691772;3,044846323
0;0;0;0;2,391280452;3,047788879
0;0;0;0;2,39447817;3,048468685
0;0;0;0;2,396071454;3,055573782
0;0;0;0;2,399614711;3,062044192
0;0;0;0;2,400998173;3,066060374
0;0;0;0;2,404040139;3,072258265
0;0;0;0;2,405584651;3,076345464
0;0;0;0;2,408747821;3,079368572
0;0;0;0;2,410388539;3,088400809
0;0;0;0;2,412666662;3,095035438
0;0;0;0;2,415206648;3,097268626
0;0;0;0;2,416722328;3,101348606
0;0;0;0;2,419791814;3,109718164
0;0;0;0;2,420289146;3,11698436
0;0;0;0;2,423552426;3,121095387
0;0;0;0;2,425187325;3,129678111
0;0;0;0;2,426540413;3,134950242
0;0;0;0;2,428702514;3,138298042
0;0;0;0;2,43042135;3,14382561
0;0;0;0;2,433550583;3,149767353
0;0;0;0;2,434082211;3,153874953
0;0;0;0;2,436051398;3,160201699
0;0;0;0;2,438268037;3,165324634
0;0;0;0;2,439582531;3,167436436
0;0;0;0;2,441335457;3,17112668
0;0;0;0;2,443132552;3,177843465
0;0;0;0;2,444914922;3,181626903
0;0;0;0;2,446623914;3,181441255
0;0;0;0;2,44957158;3,184548736
0;0;0;0;2,451551005;3,189610131
0;0;0;0;2,452085597;3,192504473
0;0;0;0;2,455285016;3,195059016
0;0;0;0;2,455606445;3,199307256
0;0;0;0;2,458336664;3,199140025
0;0;0;0;2,459164377;3,202436225
0;0;0;0;2,460333991;3,206023251
0;0;0;0;2,46041083;3,207459049
0;0;0;0;2,462408094;3,21011028
0;0;0;0;2,462787213;3,21441076
0;0;0;0;2,464781298;3,216844122
0;0;0;0;2,464824489;3,217019858
0;0;0;0;2,464877369;3,217660172
0;0;0;0;2,466028882;3,221309359
0;0;0;0;2,467152407;3,224789905
0;0;0;0;2,467941921;3,224560233
0;0;0;0;2,468461945;3,228624375
0;0;0;0;2,469331957;3,231544614
0;0;0;0;2,471983141;3,233285744
0;0;0;0;2,472744112;3,235508168
0;0;0;0;2,473212969;3,237582046
0;0;0;0;2,47512729;3,239688774
0;0;0;0;2,47658633;3,241793501
0;0;0;0;2,476415763;3,243893608
0;0;0;0;2,477617612;3,246003626
0;0;0;0;2,47880147;3,248089722
0;0;0;0;2,478713394;3,250221389
0;0;0;0;2,478668748;3,252329993
0;0;0;0;2,477499775;3,254163099
0;0;0;0;2,477404973;3,258178331
0;0;0;0;2,476402863;3,26118316
0;0;0;0;2,47650268;3,263781721
0;0;0;0;2,47553046;3,26804069
0;0;0;0;2,474080147;3,270034256
0;0;0;0;2,474082595;3,271881905
0;0;0;0;2,474825856;3,275481082
0;0;0;0;2,475346154;3,280194209
0;0;0;0;2,477528942;3,283528513
0;0;0;0;2,480028597;3,285670142
0;0;0;0;2,481354271;3,289965787
0;0;0;0;2,483598808;3,294265752
0;0;0;0;2,485475251;3,298309546
0;0;0;0;2,487586214;3,302906834
0;0;0;0;2,489192937;3,306151118
0;0;0;0;2,490518148;3,308528842
0;0;0;0;2,490347318;3,315005646
0;0;0;0;2,489779821;3,319929212
0;0;0;0;2,489205366;3,321827465
0;0;0;0;2,48688935;3,326019834
0;0;0;0;2,484403385;3,332497796
0;0;0;0;2,482080968;3,336104693
0;0;0;0;2,47855057;3,338104653
0;0;0;0;2,475848528;3,342060037
0;0;0;0;2,473302102;3,346272607
0;0;0;0;2,469702466;3,350980927
0;0;0;0;2,46633718;3,353785369
0;0;0;0;2,462712587;3,353743397
0;0;0;0;2,460370454;3,358029063
0;0;0;0;2,457924843;3,362366635
0;0;0;0;2,454351545;3,366691635
0;0;0;0;2,450830648;3,370063186
0;0;0;0;2,448586745;3,371659448
0;0;0;0;2,443591656;3,374092627
0;0;0;0;2,438532523;3,378563148
0;0;0;0;2,431308788;3,378785108
0;0;0;0;2,423093348;3,381095572
0;0;0;0;2,413013083;3,386234847
0;0;0;0;2,4019722;3,389573036
0;0;0;0;2,387805594;3,391707694
0;0;0;0;2,371235804;3,396035456
0;0;0;0;2,355045228;3,398468909
0;0;0;0;2,339039847;3,400724867
0;0;0;0;2,316799054;3,401609607
0;0;0;0;2,296651895;3,402209465
0;0;0;0;2,270777095;3,40692234
0;0;0;0;2,235308748;3,411477447
0;0;0;0;2,197545016;3,411467976
0;0;0;0;2,16430625;3,414438931
0;0;0;0;2,117062627;3,417182422
0;0;0;0;2,062458108;3,417157
0;0;0;0;2,016773299;3,419380033
0;0;0;0;1,964159696;3,41907919
0;0;0;0;1,901114977;3,422964033
0;0;0;0;1,847211941;3,424744394
0;0;0;0;1,803183562;3,42491256
0;0;0;0;1,737975136;3,427506525
0;0;0;0;1,656026111;3,429495386
0;0;0;0;1,605688218;3,431338314
0;0;0;0;1,540344906;3,435847867
0;0;0;0;1,466330466;3,436974747
0;0;0;0;1,39598651;3,438584586
0;0;0;0;1,338344905;3,442387399
0;0;0;0;1,263423495;3,442121736
0;0;0;0;1,189271639;3,44627391
0;0;0;0;1,137291614;3,449181255
0;0;0;0;1,079945532;3,450612633
0;0;0;0;1,023450181;3,453840298
0;0;0;0;0,980857894;3,457872853
0;0;0;0;0,935865431;3,459801896
0;0;0;0;0,884180688;3,461911588
0;0;0;0;0,841051419;3,463841357
0;0;0;0;0,807999075;3,466986852
0;0;0;0;0,772404123;3,471927681
0;0;0;0;0,730447241;3,475166777
0;0;0;0;0,698756384;3,474968113
0;0;0;0;0,665605375;3,478780079
0;0;0;0;0,630314997;3,483937444
0;0;0;0;0,602691785;3,485144026
0;0;0;0;0,578274478;3,486047374
0;0;0;0;0,550409688;3,49108584
0;0;0;0;0,523580157;3,495176069
0;0;0;0;0,502853141;3,49503905
0;0;0;0;0,48122033;3,498044104
0;0;0;0;0,456868698;3,502700281
0;0;0;0;0,439054118;3,506956416
0;0;0;0;0,422027981;3,510805646
0;0;0;0;0,399515393;3,512792089
0;0;0;0;0,379272393;3,516818986
0;0;0;0;0,365749116;3,521130855
0;0;0;0;0,348848227;3,525488456
0;0;0;0;0,332365061;3,5290692
0;0;0;0;0,320797231;3,530853108
0;0;0;0;0,305639782;3,532963767
0;0;0;0;0,289075512;3,537029648
0;0;0;0;0,275844939;3,541277158
0;0;0;0;0,265300286;3,545727636
0;0;0;0;0,251710035;3,549132049
0;0;0;0;0,238751198;3,551245236
0;0;0;0;0,230159692;3,555545442
0;0;0;0;0,218717085;3,560091917
0;0;0;0;0,206532929;3,562399898
0;0;0;0;0,19709515;3,565570434
0;0;0;0;0,188616053;3,569590309
0;0;0;0;0,179252775;3,571203428
0;0;0;0;0,17305901;3,573188469
0;0;0;0;0,161871755;3,579838747
0;0;0;0;0,154867888;3,581452405
0;0;0;0;0,145067967;3,58259139
0;0;0;0;0,139873157;3,58797879
0;0;0;0;0,131855599;3,591432482
0;0;0;0;0,124904478;3,591191829
0;0;0;0;0,118671018;3,59501075
0;0;0;0;0,112314161;3,598245537
0;0;0;0;0,106853926;3,599591565
0;0;0;0;0,099371096;3,602724155
0;0;0;0;0,09515023;3,606675888
0;0;0;0;0,09087658;3,60653278
0;0;0;0;0,084789772;3,607944702
0;0;0;0;0,079026829;3,61198977
0;0;0;0;0,075403297;3,615429588
0;0;0;0;0,071755591;3,616997643
0;0;0;0;0,066943891;3,619455521
0;0;0;0;0,063461136;3,623892833
0;0;0;0;0,059890362;3,624263196
0;0;0;0;0,05632052;3,625419181
0;0;0;0;0,052615642;3,627550127
0;0;0;0;0,050426982;3,630396788
0;0;0;0;0,046710519;3,634445058
0;0;0;0;0,04306932;3,634283677
0;0;0;0;0,040633338;3,636198929
0;0;0;0;0,03845207;3,636927722
0;0;0;0;0,034763567;3,637520653
0;0;0;0;0,033571656;3,639982349
0;0;0;0;0,03119562;3,64202019
0;0;0;0;0,029372364;3,644137013
0;0;0;0;0,027585769;3,64613666
0;0;0;0;0,025841784;3,648689723
0;0;0;0;0,024402194;3,64929941
0;0;0;0;0,02232632;3,650342534
0;0;0;0;0,021791302;3,654631869
0;0;0;0;0,019726826;3,654348831
0;0;0;0;0,018634975;3,658250346
0;0;0;0;0,017387176;3,659698534
0;0;0;0;0,016113949;3,660974946
0;0;0;0;0,016242257;3,66546926
0;0;0;0;0,01559494;3,667242663
0;0;0;0;0,013890687;3,669154234
0;0;0;0;0,013009139;3,673264979
0;0;0;0;0,01250616;3,676386966
0;0;0;0;0,011545566;3,678009875
0;0;0;0;0,011566479;3,680553524
0;0;0;0;0,011636679;3,684962023
0;0;0;0;0,009800302;3,68955966
0;0;0;0;0,009274388;3,689829823
0;0;0;0;0,009269276;3,692010217
0;0;0;0;0,009274859;3,696864851
0;0;0;0;0;3,700897673
0;0;0;0;0;3,705132693
0;0;0;0;0;3,709356033
0;0;0;0;0;3,713476163
0;0;0;0;0;3,717986083
0;0;0;0;0;3,721260432
0;0;0;0;0;3,723372291
0;0;0;0;0;3,727812482
0;0;0;0;0;3,734207456
0;0;0;0;0;3,739056655
0;0;0;0;0;3,742597601
0;0;0;0;0;3,748128441
0;0;0;0;0;3,753771281
0;0;0;0;0;3,755633858
0;0;0;0;0;3,761566444
0;0;0;0;0;3,768629345
0;0;0;0;0;3,772970164
0;0;0;0;0;3,778796737
0;0;0;0;0;3,787119548
0;0;0;0;0;3,791013871
0;0;0;0;0;3,794810827
0;0;0;0;0;3,801388867
0;0;0;0;0;3,804985442
0;0;0;0;0;3,808102359
0;0;0;0;0;3,814745367
0;0;0;0;0;3,818773272
0;0;0;0;0;3,822680024
0;0;0;0;0;3,828699702
0;0;0;0;0;3,83436199
0;0;0;0;0;3,83741084
0;0;0;0;0;3,839593619
0;0;0;0;0;3,843895645
0;0;0;0;0;3,848663726
0;0;0;0;0;3,849226619
0;0;0;0;0;3,850923067
0;0;0;0;0;3,856030982
0;0;0;0;0;3,85970704
0;0;0;0;0;3,861684594
0;0;0;0;0;3,866126854
0;0;0;0;0;3,867197803
0;0;0;0;0;3,867762701
0;0;0;0;0;3,870255079
0;0;0;0;0;3,872324056
0;0;0;0;0;3,874485456
0;0;0;0;0;3,8747301
0;0;0;0;0;3,874481621
0;0;0;0;0;3,874844664
0;0;0;0;0;3,87405531
0;0;0;0;0;3,871970183
0;0;0;0;0;3,87204858
0;0;0;0;0;3,870944412
0;0;0;0;0;3,864648078
0;0;0;0;0;3,861822187
0;0;0;0;0;3,860714804
0;0;0;0;0;3,853948719
0;0;0;0;0;3,851915435
0;0;0;0;0;3,850512145
0;0;0;0;0;3,845255103
0;0;0;0;0;3,839108935
0;0;0;0;0;3,836267799
0;0;0;0;0;3,83376419
0;0;0;0;0;3,827070318
0;0;0;0;0;3,826583101
0;0;0;0;0;3,824082207
0;0;0;0;0;3,82017635
0;0;0;0;0;3,818419072
0;0;0;0;0;3,816367732
0;0;0;0;0;3,816349639
0;0;0;0;0;3,816658544
0;0;0;0;0;3,815708804
0;0;0;0;0;3,818866824
0;0;0;0;0;3,825190594
0;0;0;0;0;3,826518678
0;0;0;0;0;3,826139406
0;0;0;0;0;3,831648107
0;0;0;0;0;3,837250418
0;0;0;0;0;3,840714074
0;0;0;0;0;3,845689305
0;0;0;0;0;3,851999227
0;0;0;0;0;3,856074969
0;0;0;0;0;3,862151177
0;0;0;0;0;3,867408603
0;0;0;0;0;3,87118284
0;0;0;0;0;3,875671185
0;0;0;0;0;3,879706308
0;0;0;0;0;3,881531729
0;0;0;0;0;3,887243999
0;0;0;0;0;3,89263976
0;0;0;0;0;3,896567594
0;0;0;0;0;3,90060089
0;0;0;0;0;3,902426035
0;0;0;0;0;3,902301529
0;0;0;0;0;3,90402952
0;0;0;0;0;3,905970658
0;0;0;0;0;3,909212952
0;0;0;0;0;3,912882541
0;0;0;0;0;3,912544518
0;0;0;0;0;3,912538194
0;0;0;0;0;3,912352953
0;0;0;0;0;3,913557563
0;0;0;0;0;3,915954067
0;0;0;0;0;3,917943972
0;0;0;0;0;3,920075495
0;0;0;0;0;3,922460524
0;0;0;0;0;3,922295203
0;0;0;0;0;3,924895783
0;0;0;0;0;3,928597681
0;0;0;0;0;3,930922567
0;0;0;0;0;3,935243726
0;0;0;0;0;3,934955442
0;0;0;0;0;3,939696978
0;0;0;0;0;3,945904848
0;0;0;0;0;3,948672709
0;0;0;0;0;3,950988742
0;0;0;0;0;3,955325609
0;0;0;0;0;3,959590174
0;0;0;0;0;3,96367035
0;0;0;0;0;3,968198704
0;0;0;0;0;3,971532651
0;0;0;0;0;3,973668859
0;0;0;0;0;3,978002162
0;0;0;0;0;3,982591071
0;0;0;0;0;3,984514744
0;0;0;0;0;3,989162934
0;0;0;0;0;3,994707322
0;0;0;0;0;3,996186576
0;0;0;0;0;3,998346465
0;0;0;0;0;4,000683044
0;0;0;0;0;4,001233441
0;0;0;0;0;4,000961689
0;0;0;0;0;4,001175176
0;0;0;0;0;4,000927937
0;0;0;0;0;3,998764576
0;0;0;0;0;3,996296368
0;0;0;0;0;3,996227469
0;0;0;0;0;3,994461992
0;0;0;0;0;3,989233565
0;0;0;0;0;3,985798217
0;0;0;0;0;3,986058687
0;0;0;0;0;3,981913177
0;0;0;0;0;3,980573171
0;0;0;0;0;3,980133742
0;0;0;0;0;3,977616561
0;0;0;0;0;3,975554673
0;0;0;0;0;3,973376172
0;0;0;0;0;3,973127499
0;0;0;0;0;3,973274061
0;0;0;0;0;3,973267511
0;0;0;0;0;3,973146045
0;0;0;0;0;3,973328773
0;0;0;0;0;3,97545684
0;0;0;0;0;3,97773383
0;0;0;0;0;3,979349182
0;0;0;0;0;3,983021128
0;0;0;0;0;3,986119766
0;0;0;0;0;3,985992325
0;0;0;0;0;3,990214047
0;0;0;0;0;3,994938861
0;0;0;0;0;3,997262772
0;0;0;0;0;4,000408608
0;0;0;0;0;4,004271823
0;0;0;0;0;4,006276154
0;0;0;0;0;4,010503673
0;0;0;0;0;4,014684688
0;0;0;0;0;4,019391928
0;0;0;0;0;4,021640616
0;0;0;0;0;4,02139232
0;0;0;0;0;4,024002364
0;0;0;0;0;4,028511473
0;0;0;0;0;4,028709137
0;0;0;0;0;4,031193151
0;0;0;0;0;4,035409899
0;0;0;0;0;4,036476957
0;0;0;0;0;4,036494466
0;0;0;0;0;4,038575288
0;0;0;0;0;4,040702703
0;0;0;0;0;4,043080182
0;0;0;0;0;4,044118482
0;0;0;0;0;4,044312335
0;0;0;0;0;4,046619956
0;0;0;0;0;4,048690828
0;0;0;0;0;4,05107693
0;0;0;0;0;4,05164421
0;0;0;0;0;4,052224184
0;0;0;0;0;4,054662298
0;0;0;0;0;4,056704972
0;0;0;0;0;4,058750038
0;0;0;0;0;4,061184881
0;0;0;0;0;4,061757737
0;0;0;0;0;4,062321465
0;0;0;0;0;4,064741154
0;0;0;0;0;4,06679569
0;0;0;0;0;4,068906369
0;0;0;0;0;4,070930427
0;0;0;0;0;4,073359028
0;0;0;0;0;4,074461005
0;0;0;0;0;4,074626307
0;0;0;0;0;4,076886177
0;0;0;0;0;4,07874318
0;0;0;0;0;4,083056197
0;0;0;0;0;4,084737031
0;0;0;0;0;4,085112809
0;0;0;0;0;4,087212043
0;0;0;0;0;4,087044117
0;0;0;0;0;4,088683291
0;0;0;0;0;4,093182673
0;0;0;0;0;4,094853442
0;0;0;0;0;4,095163837
0;0;0;0;0;4,097383341
0;0;0;0;0;4,097219534
0;0;0;0;0;4,096671633
0;0;0;0;0;4,100491095
0;0;0;0;0;4,102577367
0;0;0;0;0;4,102564108
0;0;0;0;0;4,105161385
0;0;0;0;0;4,107235019
0;0;0;0;0;4,107194061
0;0;0;0;0;4,108571661
0;0;0;0;0;4,111174624
0;0;0;0;0;4,112555376
0;0;0;0;0;4,112271661
0;0;0;0;0;4,112265104
0;0;0;0;0;4,114192202
0;0;0;0;0;4,116448402
0;0;0;0;0;4,118430018
0;0;0;0;0;4,120714861
0;0;0;0;0;4,122556813
0;0;0;0;0;4,122480625
0;0;0;0;0;4,122458074
0;0;0;0;0;4,12234863
0;0;0;0;0;4,123016995
0;0;0;0;0;4,126384102
0;0;0;0;0;4,130203749
0;0;0;0;0;4,12999298
0;0;0;0;0;4,132007694
0;0;0;0;0;4,132631931
0;0;0;0;0;4,133259275
0;0;0;0;0;4,135919518
0;0;0;0;0;4,137677807
0;0;0;0;0;4,137564468
0;0;0;0;0;4,139353902
0;0;0;0;0;4,141676211
0;0;0;0;0;4,143637938
0;0;0;0;0;4,145911948
0;0;0;0;0;4,147817957
0;0;0;0;0;4,147780557
0;0;0;0;0;4,147770158
0;0;0;0;0;4,14755112
0;0;0;0;0;4,148512458
0;0;0;0;0;4,150894987
0;0;0;0;0;4,152931063
0;0;0;0;0;4,155007655
0;0;0;0;0;4,15736354
0;0;0;0;0;4,158011319
0;0;0;0;0;4,157921672
0;0;0;0;0;4,157642828
0;0;0;0;0;4,158015688
0;0;0;0;0;4,162483245
0;0;0;0;0;4,162968767
0;0;0;0;0;4,16422567
0;0;0;0;0;4,165602156
0;0;0;0;0;4,165724156
0;0;0;0;0;4,168073202
0;0;0;0;0;4,17015192
0;0;0;0;0;4,172448197
0;0;0;0;0;4,173292778
0;0;0;0;0;4,172826801
0;0;0;0;0;4,173362213
0;0;0;0;0;4,175629241
0;0;0;0;0;4,177751766
0;0;0;0;0;4,179754442
0;0;0;0;0;4,182169978
0;0;0;0;0;4,183283024
0;0;0;0;0;4,183284548
0;0;0;0;0;4,185738279
0;0;0;0;0;4,190239701
0;0;0;0;0;4,19083611
0;0;0;0;0;4,191711929
0;0;0;0;0;4,194197294
0;0;0;0;0;4,196239791
0;0;0;0;0;4,198330223
0;0;0;0;0;4,200182027
0;0;0;0;0;4,204569042
0;0;0;0;0;4,206108518
0;0;0;0;0;4,206580695
0;0;0;0;0;4,208595349
0;0;0;0;0;4,208438772
0;0;0;0;0;4,21041593
0;0;0;0;0;4,212702394
0;0;0;0;0;4,214636838
0;0;0;0;0;4,217023811
0;0;0;0;0;4,218622328
0;0;0;0;0;4,218535085
0;0;0;0;0;4,220740027
0;0;0;0;0;4,2210095
0;0;0;0;0;4,222261039
0;0;0;0;0;4,223758489
0;0;0;0;0;4,223806911
0;0;0;0;0;4,226070445
0;0;0;0;0;4,227925394
0;0;0;0;0;4,232185411
0;0;0;0;0;4,234024027
0;0;0;0;0;4,23414925
0;0;0;0;0;4,236639671
0;0;0;0;0;4,238694826
0;0;0;0;0;4,240780926
0;0;0;0;0;4,242899389
0;0;0;0;0;4,244995693
0;0;0;0;0;4,247100993
0;0;0;0;0;4,249203563
0;0;0;0;0;4,25130672
0;0;0;0;0;4,25340988
0;0;0;0;0;4,255512787
0;0;0;0;0;4,257616474
0;0;0;0;0;4,259718081
0;0;0;0;0;4,261823586
0;0;0;0;0;4,263927732
0;0;0;0;0;4,266005144
0;0;0;0;0;4,268231113
0;0;0;0;0;4,269921406
0;0;0;0;0;4,273110654
0;0;0;0;0;4,276860918
0;0;0;0;0;4,276571037
0;0;0;0;0;4,280813192
0;0;0;0;0;4,281677275
0;0;0;0;0;4,283817338
0;0;0;0;0;4,287088657
0;0;0;0;0;4,287105328
0;0;0;0;0;4,29162887
0;0;0;0;0;4,291755539
0;0;0;0;0;4,29458332
0;0;0;0;0;4,298291263
0;0;0;0;0;4,300193561
0;0;0;0;0;4,302039854
0;0;0;0;0;4,301786939
0;0;0;0;0;4,306024716
0;0;0;0;0;4,306979701
0;0;0;0;0;4,3089768
0;0;0;0;0;4,312392796
0;0;0;0;0;4,312313863
0;0;0;0;0;4,316797148
0;0;0;0;0;4,317320592
0;0;0;0;0;4,318285046
0;0;0;0;0;4,320810209
0;0;0;0;0;4,322786441
0;0;0;0;0;4,324919439
0;0;0;0;0;4,32703443
0;0;0;0;0;4,32902739
0;0;0;0;0;4,331580359
0;0;0;0;0;4,332166642
0;0;0;0;0;4,3332277
0;0;0;0;0;4,3375412
0;0;0;0;0;4,337437795
0;0;0;0;0;4,338986818
0;0;0;0;0;4,341426456
0;0;0;0;0;4,343318914
0;0;0;0;0;4,345667287
0;0;0;0;0;4,347555528
0;0;0;0;0;4,347246377
0;0;0;0;0;4,351242631
0;0;0;0;0;4,352843755
0;0;0;0;0;4,353318747
0;0;0;0;0;4,355333289
0;0;0;0;0;4,355140209
0;0;0;0;0;4,356968631
0;0;0;0;0;4,361527223
0;0;0;0;0;4,362870711
0;0;0;0;0;4,363465227
0;0;0;0;0;4,365373425
0;0;0;0;0;4,365263494
0;0;0;0;0;4,367540731
0;0;0;0;0;4,367422414
0;0;0;0;0;4,370310119
0;0;0;0;0;4,373252095
0;0;0;0;0;4,373001446
0;0;0;0;0;4,375361471
0;0;0;0;0;4,377458846
0;0;0;0;0;4,379748693
0;0;0;0;0;4,380688126
0;0;0;0;0;4,380228817
0;0;0;0;0;4,380682278
0;0;0;0;0;4,382918482
0;0;0;0;0;4,385056998
0;0;0;0;0;4,387058789
0;0;0;0;0;4,389442064
0;0;0;0;0;4,390725154
0;0;0;0;0;4,390548214
0;0;0;0;0;4,390561498
0;0;0;0;0;4,390090368
0;0;0;0;0;4,394039737
0;0;0;0;0;4,395636338
0;0;0;0;0;4,396835458
0;0;0;0;0;4,401020933
0;0;0;0;0;4,400693696
0;0;0;0;0;4,400580621
0;0;0;0;0;4,400767695
0;0;0;0;0;4,400393482
0;0;0;0;0;4,401355648
0;0;0;0;0;4,403295657
0;0;0;0;0;4,403155378
0;0;0;0;0;4,40507359
0;0;0;0;0;4,407267651
0;0;0;0;0;4,409597784
0;0;0;0;0;4,41087068
0;0;0;0;0;4,410902545
0;0;0;0;0;4,413123005
0;0;0;0;0;4,415464475
0;0;0;0;0;4,416069988
0;0;0;0;0;4,415515235
0;0;0;0;0;4,416529642
0;0;0;0;0;4,418392965
0;0;0;0;0;4,418198711
0;0;0;0;0;4,422440253
0;0;0;0;0;4,423603375
0;0;0;0;0;4,424310078
0;0;0;0;0;4,42626715
0;0;0;0;0;4,425877125
0;0;0;0;0;4,425854777
0;0;0;0;0;4,427762248
0;0;0;0;0;4,430016763
0;0;0;0;0;4,432012908
0;0;0;0;0;4,434258891
0;0;0;0;0;4,436175917
0;0;0;0;0;4,436164732
0;0;0;0;0;4,435540368
0;0;0;0;0;4,439063354
0;0;0;0;0;4,441652089
0;0;0;0;0;4,441024418
0;0;0;0;0;4,441113104
0;0;0;0;0;4,441028627
0;0;0;0;0;4,442855925
0;0;0;0;0;4,445149269
0;0;0;0;0;4,447124816
0;0;0;0;0;4,44938919
0;0;0;0;0;4,451309381
0;0;0;0;0;4,451286053
0;0;0;0;0;4,451196624
0;0;0;0;0;4,451306237
0;0;0;0;0;4,451087402
0;0;0;0;0;4,451580588
0;0;0;0;0;4,453931749
0;0;0;0;0;4,456161713
0;0;0;0;0;4,456225468
0;0;0;0;0;4,457381671
0;0;0;0;0;4,460013213
0;0;0;0;0;4,461512593
0;0;0;0;0;4,461350436
0;0;0;0;0;4,461377026
0;0;0;0;0;4,461178036
0;0;0;0;0;4,462441397
0;0;0;0;0;4,465062257
0;0;0;0;0;4,466499899
0;0;0;0;0;4,466441283
0;0;0;0;0;4,468472223
0;0;0;0;0;4,470997737
0;0;0;0;0;4,471461852
0;0;0;0;0;4,472061138
0;0;0;0;0;4,474605917
0;0;0;0;0;4,476551212
0;0;0;0;0;4,476578254
0;0;0;0;0;4,476556978
0;0;0;0;0;4,476337486
0;0;0;0;0;4,477197577
0;0;0;0;0;4,479521008
0;0;0;0;0;4,48160897
0;0;0;0;0;4,483908075
0;0;0;0;0;4,483995579
0;0;0;0;0;4,485336533
0;0;0;0;0;4,486923446
0;0;0;0;0;4,48661292
0;0;0;0;0;4,486650237
0;0;0;0;0;4,486494004
0;0;0;0;0;4,488184909
0;0;0;0;0;4,490401309
0;0;0;0;0;4,492695482
0;0;0;0;0;4,494299938
0;0;0;0;0;4,494216482
0;0;0;0;0;4,496428439
0;0;0;0;0;4,496676466
0;0;0;0;0;4,497967265
0;0;0;0;0;4,499395965
0;0;0;0;0;4,499546499
0;0;0;0;0;4,501789575
0;0;0;0;0;4,50168752
0;0;0;0;0;4,50358855
0;0;0;0;0;4,504129991
0;0;0;0;0;4,505685413
0;0;0;0;0;4,509689083
0;0;0;0;0;4,50939098
0;0;0;0;0;4,511449463
0;0;0;0;0;4,512177839
0;0;0;0;0;4,511845402
0;0;0;0;0;4,511995152
0;0;0;0;0;4,511889093
0;0;0;0;0;4,511885328
0;0;0;0;0;4,513830655
0;0;0;0;0;4,516085467
0;0;0;0;0;4,518068845
0;0;0;0;0;4,520349715
0;0;0;0;0;4,522181205
0;0;0;0;0;4,522094205
0;0;0;0;0;4,521863045
0;0;0;0;0;4,523359891
0;0;0;0;0;4,525970914
0;0;0;0;0;4,527196322
0;0;0;0;0;4,52722308
0;0;0;0;0;4,529413262
0;0;0;0;0;4,531844127
0;0;0;0;0;4,532129914
0;0;0;0;0;4,532941902
0;0;0;0;0;4,535522273
0;0;0;0;0;4,537328213
0;0;0;0;0;4,537282054
0;0;0;0;0;4,537013644
0;0;0;0;0;4,538540717
0;0;0;0;0;4,540875318
0;0;0;0;0;4,542878711
0;0;0;0;0;4,545043542
0;0;0;0;0;4,547199987
0;0;0;0;0;4,547595204
0;0;0;0;0;4,546746322
0;0;0;0;0;4,549369617
0;0;0;0;0;4,552786549
0;0;0;0;0;4,552445083
0;0;0;0;0;4,554592641
0;0;0;0;0;4,556999463
0;0;0;0;0;4,557769227
0;0;0;0;0;4,556987576
0;0;0;0;0;4,558440567
0;0;0;0;0;4,562687408
0;0;0;0;0;4,562632055
0;0;0;0;0;4,562445095
0;0;0;0;0;4,562542183
0;0;0;0;0;4,562553635
0;0;0;0;0;4,562439537
0;0;0;0;0;4,562582399
0;0;0;0;0;4,564668216
0;0;0;0;0;4,567048256
0;0;0;0;0;4,567898525
0;0;0;0;0;4,567121866
0;0;0;0;0;4,568448475
0;0;0;0;0;4,572746613
0;0;0;0;0;4,572772693
0;0;0;0;0;4,572551522
0;0;0;0;0;4,572673888
0;0;0;0;0;4,572628942
0;0;0;0;0;4,572640946
0;0;0;0;0;4,572639194
0;0;0;0;0;4,572641452
0;0;0;0;0;4,572625114
0;0;0;0;0;4,572690722
0;0;0;0;0;4,572496631
0;0;0;0;0;4,572921697
0;0;0;0;0;4,575214215
0;0;0;0;0;4,577444584
0;0;0;0;0;4,577969938
0;0;0;0;0;4,577134537
0;0;0;0;0;4,579303245
0;0;0;0;0;4,583152549
0;0;0;0;0;4,582752248
0;0;0;0;0;4,582710253
0;0;0;0;0;4,58278056
0;0;0;0;0;4,582749445
0;0;0;0;0;4,582748853
0;0;0;0;0;4,58277154
0;0;0;0;0;4,582757675
0;0;0;0;0;4,582607865
0;0;0;0;0;4,584210099
0;0;0;0;0;4,586771443
0;0;0;0;0;4,588007527
0;0;0;0;0;4,587780954
0;0;0;0;0;4,58781336
0;0;0;0;0;4,587788825
0;0;0;0;0;4,587956965
0;0;0;0;0;4,587319974
0;0;0;0;0;4,58922702
0;0;0;0;0;4,593215563
0;0;0;0;0;4,59289503
0;0;0;0;0;4,592858695
0;0;0;0;0;4,592701255
0;0;0;0;0;4,593783442
0;0;0;0;0;4,596342079
0;0;0;0;0;4,598049762
0;0;0;0;0;4,59794318
0;0;0;0;0;4,59790869
0;0;0;0;0;4,597940974
0;0;0;0;0;4,597926566
0;0;0;0;0;4,597931259
0;0;0;0;0;4,597930129
0;0;0;0;0;4,597930261
0;0;0;0;0;4,597930316
0;0;0;0;0;4,597930268
0;0;0;0;0;4,597930293
0;0;0;0;0;4,597930275
0;0;0;0;0;4,597930295
0;0;0;0;0;4,597930301
0;0;0;0;0;4,59793011
0;0;0;0;0;4,597931036
0;0;0;0;0;4,597927905
0;0;0;0;0;4,597935858
0;0;0;0;0;4,597923396
0;0;0;0;0;4,597915943
0;0;0;0;0;4,5980592
0;0;0;0;0;4,597387286
0;0;0;0;0;4,60000505
0;0;0;0;0;4,603486368
0;0;0;0;0;4,602922354
0;0;0;0;0;4,602961546
0;0;0;0;0;4,603056131
0;0;0;0;0;4,602781748
0;0;0;0;0;4,603775783
0;0;0;0;0;4,606292155
0;0;0;0;0;4,608124974
0;0;0;0;0;4,608079583
0;0;0;0;0;4,608019616
0;0;0;0;0;4,608055989
0;0;0;0;0;4,60805126
0;0;0;0;0;4,608029495
0;0;0;0;0;4,608063328
0;0;0;0;0;4,608119964
0;0;0;0;0;4,607538625
0;0;0;0;0;4,610937094
0;0;0;0;0;4,613647764
0;0;0;0;0;4,612984869
0;0;0;0;0;4,613112774
0;0;0;0;0;4,61309187
0;0;0;0;0;4,613237085
0;0;0;0;0;4,612575297
0;0;0;0;0;4,614929058
0;0;0;0;0;4,618616904
0;0;0;0;0;4,618127929
0;0;0;0;0;4,618129687
0;0;0;0;0;4,618186179
0;0;0;0;0;4,618153917
0;0;0;0;0;4,618166011
0;0;0;0;0;4,618162593
0;0;0;0;0;4,618163238
0;0;0;0;0;4,618163247
0;0;0;0;0;4,618163194
0;0;0;0;0;4,618163117
0;0;0;0;0;4,618163468
0;0;0;0;0;4,618162679
0;0;0;0;0;4,618163398
0;0;0;0;0;4,618166625
0;0;0;0;0;4,618144106
0;0;0;0;0;4,618232599
0;0;0;0;0;4,617972382
0;0;0;0;0;4,618532983
0;0;0;0;0;4,620711737
0;0;0;0;0;4,620773048
0;0;0;0;0;4,620644609
0;0;0;0;0;4,620710763
0;0;0;0;0;4,620686165
0;0;0;0;0;4,620695046
0;0;0;0;0;4,620692259
0;0;0;0;0;4,620678153
0;0;0;0;0;4,620764629
0;0;0;0;0;4,620439238
0;0;0;0;0;4,621451487
0;0;0;0;0;4,623411261
0;0;0;0;0;4,623225337
0;0;0;0;0;4,623196562
0;0;0;0;0;4,623234635
0;0;0;0;0;4,623217727
0;0;0;0;0;4,623219527
0;0;0;0;0;4,62322657
0;0;0;0;0;4,623223559
0;0;0;0;0;4,623165983
0;0;0;0;0;4,623488018
0;0;0;0;0;4,622049211
0;0;0;0;0;4,620382973
0;0;0;0;0;4,620808758
0;0;0;0;0;4,620742038
0;0;0;0;0;4,618569414
0;0;0;0;0;4,617967191
0;0;0;0;0;4,618231992
0;0;0;0;0;4,618145736
0;0;0;0;0;4,618164821
0;0;0;0;0;4,618162198
0;0;0;0;0;4,618181262
0;0;0;0;0;4,618079144
0;0;0;0;0;4,618438385
0;0;0;0;0;4,617433077
0;0;0;0;0;4,615608478
0;0;0;0;0;4,61577245
0;0;0;0;0;4,611414124
0;0;0;0;0;4,610706842
0;0;0;0;0;4,608465573
0;0;0;0;0;4,605135742
0;0;0;0;0;4,605377321
0;0;0;0;0;4,603078546
0;0;0;0;0;4,603211341
0;0;0;0;0;4,600384868
0;0;0;0;0;4,595515927
0;0;0;0;0;4,591830619
0;0;0;0;0;4,590381202
0;0;0;0;0;4,590578966
0;0;0;0;0;4,58479023
0;0;0;0;0;4,579182574
0;0;0;0;0;4,576681283