0,046841457;0;0;0;0;0
0,048410972;0;0;0;0;0
0,048233884;0;0;0;0;0
0,049911051;0;0;0;0;0
0,050577893;0;0;0;0;0
0,051358063;0;0;0;0;0
0,053444195;0;0;0;0;0
0,054522232;0;0;0;0;0
0,055943904;0;0;0;0;0
0,057630649;0;0;0;0;0
0,05928141;0;0;0;0;0
0,059119223;0;0;0;0;0
0,057584527;0;0;0;0;0
0,05759213;0;0;0;0;0
0,05759213;0;0;0;0;0
0,05759213;0;0;0;0;0
0,05759213;0;0;0;0;0
0,05759213;0;0;0;0;0
0,05759213;0;0;0;0;0
0,05759213;0;0;0;0;0
0,05759213;0;0;0;0;0
0,057591623;0;0;0;0;0
0,05752168;0;0;0;0;0
0,059640756;0;0;0;0;0
0,059090333;0;0;0;0;0
0,05989468;0;0;0;0;0
0,059895693;0;0;0;0;0
0,059895693;0;0;0;0;0
0,059895693;0;0;0;0;0
0,059895693;0;0;0;0;0
0,059963609;0;0;0;0;0
0,060552044;0;0;0;0;0
0,061430389;0;0;0;0;0
0,061427855;0;0;0;0;0
0,062182025;0;0;0;0;0
0,062141985;0;0;0;0;0
0,063732432;0;0;0;0;0
0,065250402;0;0;0;0;0
0,065214923;0;0;0;0;0
0,066739989;0;0;0;0;0
0,068343614;0;0;0;0;0
0,068386188;0;0;0;0;0
0,069889966;0;0;0;0;0
0,069878309;0;0;0;0;0
0,070540742;0;0;0;0;0
0,072096217;0;0;0;0;0
0,076532541;0;0;0;0;0
0,082165502;0;0;0;0;0
0,087338763;0;0;0;0;0
0,093204361;0;0;0;0;0
0,100022808;0;0;0;0;0
0,107338459;0;0;0;0;0
0,11367744;0;0;0;0;0
0,119715868;0;0;0;0;0
0,126865785;0;0;0;0;0
0,134815994;0;0;0;0;0
0,142080455;0;0;0;0;0
0,14867336;0;0;0;0;0
0,15814458;0;0;0;0;0
0,165313756;0;0;0;0;0
0,173399289;0;0;0;0;0
0,181436167;0;0;0;0;0
0,189383334;0;0;0;0;0
0,19762548;0;0;0;0;0
0,20472674;0;0;0;0;0
0,211960284;0;0;0;0;0
0,22054505;0;0;0;0;0
0,228394398;0;0;0;0;0
0,236113997;0;0;0;0;0
0,244084479;0;0;0;0;0
0,252864883;0;0;0;0;0
0,260171411;0;0;0;0;0
0,266582363;0;0;0;0;0
0,273796141;0;0;0;0;0
0,281321115;0;0;0;0;0
0,287800996;0;0;0;0;0
0,296363968;0;0;0;0;0
0,304330395;0;0;0;0;0
0,31406821;0;0;0;0;0
0,322819217;0;0;0;0;0
0,331449091;0;0;0;0;0
0,338497641;0;0;0;0;0
0,344755528;0;0;0;0;0
0,352574467;0;0;0;0;0
0,358264193;0;0;0;0;0
0,366627471;0;0;0;0;0
0,374589337;0;0;0;0;0
0,383795989;0;0;0;0;0
0,392409644;0;0;0;0;0
0,401694348;0;0;0;0;0
0,411171143;0;0;0;0;0
0,424141549;0;0;0;0;0
0,436269089;0;0;0;0;0
0,449391038;0;0;0;0;0
0,461525674;0;0;0;0;0
0,473203651;0;0;0;0;0
0,481473166;0;0;0;0;0
0,485423435;0;0;0;0;0
0,490559698;0;0;0;0;0
0,495298602;0;0;0;0;0
0,500248856;0;0;0;0,047534986;0
0,508461605;0,176724234;0;0;0,045146545;0
0,517184229;0,173602992;0;0;0,042827559;0
0,524330598;0,170453334;0;0;0,040319656;0
0,533570194;0,167287846;0;0;0,036612552;0
0,542054606;0,164095159;0;0;0,0348492;0
0,549048925;0,162310258;0;0;0,031734473;0
0,556646376;0,157967555;0;0;0,029185839;0
0,563088245;0,158807843;0;0;0,027522804;0
0,570341049;0,168136658;0;0;0,024493333;0
0,578323695;0,178414957;0;0;0,023994912;0
0,585581567;0,1910692;0;0;0,022044131;0
0,594380217;0,207931781;0;0;0,02009196;0
0,601643158;0,225909874;0;0;0,019595133;0
0,609595394;0,243191787;0;0;0,017330161;0
0,617770637;0,267414393;0;0;0,016174718;0
0,627958014;0,290452073;0;0;0,015337184;0
0,638657294;0,314558582;0;0;0,014611545;0
0,649108224;0,338690664;0;0;0,01262069;0
0,659842983;0,360149253;0;0;0,012374876;-4,63892E-07
0,671449496;0,382838639;0;0;0,011567923;1,93055E-06
0,679852815;0,407032018;0;0;0,011590839;-6,31411E-06
0,690764966;0,427738813;0;0;0,011589812;1,56609E-05
0,699533205;0,445782668;0;0;0,011114353;-2,30492E-05
0,709624283;0,466363623;0;0;0,009247268;-2,30429E-05
0,718939905;0,483457587;0;0;0,009294338;0,000756869
0,726577903;0,500413533;0;0;0,00927579;0,000993254
0,735396826;0,517418192;0;0;0,00928118;0,000892558
0,742979073;0,531999413;0;0;0,009317126;0,000925145
0,751580057;0,546864789;0;0;0,008440894;0,00091737
0,759552566;0,557841298;0;0;0,006884003;0,000918241
0,767621374;0,571375204;0;0;0,006900429;0,000918638
0,776019625;0,582319238;0;0;0,005586316;0,000918309
0,783596803;0,593466241;0;0;0,003451236;0,000918451
0,791599722;0,602368417;0;0;0,003577538;0,000918406
0,799739487;0,609784867;0;0;0,00229853;0,000918416
0,80843677;0,617181021;0;0;0,001649393;0,000918415
0,817331718;0,624593412;0;0;0,001181051;0,000918415
0,825937771;0,632131644;0;0;0,001152632;0,000918412
0,835527083;0,637197725;0;0;0,00115603;0,000918423
0,844340938;0,644752194;0;0;0,00118075;0,000918396
0,852374267;0,652152407;0;0;0,001399688;0,000918438
0,861152643;0,65955262;0;0;0,00338996;0,000918467
0,869708013;0,666965011;0;0;0,00372356;0,000917962
0,877178756;0,674478886;0;0;0,006824888;0,000920308
0,885212085;0,679605858;0;0;0,007978649;0,000912564
0,894274289;0,687127852;0;0;0,010490419;0,000931676
0,903605115;0,694487471;0;0;0,012064438;0,000903849
0,913158948;0,700913438;0;0;0,015173994;0,000875862
0,922008282;0,705058045;0;0;0,015692279;0,001634632
0,931445543;0,712222815;0,133267946;0;0,017409409;0,001920682
0,939970502;0,717991165;0,13532546;0;0,018306744;0,001804676
0,947532475;0,721599936;0,139344857;0;0,018744387;0,001855799
0,955525258;0,725310191;0,142206047;0;0,020759175;0,001823562
0,963487631;0,729028565;0,146936066;0;0,020845176;0,001789522
0,97090769;0,732868719;0,14905072;0;0,020869885;0,002543403
0,977273534;0,734208308;0,153038081;0;0,020869508;0,002838864
0,984095528;0,738080937;0,157581905;0;0,020869034;0,002728393
0,989954537;0,743751863;0,162145785;0;0,020866292;0,002762262
0,99601628;0,74675173;0,166702256;0;0,020862095;0,002753867
1;0,752158798;0,17125836;0;0,021012858;0,002751203
0,994429887;0,757306066;0,175816884;0;0,019710459;0,002780373
0,98473414;0,764767169;0,180373713;0;0,017890269;0,002658083
0,975327288;0,770263543;0,18481028;0;0,016876899;0,00309373
0,964769922;0,778008801;0,191113664;0;0,015061584;0,003757382
0,9447905;0,787381863;0,197157697;0;0,013560187;0,003666379
0,915338337;0,794408615;0,201607173;0;0,01056538;0,003667942
0,865648267;0,804224148;0,207098628;0;0,010096853;0,003677731
0,816084905;0,81150258;0,212296055;0;0,008117103;0,003671992
0,765938683;0,822645523;0,219360423;0;0,007510791;0,00367417
0,721114225;0,832144425;0,224360902;0;0,006989857;0,003673547
0,679786927;0,841521547;0,229717692;0;0,006195957;0,003673668
0,644582191;0,854211106;0,236605151;0;0,00582097;0,003673668
0,611267948;0,864968409;0,240745297;0;0,005791947;0,003673654
0,579550235;0,878205982;0,248854749;0;0,005796371;0,003673662
0,549332752;0,889288035;0,252844117;0;0,005797013;0,003673659
0,520939874;0,901794922;0,261006372;0;0,005796954;0,00367366
0,498143971;0,91329103;0,264983337;0;0,005796971;0,00367366
0,475200073;0,927474433;0,273147114;0;0,005797457;0,00367366
0,451512141;0,939883897;0,277332976;0;0,005796701;0,00367366
0,425148122;0,954915706;0,283835789;0;0,005767229;0,00367366
0,396481047;0,965445686;0,289627458;0;0,005744908;0,00367366
0,361368048;0,980331359;0,296003417;0;0,00441637;0,00367366
0,325863773;0,994315854;0,301760188;0;0,005876728;0,00367366
0,291924096;1,00816233;0,308146331;0;0,005778274;0,00367366
0,257966174;1,020648921;0,314106956;0;0,005794958;0,00367366
0,224460348;1,035542713;0,318866604;0;0,005797197;0,00367366
0,188780708;1,048755929;0,326333372;0;0,005796992;0,00367366
0,155043765;1,063117945;0,330798756;0;0,005796945;0,00367366
0,12390435;1,077143033;0,337855263;0;0,005796913;0,00367366
0,093759345;1,090721592;0,342713794;0;0,005796981;0,00367366
0,0726066;1,105420534;0,348249135;0;0,005799051;0,00367366
0,060030511;1,118349596;0,355025744;0;0,005799769;0,00367366
0,047332732;1,130901136;0,359282826;0;0,00568124;0,00367366
0,034811381;1,145786809;0,365606501;0;0,007069404;0,00367366
0,024471042;1,160132587;0,371212891;0;0,006106131;0,00367366
0,017699528;1,171271471;0,376378136;0;0,005819691;0,00367366
0,01607122;1,186189618;0,382378991;0;0,005822571;0,00367366
0,016001784;1,199402835;0,387003082;0;0,006136535;0,00367366
0,013839425;1,211633686;0,39408651;0;0,006967658;0,00367366
0;1,226669555;0,39891031;0,648531347;0,006514446;0,00367366
0;1,238555361;0,403529716;0,650791474;0,005786018;0,00367366
0;1,252158276;0,408252513;0,651302384;0,005788363;0,00367366
0;1,264900607;0,415480701;0,653516503;0,005796813;0,00367366
0;1,278040755;0,418240787;0,655517112;0,005797107;0,00367366
0;1,292630095;0,421443341;0,658993132;0,005796998;0,00367366
0;1,304150558;0,430213079;0,663462296;0,0057963;0,00367366
0;1,318041688;0,437016552;0,664545263;0,005793109;0,00367366
0;1,332903004;0,441479751;0,668948673;0,00582725;0,00367366
0;1,347760261;0,445895274;0,672683553;0,00611715;0,00367366
0;1,362467322;0,452563024;0,67601539;0,006970013;0,00367366
0;1,378355657;0,458204196;0,680334865;0,00653516;0,00367366
0;1,39463775;0,462727103;0,682949274;0,005782392;0,00367366
0;1,410688459;0,467153956;0,688349892;0,005788185;0,00367366
0;1,42767688;0,473848507;0,692761668;0,005796843;0,00367366
0;1,44232711;0,479453499;0,696982412;0,005799456;0,00367366
0;1,460894622;0,48398227;0,700927488;0,005803669;0,00367366
0;1,477054934;0,488411943;0,70828203;0,005673414;0,00367366
0;1,492715944;0,495133014;0,710986747;0,007059768;0,00367366
0;1,509822087;0,500706029;0,729342115;0,006908605;0,00367366
0;1,526579125;0,505270844;0,731567375;0,006658747;0,00367366
0;1,539199675;0,509507087;0,735999919;0,005756649;0,00367366
0;1,552855361;0,517669732;0,740253018;0,005788023;0,00367366
0;1,567172724;0,52186921;0,743768414;0,005797293;0,00367366
0;1,579480703;0,526380994;0,747096217;0,005797116;0,00367366
0;1,594394791;0,532196356;0,750141257;0,00579695;0,00367366
0;1,60531447;0,538724124;0,753598509;0,005796947;0,00367366
0;1,618686001;0,54314454;0,757055335;0,005796949;0,00367366
0;1,630612401;0,547634607;0,76051212;0,00579695;0,00367366
0;1,644941941;0,553482209;0,763991867;0,005796954;0,00367366
0;1,655825085;0,559978974;0,766761205;0,005796905;0,00367366
0;1,669115429;0,564399961;0,768192873;0,005796593;0,00367366
0;1,684001102;0,568884396;0,77135705;0,005798826;0,00367366
0;1,695079095;0,574768724;0,774168493;0,00582149;0,00367366
0;1,709502001;0,581236362;0,775895632;0,005736206;0,00367366
0;1,724367377;0,585646248;0,777098654;0,00704954;0,00367366
0;1,736594169;0,589981759;0,777819244;0,006962018;0,00367366
0;1,749795207;0,597519829;0,77854777;0,005683612;0,00367366
0;1,764717415;0,602272386;0,780751539;0,005793124;0,00367366
0;1,775876595;0,606945437;0,78292059;0,00580179;0,00367366
0;1,790388807;0,611911438;0,78360219;0,005810493;0,00367366
0;1,80279827;0,618973215;0,786379839;0,005648363;0,00367366
0;1,815370107;0,623581375;0,789078506;0,006829946;0,00367366
0;1,828498077;0,628193653;0,790846358;0,005634727;0,00367366
0;1,839681614;0,633189571;0,792106275;0,007069146;0,00367366
0;1,851705438;0,640243206;0,795435371;0,006950093;0,00367366
0;1,865040435;0,644835111;0,797464289;0,006953785;0,00367366
0;1,876767926;0,649444881;0,79952864;0,006956599;0,00367366
0;1,888235618;0,654468551;0,8002664;0,006979723;0,00367366
0;1,899216186;0,661513604;0,80245171;0,006994679;0,00367366
0;1,910334773;0,666123027;0,804559696;0,008940043;0,00367366
0;1,921502072;0,670643912;0,806676464;0,009258576;0,00367366
0;1,933383819;0,67756273;0,808776284;0,009279123;0,00367366
0;1,943414497;0,682837724;0,811716475;0,009275536;0,00367366
0;1,954731992;0,68741768;0,814994959;0,009275067;0,00367366
0;1,965834342;0,691906349;0,817166886;0,009275127;0,00367366
0;1,976952929;0,698844605;0,820476969;0,009275065;0,00367366
0;1,988290721;0,704087644;0,823891029;0,009274064;0,00367366
0;1,997513587;0,708672183;0,827301161;0,009276155;0,00367366
0;2,010471063;0,713170688;0,83054463;0,00933789;0,00367366
0;2,021350148;0,720125961;0,839217525;0,00935283;0,00367366
0;2,034567424;0,725338197;0,846203105;0,011794711;0,00367366
0;2,045361262;0,729977034;0,848107182;0,011605125;0,00367366
0;2,058939821;0,73441903;0,851522268;0,011590818;0,00367366
0;2,070143654;0,742340145;0,855339839;0,011593602;0,00367366
0;2,084988733;0,746585736;0,857111053;0,011593953;0,00367366
0;2,097800073;0,751025879;0,859994474;0,011594022;0,00367366
0;2,109564098;0,757219655;0,862513025;0,011593454;0,00367366
0;2,123560771;0,76339703;0,86441997;0,011586267;0,00367366
0;2,138576343;0,767841772;0,868075029;0,011604365;0,00367366
0;2,1486192;0,772281354;0,871206883;0,012189813;0,00367366
0;2,16377279;0,778506468;0,87385246;0,012772999;0,00367366
0;2,178504207;0,78464836;0,878242522;0,014028395;0,00367366
0;2,190483379;0,789097321;0,880992485;0,013933198;0,00367366
0;2,204240549;0,793533476;0,88529265;0,013663863;0,00367366
0;2,219036916;0,799793328;0,889494298;0,016437585;0,00367366
0;2,231292124;0,805895652;0,893686388;0,016198246;0,00367366
0;2,244456628;0,810348536;0,89787918;0,016222499;0,00367366
0;2,257519648;0,814987921;0,902069647;0,0162506;0,00367366
0;2,270964248;0,81957538;0,906253965;0,016587654;0,00367366
0;2,282590255;0,827323819;0,910581658;0,018459465;0,00367366
0;2,297151179;0,831607264;0,913170403;0,019694877;0,00367366
0;2,308058679;0,836239347;0,917572155;0,020883434;0,00367366
0;2,321239421;0,84086894;0,920310655;0,020739406;0,003673659
0;2,331777519;0,848568042;0,924675472;0,022157012;0,00367366
0;2,343358873;0,852859927;0,926767575;0,02406809;0,003673667
0;2,354359738;0,857551241;0,9305124;0,024507867;0,003673624
0;2,367881466;0,860341106;0,933347324;0,025600595;0,003673787
0;2,378845797;0,868038929;0,935959017;0,025756256;0,003673319
0;2,391929114;0,874057328;0,940052134;0,027600695;0,003674255
0;2,402779783;0,878665956;0,941740243;0,028917432;0,00367371
0;2,41617973;0,883160188;0,946127684;0,031118729;0,003668438
0;2,430338777;0,889685631;0,949090127;0,033091151;0,003699972
0;2,440389753;0,895315179;0,951707386;0,033625263;0,003582459
0;2,455510868;0,899943777;0,955907535;0,036827823;0,003942988
0;2,468521117;0,90449686;0,95896457;0,037135479;0,004659165
0;2,481762749;0,908706488;0,961619979;0,039746597;0,0045945
0;2,496124764;0,916819663;0,966067059;0,041751473;0,004582665
0;2,508526109;0,921056973;0,968953993;0,042543048;0,004597088
0;2,521102006;0,925526577;0,971897436;0,044629651;0,00459026
0;2,532244949;0,929681904;0,967480072;0,047361867;0,004592573
0;2,543570563;0,937783;0,966918899;0,04910679;0,004591984
0;2,553434807;0,94178872;0,965286473;0,050917671;0,004592067
0;2,564589928;0,94693553;0,986378654;0,053316954;0,004592117
0;2,574336452;0,951637309;0,986119261;0,054481965;0,004591931
0;2,581623003;0,956498821;0,988501906;0,058190193;0,004592534
0;2,590890521;0,963895115;0,991940916;0,06035114;0,004590926
0;2,602013167;0,968246891;0,992777591;0,062903525;0,00459382
0;2,609579814;0,9728754;1,009488729;0,065053764;0,004593505
0;2,620016429;0,977800842;1,010445663;0,067759115;0,00457047
0;2,631074125;0,985140085;1,011500017;0,069763645;0,004691055
0;2,642172415;0,989512003;1,014562949;0,072607406;0,004178305
0;2,653315358;0,994020999;1,016449277;0,074507247;0,003579153
0;2,665834424;0,998475386;1,017584973;0,077353781;0,003688955
0;2,678187056;1,00539109;1,018810522;0,080026899;0,003675945
0;2,692098483;1,010675507;1,020838409;0,082236266;0,003668631
0;2,704142603;1,015292489;1,023517554;0,085338832;0,00368411
0;2,718837486;1,019718892;1,024854522;0,087073586;0,003644092
0;2,730288941;1,026700973;1,027171269;0,090091846;0,003743788
0;2,744703728;1,031926431;1,029303079;0,091857413;0,003578008
0;2,75693052;1,03654597;1,031310297;0,095770603;0,002762063
0;2,771588868;1,040960761;1,033349179;0,096542519;0,003450855
0;2,782622208;1,048009794;1,037064116;0,100499461;0,003784974
0;2,797698671;1,053173908;1,037427443;0,102740557;0,003598987
0;2,808001327;1,057826377;1,041103601;0,10532798;0,003797629
0;2,822006118;1,062410713;1,04473931;0,108888172;0,004767242
0;2,832844609;1,066630638;1,049468466;0,111265351;0,006337044
0;2,8463501;1,074805268;1,053740097;0,113620893;0,007052016
0;2,857314431;1,079027644;1,058417001;0,115975157;0,008775165
0;2,868627867;1,083660337;1,06340248;0,118397277;0,01152863
0;2,881159111;1,087895741;1,06789715;0,122062529;0,013056137
0;2,890300789;1,096067802;1,068979851;0,1249287;0,014039401
0;2,901764422;1,100277768;1,072394914;0,126797444;0,017980936
0;2,910548877;1,104853376;1,074652542;0,130557317;0,021269732
0;2,921801422;1,109501763;1,07820098;0,132442454;0,023931457
0;2,931186662;1,114786083;1,080094507;0,135286646;0,028055132
0;2,942256537;1,121698172;1,083530743;0,138953389;0,032148063
0;2,951101882;1,126153161;1,086324031;0,141395864;0,034172408
0;2,960556131;1,130662197;1,089271616;0,143649446;0,037180713
0;2,971057695;1,135033565;1,091727842;0,147313653;0,04206117
0;2,982302122;1,142375491;1,09452844;0,150336541;0,044128883
0;2,991557463;1,147298714;1,098041416;0,152103378;0,047033027
0;3,00356505;1,15192725;1,101472974;0,155713637;0,051430568
0;3,014484728;1,156278368;1,104645881;0,159103717;0,05345542
0;3,026662807;1,16367819;1,109555003;0,161781426;0,056532833
0;3,037781394;1,168546442;1,113361277;0,164003495;0,059714002
0;3,05093778;1,173201856;1,11710277;0,167848445;0,062262468
0;3,061658549;1,177809335;1,120600803;0,170247089;0,064317813
0;3,072216944;1,18208639;1,123991077;0,171499873;0,067020086
0;3,082397819;1,190213102;1,129353563;0,176453688;0,069909886
0;3,097056168;1,194422865;1,135824451;0,178568526;0,070561632
0;3,108475147;1,199017634;1,14230752;0,182315417;0,072724767
0;3,119212154;1,203484785;1,147166539;0,184541222;0,074166057
0;3,130330741;1,210323008;1,151772931;0,187406437;0,074690163
0;3,142813273;1,215724268;1,172603336;0,190612154;0,075511651
0;3,15519838;1,220245187;1,180717044;0,194122755;0,076276378
0;3,166089642;1,224857864;1,187285759;0,197437659;0,077078927
0;3,175064887;1,230490381;1,193416228;0,200211241;0,07719199
0;3,186642181;1,237014665;1,20096637;0,202425326;0,077131814
0;3,197342654;1,241533448;1,206055504;0,206224257;0,077142041
0;3,208514013;1,246059275;1,213161476;0,208436625;0,077166652
0;3,216754513;1,250524231;1,218653221;0,212165961;0,077135148
0;3,226432027;1,25652197;1,223587305;0,214442945;0,07702694
0;3,233755113;1,262880114;1,229633704;0,21808439;0,078482071
0;3,242701942;1,267315064;1,234942106;0,22062214;0,079179907
0;3,25051215;1,271908824;1,240741649;0,222912199;0,078877806
0;3,257920482;1,2763704;1,244900782;0,226574592;0,079104183
0;3,265024362;1,28265262;1,250428477;0,22988813;0,079930649
0;3,270784594;1,287067304;1,254812075;0,232638189;0,080738889
0;3,282069614;1,292261771;1,261103383;0,234845929;0,080895564
0;3,291077334;1,297702427;1,270356208;0,238681845;0,080696602
0;3,300068816;1,302364536;1,275352925;0,241466287;0,081158256
0;3,309096833;1,305360861;1,281319115;0,244620977;0,081752491
0;3,318376529;1,307775761;1,28645867;0,246906413;0,081751872
0;3,329312445;1,317314142;1,289772883;0,250528599;0,083279944
0;3,342748926;1,321895205;1,293301648;0,253042158;0,084351291
0;3,352613171;1,326512372;1,296821817;0,255331155;0,08455515
0;3,363378593;1,332764859;1,300655566;0,25916532;0,08442733
0;3,375304993;1,337162326;1,302534379;0,261386925;0,084600725
0;3,386764566;1,341753026;1,307023018;0,264078915;0,08541644
0;3,397875034;1,346266548;1,31146403;0,267555673;0,086160851
0;3,406874635;1,352691391;1,314224969;0,269966951;0,087071558
0;3,418370742;1,355388276;1,318485342;0,273572995;0,087132409
0;3,427861525;1,361647881;1,322652381;0,275886168;0,087802909
0;3,437486268;1,366015745;1,326851553;0,279597442;0,089197224
0;3,449368014;1,370609237;1,331165361;0,281837464;0,089084342
0;3,45846098;1,375142416;1,333896139;0,284718856;0,089872372
0;3,46562981;1,381346346;1,337374997;0,287758377;0,090005854
0;3,477982442;1,38575584;1,339299496;0,290166945;0,090348869
0;3,485642454;1,390350112;1,342946248;0,293630793;0,091248653
0;3,494317306;1,394899624;1,345582897;0,296202452;0,0919689
0;3,501762173;1,401082965;1,349189185;0,299524013;0,092741589
0;3,510920088;1,405496754;1,351745413;0,302234289;0,093569568
0;3,518547626;1,410047641;1,354709702;0,305409977;0,093727759
0;3,525935661;1,414606585;1,358123619;0,308268673;0,093677365
0;3,532836573;1,419162947;1,361580247;0,311292633;0,093635513
0;3,538803832;1,423719146;1,365033944;0,314303897;0,093756253
0;3,546159392;1,428275394;1,368470472;0,317176268;0,094567081
0;3,553332281;1,432831644;1,371018384;0,320342014;0,095346484
0;3,56190159;1,437387894;1,374047341;0,323005587;0,096077057
0;3,568437159;1,441944144;1,364443638;0,326026533;0,09692077
0;3,575764304;1,446500394;1,366593059;0,329790212;0,097457904
0;3,58314422;1,451056644;1,379115557;0,33083914;0,097292602
0;3,592346789;1,455612893;1,388315586;0,334775952;0,09730923
0;3,60210549;1,460169143;1,402331861;0,336171912;0,098864683
0;3,609412338;1,464725393;1,406943765;0,338332451;0,099383813
0;3,616646117;1,469281643;1,411217039;0,343322947;0,098980923
0;3,626339869;1,473837897;1,41555889;0,345520791;0,099629856
0;3,635712931;1,478394154;1,418230539;0,347874241;0,101195962
0;3,643052254;1,482950167;1,421454638;0,351481722;0,101903093
0;3,650314448;1,487505961;1,425503465;0,353096902;0,102712175
0;3,661124524;1,492074613;1,428277208;0,356392738;0,102940603
0;3,669287897;1,496657435;1,432567806;0,360204468;0,102801898
0;3,676720585;1,500186153;1,435058738;0,361012807;0,102978617
0;3,684145154;1,504244552;1,438161974;0,364795168;0,103985529
0;3,694918695;1,508761897;1,44257898;0,367585147;0,105559769
0;3,702899397;1,513317362;1,444053776;0,369618935;0,105604836
0;3,710380797;1,518048697;1,448188463;0,372810865;0,106173447
0;3,717817544;1,520817631;1,452239984;0,374501453;0,106577695
0;3,725335479;1,525514182;1,454142478;0,377582675;0,106685495
0;3,734635472;1,530042519;1,458198696;0,379320238;0,107552344
0;3,741824599;1,534596067;1,46109756;0,382292888;0,108299372
0;3,751623894;1,539153052;1,463788641;0,384096381;0,109177622
0;3,758853614;1,543705993;1,468116954;0,388009991;0,109184598
0;3,76623353;1,548250311;1,470264891;0,388759288;0,109942808
0;3,773621565;1,552981243;1,473841909;0,392838203;0,111514041
0;3,782868787;1,555737415;1,478127795;0,393813725;0,112069278
0;3,790374543;1,560447612;1,479334834;0,39529279;0,112061629
0;3,796796451;1,564982858;1,48381575;0,398377504;0,111970741
0;3,803311723;1,56948947;1,486024854;0,399979703;0,112517857
0;3,810720055;1,57383256;1,489565311;0,403825246;0,113369036
0;3,81601752;1,57703557;1,49383582;0,404727837;0,114093455
0;3,821858939;1,581681651;1,494432469;0,407816812;0,114882915
0;3,826604331;1,58620313;1,505800262;0,409575288;0,115671275
0;3,833407818;1,590517292;1,507755694;0,413486203;0,115764243
0;3,837442821;1,593751962;1,513243187;0,414240913;0,115688408
0;3,842561674;1,598392292;1,524111183;0,418303054;0,115769188
0;3,848220422;1,602914365;1,524908023;0,419053667;0,115624808
0;3,85426075;1,607199866;1,528474058;0,42306774;0,115807475
0;3,860321374;1,610478389;1,530583032;0,423923458;0,117427488
0;3,866089724;1,61517732;1,533520863;0,427778829;0,117596561
0;3,873640134;1,618475649;1,537050635;0,429443777;0,117940496
0;3,883203986;1,622746233;1,538531887;0,432576989;0,11892738
0;3,888456797;1,62725344;1,542926702;0,434172066;0,119460853
0;3,899656571;1,631792756;1,546418076;0,437363162;0,119381916
0;3,907462721;1,636526701;1,549889386;0,438921808;0,119352009
0;3,915532728;1,639353367;1,554770591;0,442134503;0,119984709
0;3,924150749;1,642759738;1,558412735;0,443683455;0,120940192
0;3,933730839;1,647040678;1,561955664;0,446886621;0,121217301
0;3,939275924;1,651665189;1,565836796;0,448478049;0,121400576
0;3,945251302;1,654064649;1,567775038;0,452072917;0,122158971
0;3,948592155;1,657606443;1,571004848;0,454450703;0,122053926
0;3,954291496;1,66220247;1,575643346;0,456816391;0,123515197
0;3,953930213;1,666767411;1,58205137;0,459158205;0,124072777
0;3,953881501;1,671319425;1,586211162;0,461678891;0,124248695
0;3,950552826;1,675897548;1,590455553;0,463872943;0,125001007
0;3,949939863;1,680642732;1,594372041;0,466420215;0,124896278
0;3,949850557;1,682403207;1,60115125;0,469911171;0,124869616
0;3,949789666;1,686606406;1,604304062;0,471490243;0,125378625
0;3,952221223;1,691063288;1,606335273;0,474697926;0,126916793
0;3,957746012;1,69557165;1,609974322;0,47626025;0,127755961
0;3,965105631;1,700418683;1,615396912;0,479444918;0,127775284
0;3,973626228;1,701392811;1,618861677;0,481049507;0,128589561
0;3,982341673;1,706293008;1,622372614;0,484181982;0,128556322
0;3,993236995;1,71077285;1,625663584;0,485855906;0,129147181
0;4,004830527;1,715597083;1,631827299;0,488898356;0,129973033
0;4,01406963;1,716586274;1,635213466;0,490642583;0,130797526
0;4,019318383;1,72148888;1,639724488;0,494551464;0,131366188
0;4,025898605;1,726006938;1,64895543;0,495335699;0,131337711
0;4,032478828;1,73065131;1,660128932;0,49924438;0,132082609
0;4,037187685;1,732922915;1,663847024;0,501110142;0,132869765
0;4,035032165;1,736634251;1,668036793;0,504007641;0,133699601
0;4,029588563;1,741144842;1,672667327;0,505807586;0,134175846
0;4,024518423;1,7459513;1,67771548;0,508852714;0,13405864
0;4,017556621;1,746979261;1,681947794;0,511230528;0,134089077
0;4,012701626;1,75187337;1,686269926;0,51364517;0,134739697
0;4,002228478;1,756353165;1,691669387;0,516721801;0,136369082
0;3,992774228;1,761124885;1,695833275;0,518448345;0,136913607
0;3,985305006;1,762182003;1,699951913;0,52218504;0,137072049
0;3,977697766;1,767056001;1,705478714;0,524201356;0,137843322
0;3,973155342;1,771141283;1,711111508;0,526997416;0,13776445
0;3,97507136;1,773199453;1,715045475;0,52929317;0,137719363
0;3,982540582;1,777688547;1,720854829;0,531916343;0,138187168
0;3,989806836;1,782313982;1,724855068;0,535070639;0,139687436
0;3,999281382;1,785282519;1,731217646;0,536644572;0,140613686
0;4,009011668;1,788388842;1,735812654;0,539788776;0,140608416
0;4,016359109;1,792243009;1,742113316;0,541444176;0,14142848
0;4,021372419;1,795962904;1,746836654;0,545291019;0,141324305
0;4,028951244;1,798764093;1,751116518;0,546170129;0,142635105
0;4,034394846;1,803576178;1,759773211;0,55000777;0,143489024
0;4,038454205;1,806561386;1,772062635;0,552021694;0,143170282
0;4,038202525;1,809655113;1,781096022;0,554735546;0,143361103
0;4,034402964;1,814375264;1,784219271;0,556649578;0,144161008
0;4,030741422;1,81723222;1,789931918;0,560606325;0,144918033
0;4,025017724;1,821048534;1,79354788;0,563035653;0,145759854
0;4,021258757;1,824824273;1,797141251;0,565704496;0,146123017
0;4,016691977;1,827849716;1,800519091;0,567838989;0,145961544
0;4,006762783;1,83090216;1,806111168;0,571568953;0,146101626
0;4,000081076;1,834701841;1,809970362;0,571979026;0,146903307
0;3,992112553;1,838493599;1,814471866;0,575262858;0,147686702
0;3,986693307;1,841537921;1,822518573;0,578045318;0,148403817
0;3,982715135;1,844570968;1,830756232;0,581149203;0,149294092
0;3,982333555;1,848351059;1,824827807;0,582728847;0,149715476
0;3,982272664;1,852161626;1,829817679;0,586148741;0,149775367
0;3,982118409;1,855226189;1,83199695;0,588799164;0,150591485
0;3,98642133;1,858241092;1,834141069;0,590894844;0,150597607
0;3,986161531;1,862000387;1,839340618;0,593516647;0,151106865
0;3,988292695;1,865828421;1,843890723;0,595691744;0,151950327
0;3,990574055;1,868910522;1,848012458;0,599337179;0,152756509
0;3,989920498;1,871908374;1,853742096;0,601723151;0,153401197
0;3,986027572;1,875852537;1,857802595;0,604219413;0,153357862
0;3,98236603;1,877989717;1,861853081;0,607160241;0,154040884
0;3,976662629;1,882721936;1,867671295;0,608993454;0,154847168
0;3,969562808;1,885501991;1,870629732;0,611903634;0,155663307
0;3,962203189;1,88873627;1,873604491;0,613780747;0,156215245
0;3,954798916;1,891665638;1,877969736;0,617537267;0,156107085
0;3,947370288;1,895380314;1,882459216;0,619388018;0,156098529
0;3,941922627;1,89926071;1,886187593;0,622326969;0,156791335
0;3,934400633;1,901321323;1,890871401;0,624134469;0,157611776
0;3,929269602;1,905452283;1,895219292;0,627114221;0,15833343
0;3,924755594;1,908107542;1,898665582;0,629539736;0,15915617
0;3,920923558;1,911533391;1,903667509;0,631992314;0,1598406
0;3,919429714;1,915247098;1,908047687;0,635632533;0,159824549
0;3,921272663;1,917517497;1,910524278;0,637773084;0,159723447
0;3,921536521;1,921344751;1,927998825;0,640431682;0,160275328
0;3,923590557;1,923558853;1,933852729;0,642497467;0,161123148
0;3,925258954;1,928540158;1,937934418;0,645142123;0,161850927
0;3,927779817;1,929518917;1,942191446;0,648165273;0,162636369
0;3,925518753;1,934668811;1,946459226;0,650000301;0,163421387
0;3,92389095;1,935607241;1,951606711;0,653308479;0,163567062
0;3,918962887;1,940539274;1,957410313;0,654948739;0,16326635
0;3,911404359;1,943122201;1,961612312;0,657972433;0,164182198
0;3,903586032;1,946679791;1,965758637;0,660937897;0,165495145
0;3,892288833;1,947730101;1,970958161;0,663903284;0,165288604
0;3,883159333;1,952912078;1,976911513;0,665602887;0,165265018
0;3,870234331;1,953813675;1,98100094;0,668253874;0,165945638
0;3,859749004;1,958990414;1,985220417;0,670551607;0,166765671
0;3,849413874;1,959887455;1,98952849;0,673301767;0,167489275
0;3,836821739;1,965071342;1,996021159;0,676701031;0,168306796
0;3,827947979;1,965961812;2,000373722;0,679259399;0,169011389
0;3,818627688;1,971151917;2,004590915;0,681309655;0,169011324
0;3,811166585;1,972036536;2,008636293;0,685129304;0,168934856
0;3,804866458;1,977232194;2,014347535;0,686062986;0,169303705
0;3,799041277;1,978111655;2,019510438;0,689876118;0,170683219
0;3,793577378;1,983311882;2,023941892;0,692918249;0,171842767
0;3,789627621;1,98418557;2,028194059;0,694666264;0,171760613
0;3,786067562;1,989405827;2,033151076;0,69840403;0,172574143
0;3,782990568;1,990345237;2,038009889;0,700429398;0,172659805
0;3,777753993;1,994203742;2,043464189;0,703176521;0,173033589
0;3,7701021;1,99659693;2,047584986;0,705158211;0,17402036
0;3,762482681;2,000253034;2,051785977;0,707901392;0,174525036
0;3,753312587;2,002768763;2,056680668;0,710750051;0,174510683
0;3,742234594;2,00501605;2,061449963;0,712787586;0,175265722
0;3,731168779;2,009043784;2,065669967;0,716467022;0,17607624
0;3,720240982;2,010991094;2,069842993;0,718822716;0,176793526
0;3,706698958;2,014740289;2,074089635;0,721142082;0,177637602
0;3,695685914;2,016630205;2,079986958;0,724768563;0,178238005
0;3,682667547;2,020744711;2,085534355;0,726370951;0,178168254
0;3,671394704;2,022846624;2,093128337;0,729561273;0,178131756
0;3,662683318;2,025069098;2,096979142;0,731157658;0,178662899
0;3,651085727;2,028642087;2,09908808;0,734663183;0,180039648
0;3,644582632;2,031179938;2,101732989;0,736134391;0,181390116
0;3,637478752;2,033547766;2,106025345;0,739483221;0,18189301
0;3,631718521;2,036151526;2,110223746;0,741916652;0,181844071
0;3,628048859;2,039648591;2,114415684;0,744045251;0,181788134
0;3,624103161;2,041889576;2,118608482;0,747794244;0,182413872
0;3,62214655;2,043995389;2,122799607;0,748777823;0,183253162
0;3,619248167;2,048082114;2,126989885;0,75254308;0,183969011
0;3,613321502;2,050175602;2,131298832;0,755076457;0,184787861
0;3,605702083;2,05237857;2,133686348;0,75739156;0,185519626
0;3,596491395;2,056032622;2,135731019;0,760321788;0,185493109
0;3,586911306;2,05850812;2,138560248;0,762206576;0,186037515
0;3,576417861;2,060835868;2,141299978;0,765964743;0,187000059
0;3,563752658;2,06313623;2,144730726;0,767829068;0,187397764
0;3,550811418;2,065263826;2,148190301;0,770663902;0,187395994
0;3,536112476;2,069338944;2,15164396;0,773335649;0,188254743
0;3,52232689;2,071441495;2,155093669;0,775552063;0,189902983
0;3,510948504;2,073723281;2,158544628;0,779214208;0,190124186
0;3,493992558;2,076043143;2,160308259;0,78147875;0,190537065
0;3,481031021;2,078773853;2,163330023;0,78388912;0,191068565
0;3,46810196;2,082129585;2,166753745;0,787463556;0,191128146
0;3,455128246;2,084372081;2,170371775;0,789073028;0,19194006
0;3,444979846;2,086641196;2,171774771;0,792417727;0,191856023
0;3,43354057;2,088959648;2,175076932;0,796062362;0,193043376
0;3,421244769;2,091061165;2,17838156;0,797941081;0,194437584
0;3,412472492;2,094502843;2,182001388;0,800818099;0,194682538
0;3,401345786;2,097074302;2,183097722;0,804606945;0,194797989
0;3,390332743;2,099485687;2,186712144;0,805741726;0,195605507
0;3,380387311;2,101826016;2,190270653;0,809251838;0,195599845
0;3,36834319;2,10410504;2,191236337;0,81276508;0,196122271
0;3,358864585;2,106370339;2,194651843;0,813907424;0,196997269
0;3,349925874;2,108481952;2,203744211;0,817724272;0,197709916
0;3,338579964;2,112446947;2,218729048;0,819624838;0,198511055
0;3,327027025;2,113760187;2,220485269;0,822562232;0,199274017
0;3,315376662;2,11555275;2,224298193;0,826168663;0,199339553
0;3,303641053;2,119505274;2,226182601;0,828077654;0,199229314
0;3,294259872;2,121553159;2,230318603;0,830894267;0,199551833
0;3,281261802;2,123834243;2,233098739;0,834137872;0,200727463
0;3,270390836;2,126120907;2,236209564;0,835868723;0,202201645
0;3,257023364;2,128477157;2,237512213;0,83874704;0,202920472
0;3,242888672;2,129314315;2,243202912;0,841734567;0,203765305
0;3,230235648;2,131103893;2,244967013;0,844110486;0,203840324
0;3,213612569;2,135265308;2,246182802;0,847704955;0,204307535
0;3,200837763;2,137534195;2,248807977;0,849325047;0,204793636
0;3,185935853;2,139786039;2,251869394;0,852651578;0,204937541
0;3,170157121;2,142050469;2,253622695;0,85614076;0,206564213
0;3,154418983;2,144355988;2,256795895;0,859179415;0,206668526
0;3,139577963;2,147514659;2,259273695;0,860973173;0,207093789
0;3,124732884;2,148900523;2,26122751;0,864678605;0,207971797
0;3,111958078;2,151990152;2,26491358;0,867159128;0,208758635
0;3,100953153;2,154967939;2,266932018;0,869359199;0,209428608
0;3,08467512;2,156451011;2,269439982;0,873041914;0,20939226
0;3,075975912;2,158012693;2,272440311;0,874704871;0,209931667
0;3,063339124;2,161067738;2,275077898;0,877897135;0,211537774
0;3,054010715;2,16408245;2,279131503;0,881589431;0,212238362
0;3,045161311;2,165602483;2,28083133;0,88378592;0,212317677
0;3,035183404;2,16712446;2,284862946;0,887576117;0,213112375
0;3,025765689;2,17014146;2,286794787;0,889502368;0,213070242
0;3,013875824;2,173194436;2,290414193;0,892248755;0,213586767
0;3,004648899;2,174738851;2,292487539;0,895374637;0,215192699
0;2,991598057;2,176231215;2,295824486;0,899438876;0,215911845
0;2,982833899;2,180230684;2,297769674;0,901840161;0,215986171
0;2,969291874;2,182310202;2,301197739;0,904319625;0,216777425
0;2,955266785;2,18458185;2,303558632;0,90804859;0,216728021
0;2,942885738;2,186863735;2,308007983;0,910260814;0,217363783
0;2,9279067;2,189142037;2,324059019;0,914044307;0,218209423
0;2,915204962;2,191420097;2,324306228;0,916213346;0,21893965
0;2,900343646;2,193696089;2,327803574;0,92008818;0,219716009
0;2,885535101;2,195973474;2,328917203;0,922624369;0,220473771
0;2,870742793;2,198363357;2,330347284;0,925046331;0,221230328
0;2,85598702;2,198881919;2,33409483;0,929307673;0,222064497
0;2,839177211;2,200400534;2,33552864;0,931867556;0,222370432
0;2,82434431;2,205132461;2,337581992;0,935469976;0,222098236
0;2,809710317;2,207283068;2,340694218;0,939063079;0,222567087
0;2,792230713;2,209523688;2,343802765;0,942643524;0,22417038
0;2,779626401;2,211407644;2,347243303;0,946223631;0,224919524
0;2,763003322;2,212723332;2,350699455;0,949803945;0,225709203
0;2,746217869;2,215509906;2,354153766;0,953384273;0,226058841
0;2,731632589;2,218716362;2,357619993;0,956964598;0,225754482
0;2,714226053;2,220508346;2,36108545;0,960544922;0,226260654
0;2,702100745;2,221846921;2,363085136;0,964125247;0,22780522
0;2,687418041;2,224601923;2,364790612;0,967705571;0,227772713
0;2,674302249;2,227861268;2,366726738;0,971285896;0,228301153
0;2,66160863;2,228464778;2,370240655;0,974866237;0,229332886
0;2,647985418;2,230901854;2,373679537;0,97844653;0,229530517
0;2,637179402;2,23320489;2,376454064;0,982025889;0,229881759
0;2,623775396;2,235508652;2,380503833;0,985605849;0,231476421
0;2,610606832;2,236747257;2,383602944;0,989241446;0,231529471
0;2,597669652;2,238542235;2,387262185;0,99297234;0,231200985
0;2,584525445;2,240720262;2,390726263;0,995794122;0,232474706
0;2,569814325;2,242824725;2,392627878;1,000034327;0,233329978
0;2,557526642;2,244967634;2,396384784;1,004504051;0,233516718
0;2,54263691;2,246210759;2,397140383;1,006615723;0,235136594
0;2,525571361;2,248817195;2,399018609;1,009410807;0,235174266
0;2,510892716;2,252208263;2,402025004;1,014368513;0,235077652
0;2,49627902;2,251517881;2,404011572;1,01782744;0,235129124
0;2,479059215;2,255078431;2,407606033;1,021408277;0,235107605
0;2,464388688;2,257077025;2,409105951;1,024990715;0,23511974
0;2,449275691;2,258077026;2,412208297;1,028571809;0,235113561
0;2,432835284;2,260732611;2,415590128;1,032153675;0,235077922
0;2,418026739;2,261157227;2,4166495;1,035696362;0,235582131
0;2,403453637;2,263819367;2,419996973;1,039089408;0,236972789
0;2,386457097;2,264532003;2,421644585;1,04178382;0,238276032
0;2,369976096;2,267154728;2,426265088;1,044022859;0,23890909
0;2,356738523;2,269016713;2,430024263;1,047751164;0,239702939
0;2,341994928;2,270051727;2,434944621;1,051421708;0,241104793
0;2,327194502;2,272049095;2,443592146;1,053775842;0,243541934
0;2,312394075;2,273082335;2,446531206;1,056764209;0,244686284
0;2,297593649;2,275096709;2,448783612;1,059722644;0,246154116
0;2,282785104;2,276096229;2,452279301;1,062134831;0,249466244
0;2,267948144;2,278043634;2,455699627;1,064411153;0,251623551
0;2,255136804;2,280460025;2,459387914;1,066915094;0,252956425
0;2,240381031;2,281001011;2,463548904;1,0704395;0,256427671
0;2,225401992;2,282194966;2,467745796;1,071976341;0,259686516
0;2,21305342;2,284242154;2,47193958;1,074861864;0,261439651
0;2,19796072;2,285145852;2,476132437;1,07655342;0,264314079
0;2,185352348;2,286853798;2,480324812;1,07943679;0,268991847
0;2,170454497;2,287795115;2,484528504;1,081462526;0,271299537
0;2,155414568;2,289798674;2,488819168;1,084006422;0,274651072
0;2,142010562;2,291038665;2,491627119;1,086365815;0,278449401
0;2,126325195;2,291656434;2,495063903;1,087987564;0,28080492
0;2,1091744;2,292741488;2,498585764;1,091155342;0,283520274
0;2,092413303;2,294394762;2,500426631;1,092863259;0,288224672
0;2,075794283;2,295600839;2,504154936;1,094671867;0,290644995
0;2,058002109;2,296225239;2,506010351;1,096508036;0,293274202
0;2,041285664;2,297296958;2,508776714;1,098605478;0,296719714
0;2,023038842;2,299061933;2,511710732;1,100255893;0,299059453
0;2,005888046;2,298761393;2,513473667;1,101759854;0,300672123
0;1,989459817;2,300974068;2,516719789;1,1047802;0,303825482
0;1,971038441;2,301936724;2,519158986;1,105782302;0,306305284
0;1,953822696;2,301832031;2,520441233;1,108368413;0,307809415
0;1,936594772;2,303083441;2,523242812;1,109418303;0,309836077
0;1,921185442;2,305049681;2,524087243;1,112014088;0,311860008
0;1,903308021;2,304910683;2,526221426;1,113705994;0,312214987
0;1,888560367;2,304808327;2,528448631;1,115523011;0,312173515
0;1,871523233;2,306287745;2,529796474;1,117359926;0,314508671
0;1,856840528;2,306889402;2,531139057;1,119432019;0,315171387
0;1,842206536;2,308006686;2,533532339;1,121137051;0,315263887
0;1,825039503;2,307962086;2,534232651;1,122723295;0,316221288
0;1,810425807;2,30798732;2,53262066;1,124501661;0,316942038
0;1,793668769;2,308508374;2,534682898;1,126899118;0,317711143
0;1,78104416;2,309414085;2,535257973;1,128061582;0,318454221
0;1,767063725;2,311164012;2,540060247;1,13054118;0,319326737
0;1,753172595;2,310971874;2,541780583;1,131637003;0,319648631
0;1,738372169;2,310893241;2,541438401;1,134305949;0,319691036
0;1,725646075;2,312284252;2,544532158;1,135243287;0,32069932
0;1,710890302;2,314125943;2,544290172;1,138384681;0,322284512
0;1,69739293;2,314033928;2,546580047;1,138644829;0,322376864
0;1,683242002;2,314626199;2,54708069;1,141530243;0,322800691
0;1,668522763;2,315482417;2,549304242;1,143187758;0,323698149
0;1,653856295;2,3172453;2,551226942;1,14405049;0,32442086
0;1,64095159;2,316984675;2,554775824;1,146760027;0,325193699
0;1,626130867;2,319316515;2,556910522;1,147750763;0,325957005
0;1,611326382;2,320109461;2,565547138;1,150236749;0,326717567
0;1,596554371;2,320741827;2,588010286;1,151289279;0,327492713
0;1,581993447;2,321549616;2,590660534;1,153156577;0,328220833
0;1,570947929;2,323314543;2,593315773;1,154914614;0,329069596
0;1,554093466;2,32304068;2,594055873;1,156699166;0,329718483
0;1,539341752;2,324635654;2,597280943;1,158474009;0,329642066
0;1,524549445;2,326069431;2,600323432;1,160418624;0,331011742
0;1,509753078;2,32598088;2,601066118;1,161106771;0,332263532
0;1,494952652;2,327561957;2,604142907;1,163964029;0,332468816
0;1,480152226;2,329318278;2,609768083;1,163934379;0,332555995
0;1,465514174;2,329123566;2,610437845;1,165115729;0,333481573
0;1,448371497;2,33068653;2,615311893;1,16688805;0,335038138
0;1,433713148;2,332157634;2,615705912;1,168687112;0,336020094
0;1,418961434;2,331986148;2,618547186;1,16843132;0,336144811
0;1,404323382;2,333689793;2,619356509;1,171243107;0,33629818
0;1,391369965;2,334382597;2,622115522;1,172043632;0,337501422
0;1,376545183;2,335223506;2,623323667;1,173320809;0,338922812
0;1,361541788;2,336016702;2,625590515;1,174998306;0,338817005
0;1,349245987;2,336731148;2,626413906;1,176775063;0,340256015
0;1,334628232;2,338411205;2,627913017;1,177724316;0,34083219
0;1,321358185;2,33824756;2,62945934;1,179540143;0,340966752
0;1,308494073;2,338130772;2,630671157;1,181338706;0,341818177
0;1,293912852;2,339790989;2,631346736;1,183128618;0,342631024
0;1,281300421;2,341386424;2,632182664;1,184918705;0,344252624
0;1,268164332;2,341277951;2,633486288;1,186716947;0,344428968
0;1,253424797;2,341158759;2,634883889;1,188521246;0,344816562
0;1,24078395;2,34285283;2,63589253;1,189547741;0,345593593
0;1,227984788;2,344410344;2,636569906;1,191183463;0,346613369
0;1,21294486;2,344306207;2,637428698;1,193002451;0,348096942
0;1,20063688;2,34430559;2,638928413;1,194247012;0,347990307
0;1,186226153;2,344308271;2,638926051;1,195093302;0,349427059
0;1,172996699;2,344133096;2,640175613;1,197013125;0,349904156
0;1,1600514;2,345852966;2,640502366;1,197603832;0,350503369
0;1,146927489;2,346650888;2,641410275;1,198710534;0,351840933
0;1,132459931;2,34731634;2,642109037;1,201133174;0,351768354
0;1,118353655;2,347355477;2,642638987;1,20160495;0,353386159
0;1,107048338;2,347355664;2,643714099;1,203520617;0,353553506
0;1,092044943;2,346421201;2,643950088;1,206259418;0,354405681
0;1,081133384;2,345812919;2,644064637;1,207140528;0,355875481
0;1,066296423;2,346724561;2,642582787;1,211044294;0,356477894
0;1,053740823;2,347312536;2,642726567;1,212942441;0,357268916
0;1,04107968;2,34734266;2,641708021;1,215825545;0,358037136
0;1,028382002;2,347333582;2,641400195;1,218028673;0,3587847
0;1,015599078;2,347332739;2,641444506;1,221837759;0,359594105
0;1,002816153;2,347332502;2,639914457;1,224175077;0,360233271
0;0,990845101;2,347344929;2,639981372;1,226616828;0,361248229
0;0,976909318;2,347368994;2,637853785;1,230186341;0,362770261
0;0,965275193;2,346354406;2,636095412;1,233703148;0,362677734
0;0,951789999;2,345834532;2,634973502;1,236174291;0,364045062
0;0,940870321;2,345970183;2,632733769;1,238312525;0,364646229
0;0,927632748;2,344191328;2,632137709;1,241966009;0,365042957
0;0,915564271;2,344495798;2,629991353;1,244529978;0,366678373
0;0,902456598;2,342674142;2,62822977;1,247215674;0,367354744
0;0,890071491;2,34297932;2,626854273;1,250261797;0,368109762
0;0,879086863;2,341153664;2,624227391;1,253072415;0,368849911
0;0,866137505;2,341475549;2,621832793;1,255291986;0,369762352
0;0,855303073;2,339685496;2,61806182;1,259056453;0,370066462
0;0,843202122;2,338899369;2,614948688;1,261432258;0,370322597
0;0,830532859;2,336637654;2,612396876;1,263786003;0,371932062
0;0,819698428;2,336864136;2,607681308;1,266162347;0,371895121
0;0,808592019;2,334848621;2,604953007;1,269608246;0,373052535
0;0,799543706;2,333939952;2,60028623;1,270923094;0,374354443
0;0,788027302;2,330382857;2,597634775;1,274243176;0,374953932
0;0,775910112;2,33105618;2,593125;1,275818182;0,375758242
0;0,767767036;2,327440665;2,590293576;1,27883952;0,376516693
0;0,755515888;2,326715024;2,585392655;1,280816481;0,377278808
0;0,746069758;2,324325583;2,581285948;1,282591308;0,378043867
0;0,736936198;2,321971472;2,57803886;1,285711415;0,378807625
0;0,72480683;2,319400478;2,570298411;1,286238665;0,379569596
0;0,715782873;2,317100365;2,566140486;1,288178985;0,380336659
0;0,706052588;2,313119481;2,56188215;1,29045575;0,381100698
0;0,694864992;2,31114039;2,534146867;1,291633396;0,381833875
0;0,685589354;2,307476616;2,518974665;1,292100234;0,382751337
0;0,676191936;2,304357186;2,511868612;1,29516254;0,382902194
0;0,666688975;2,299983028;2,504046113;1,295964264;0,383367519
0;0,657112945;2,296704706;2,498083634;1,296430628;0,384983429
0;0,647078207;2,292096204;2,477575411;1,298335597;0,385693272
0;0,638281574;2,287356589;2,470344287;1,299697503;0,386429201
0;0,626939722;2,284590166;2,464894015;1,300758818;0,387215598
0;0,616405683;2,280044676;2,460060217;1,302664624;0,387967953
0;0,608299142;2,273782631;2,453433708;1,303168106;0,388739533
0;0,597631144;2,268018021;2,44602323;1,305014174;0,389494839
0;0,588960351;2,262605403;2,438599099;1,306791056;0,390254319
0;0,577711865;2,254310802;2,431170057;1,307884903;0,391105229
0;0,568679789;2,250195969;2,423584293;1,307960075;0,391265626
0;0,558937325;2,242860877;2,414296488;1,309803526;0,391424981
0;0,548228734;2,231831554;2,412383626;1,31130778;0,392697871
0;0,540353576;2,224271185;2,401631717;1,312204387;0,394041815
0;0,528228268;2,213546296;2,389712982;1,314030468;0,393937268
0;0,521209634;2,204778553;2,382057212;1,315810379;0,395473035
0;0,5095065;2,193548552;2,372439709;1,317071085;0,395797063
0;0,500912835;2,18208829;2,361963335;1,31824577;0,396561919
0;0,492209567;2,172983135;2,351492378;1,320148708;0,397759955
0;0,48121682;2,161205139;2,345670847;1,320601013;0,397761291
0;0,473694826;2,150128114;2,33624158;1,322487727;0,399406336
0;0,462523468;2,138343249;2,307232214;1,324294267;0,399425513
0;0,455102958;2,126298945;2,298136958;1,325133747;0,400595165
0;0,446505234;2,113853836;2,288634536;1,326615507;0,401389713
0;0,437623354;2,100251106;2,278991557;1,329507091;0,401692975
0;0,429074342;2,088040195;2,269010315;1,329569466;0,403234179
0;0,419425244;2,074050657;2,259244796;1,332008012;0,403117932
0;0,412102159;2,059326738;2,248606942;1,332606851;0,404606889
0;0,404693827;2,045215871;2,237984413;1,333298347;0,405002485
0;0,397293208;2,030476665;2,22509594;1,335889973;0,405669037
0;0,389905579;2,016349875;2,200743846;1,336829226;0,407005967
0;0,382586553;2,001625185;2,188384608;1,33793905;0,406869106
0;0,3730637;1,987417533;2,174953693;1,3393188;0,407645923
0;0,367940382;1,972961274;2,162649032;1,341161703;0,408458264
0;0,35812688;1,955194252;2,148590266;1,341271677;0,409190311
0;0,350850477;1,94109185;2,12908456;1,343292298;0,409974089
0;0,343463254;1,923299003;2,100243244;1,345236831;0,410714014
0;0,336064258;1,909214526;2,084738418;1,347156185;0,411501816
0;0,328664451;1,891662436;2,067966286;1,347607088;0,412326668
0;0,321267892;1,874501292;2,051650184;1,349509352;0,412253844
0;0,313921668;1,856819405;2,038869584;1,3506831;0,413246505
0;0,307293951;1,839576637;2,019780302;1,351940819;0,414771055
0;0,300928875;1,822521243;2,002490003;1,353840622;0,41507859
0;0,295805151;1,806153481;1,985044104;1,354265045;0,415166118
0;0,288309948;1,788485743;1,964300295;1,356169838;0,416782669
0;0,280917854;1,771233622;1,942092277;1,357981137;0,41700724
0;0,273524136;1,751237675;1,920747427;1,358866257;0,417327189
0;0,266164516;1,733242611;1,901412461;1,359103497;0,418250869
0;0,259059825;1,71340561;1,878772093;1,360994532;0,41895812
0;0,25334181;1,695231047;1,858019598;1,362853483;0,419742321
0;0,245797084;1,676968792;1,819912199;1,363452157;0,420560918
0;0,240504085;1,658816571;1,799620581;1,363951707;0,420639757
0;0,235424202;1,638855011;1,777494146;1,365823229;0,420899904
0;0,227847406;1,620839424;1,761920013;1,367698663;0,422275107
0;0,220576281;1,60018486;1,739633036;1,367992116;0,42348183
0;0,217042608;1,581350125;1,717675444;1,369786171;0,423394422
0;0,211325812;1,560869157;1,696871453;1,370586957;0,424195896
0;0,20407823;1,540353062;1,675547891;1,371508974;0,424309943
0;0,199989237;1,521537228;1,653417169;1,372792889;0,424651062
0;0,193266531;1,500874459;1,625010109;1,373664838;0,425633138
0;0,190429039;1,480177255;1,598293177;1,375018203;0,426173364
0;0,182611929;1,461383723;1,573922451;1,376163866;0,426145531
0;0,179705428;1,439170681;1,550081556;1,37665649;0,426855768
0;0,173039959;1,418861257;1,524812616;1,378569938;0,427821994
0;0,16874678;1,398570685;1,495967364;1,379624984;0,427863758
0;0,163932379;1,376348562;1,473926686;1,380888486;0,428517094
0;0,158004495;1,356742463;1,452325368;1,381535541;0,429961081
0;0,154382735;1,335345013;1,429242107;1,383450328;0,429820617
0;0,150873824;1,314828953;1,407488731;1,384270168;0,429795663
0;0,144735666;1,294338326;1,387104146;1,38583615;0,429848926
0;0,141231626;1,273089461;1,365067741;1,387702601;0,429743188
0;0,137629756;1,251814877;1,342108008;1,388218472;0,43003472
0;0,131802951;1,231315717;1,320202412;1,388931311;0,430890196
0;0,128273743;1,210822705;1,299012285;1,390709769;0,431639695
0;0,125066849;1,189237974;1,258787277;1,392463373;0,432384347
0;0,12301809;1,16980001;1,242614866;1,393569092;0,43324378
0;0,119043571;1,147550849;1,213043698;1,39488972;0,433569587
0;0,11528501;1,127194675;1,194137388;1,396787165;0,433462605
0;0,113582108;1,1051375;1,175295422;1,397201411;0,433509656
0;0,109920159;1,084773152;1,156516718;1,399076303;0,433500834
0;0,106043065;1,063360667;1,137909675;1,400582333;0,433329432
0;0,104852049;1,042279171;1,123099482;1,40146915;0,434719017
0;0,101318376;1,020810897;1,105413251;1,403266465;0,435454563
0;0,099169351;0,999757537;1,085450801;1,405140652;0,435464252
0;0,097377549;0,978377876;1,067169856;1,405599954;0,436404249
0;0,093608434;0,957515131;1,049090285;1,407510875;0,437147474
0;0,092415388;0,936993538;1,030019047;1,40938554;0,437209039
0;0,089174801;0,914783669;1,007260043;1,409767246;0,437080728
0;0,086673017;0,893188279;0,978068231;1,411234969;0,437489362
0;0,085148322;0,872219315;0,960128584;1,41329065;0,438422952
0;0,081311821;0,850544653;0,943924427;1,414227171;0,439026277
0;0,081567966;0,829261709;0,927391735;1,414910668;0,438987645
0;0,076670754;0,808063446;0,908785416;1,417883155;0,439676919
0;0,07729549;0,78714246;0,886596774;1,418354977;0,440509859
0;0,072703136;0,767276155;0,870541865;1,419015722;0,441221833
0;0,073032756;0,746128174;0,856100133;1,4222014;0,442058301
0;0,069232789;0,725810758;0,84347909;1,422569091;0,442713687
0;0,069409777;0,70371888;0,824673659;1,424350692;0,442679653
0;0,064450863;0,683534192;0,809208123;1,426077645;0,442711578
0;0,064793473;0,664249769;0,792612408;1,426681426;0,442486445
0;0,064618515;0,643553599;0,759594007;1,428549708;0,443437988
0;0,060776331;0,623101964;0,745596878;1,430477115;0,444724251
0;0,061213524;0,602371903;0,733855844;1,430872703;0,44445281
0;0,056392628;0,583452678;0,717992807;1,432798284;0,444433293
0;0,056652021;0,56237138;0,704765312;1,434657955;0,445978285
0;0,056048394;0,54418658;0,689911114;1,435292835;0,446512594
0;0,052740422;0,523555799;0,676605303;1,43703008;0,446277684
0;0,052811055;0,505509167;0,664318839;1,438775537;0,446408975
0;0,0491008;0,486575766;0,649924835;1,439954293;0,446294675
0;0,04873221;0,465466842;0,628824511;1,441208482;0,445495915
0;0,04896197;0,446181794;0,726311703;1,443108654;0,445292802
0;0,044299389;0,428150651;0,717279776;1,443534636;0,446001356
0;0,044611959;0,417235786;0,719196994;1,445439798;0,446436562
0;0,044774334;0,417235786;0,699328593;1,447259118;0,446337911
0;0;0;0;1,448072086;0,44634175
0;0;0;0;1,450092969;0,44631452
0;0;0;0;1,45154831;0,446988605
0;0;0;0;1,453250013;0,447802328
0;0;0;0;1,454987811;0,448572933
0;0;0;0;1,456308639;0,449271019
0;0;0;0;1,456228806;0,450128681
0;0;0;0;1,458071495;0,451711299
0;0;0;0;1,459861945;0,452470416
0;0;0;0;1,460898061;0,453873149
0;0;0;0;1,460867651;0,4548474
0;0;0;0;1,460615291;0,456237605
0;0;0;0;1,463393911;0,459341401
0;0;0;0;1,463134276;0,460057384
0;0;0;0;1,463173954;0,461255694
0;0;0;0;1,46311363;0,463537764
0;0;0;0;1,464313145;0,465456652
0;0;0;0;1,465498048;0,4670326
0;0;0;0;1,465339027;0,469452227
0;0;0;0;1,466779627;0,471846588
0;0;0;0;1,468686033;0,472634259
0;0;0;0;1,469108871;0,47436289
0;0;0;0;1,470851954;0,476567382
0;0;0;0;1,47366549;0,477881615
0;0;0;0;1,475545027;0,479494127
0;0;0;0;1,47759171;0,481809895
0;0;0;0;1,478158589;0,483599882
0;0;0;0;1,481285971;0,484466866
0;0;0;0;1,482907995;0,48547629
0;0;0;0;1,48523786;0,487158724
0;0;0;0;1,486401151;0,488626488
0;0;0;0;1,48684425;0,489401184
0;0;0;0;1,489949026;0,490130225
0;0;0;0;1,490594021;0,490922246
0;0;0;0;1,492434983;0,49164603
0;0;0;0;1,494357269;0,492482317
0;0;0;0;1,494888302;0,493190262
0;0;0;0;1,495524621;0,493071953
0;0;0;0;1,498068093;0,49448704
0;0;0;0;1,499095985;0,495140723
0;0;0;0;1,499464442;0,495204614
0;0;0;0;1,502674002;0,496125814
0;0;0;0;1,502430131;0,496863454
0;0;0;0;1,50396044;0,497622327
0;0;0;0;1,50569889;0,498402223
0;0;0;0;1,507266668;0,499120581
0;0;0;0;1,507991852;0,500006992
0;0;0;0;1,510911609;0,500526693
0;0;0;0;1,510643978;0,50052571
0;0;0;0;1,512894588;0,502137745
0;0;0;0;1,515313397;0,502338372
0;0;0;0;1,5169487;0,503135929
0;0;0;0;1,520019956;0,504632182
0;0;0;0;1,521298913;0,505240496
0;0;0;0;1,523546516;0,506026889
0;0;0;0;1,526441986;0,50679533
0;0;0;0;1,527325641;0,507553602
0;0;0;0;1,530230151;0,508320046
0;0;0;0;1,531994669;0,509082321
0;0;0;0;1,533653416;0,509847337
0;0;0;0;1,536259623;0,5106108
0;0;0;0;1,538435634;0,511366317
0;0;0;0;1,540886384;0,512173807
0;0;0;0;1,542057206;0,512781952
0;0;0;0;1,544730416;0,513986424
0;0;0;0;1,54567705;0,515287576
0;0;0;0;1,548653929;0,515196924
0;0;0;0;1,55009715;0,516744362
0;0;0;0;1,5518994;0,517148332
0;0;0;0;1,553815941;0,517352894
0;0;0;0;1,556878384;0,518281261
0;0;0;0;1,55742159;0,519006409
0;0;0;0;1,559301632;0,519774774
0;0;0;0;1,56180531;0,52053151
0;0;0;0;1,562911902;0,521338024
0;0;0;0;1,565525212;0,521950103
0;0;0;0;1,566394736;0,523125272
0;0;0;0;1,568310798;0,524464787
0;0;0;0;1,570071731;0,524363692
0;0;0;0;1,57190313;0,525918918
0;0;0;0;1,574082232;0,526206109
0;0;0;0;1,575528608;0,527012987
0;0;0;0;1,57859542;0,528177041
0;0;0;0;1,58013364;0,528193818
0;0;0;0;1,582673831;0,529832149
0;0;0;0;1,583763891;0,529939495
0;0;0;0;1,586361741;0,530437167
0;0;0;0;1,587276521;0,530951188
0;0;0;0;1,588456789;0,530829781
0;0;0;0;1,588359364;0,53083216
0;0;0;0;1,588470126;0,530801887
0;0;0;0;1,587041512;0,531568743
0;0;0;0;1,587401037;0,531810816
0;0;0;0;1,584835599;0,531838298
0;0;0;0;1,582681048;0,531528244
0;0;0;0;1,582172636;0,530855957
0;0;0;0;1,580225359;0,531689941
0;0;0;0;1,579127439;0,531765327
0;0;0;0;1,57786805;0,532154928
0;0;0;0;1,577832835;0,533182271
0;0;0;0;1,579203813;0,533567714
0;0;0;0;1,578942108;0,533675237
0;0;0;0;1,580242638;0,535295464
0;0;0;0;1,582136869;0,535851277
0;0;0;0;1,583734143;0,538726591
0;0;0;0;1,58471514;0,5423977
0;0;0;0;1,58784941;0,543979505
0;0;0;0;1,589526327;0,546816103
0;0;0;0;1,591314407;0,553998745
0;0;0;0;1,593106457;0,556220304
0;0;0;0;1,594896953;0,558763761
0;0;0;0;1,596687919;0,565534586
0;0;0;0;1,598466281;0,571157331
0;0;0;0;1,600182352;0,574324081
0;0;0;0;1,603137274;0,583661907
0;0;0;0;1,603719908;0,590075899
0;0;0;0;1,605566521;0,594138933
0;0;0;0;1,608200986;0,602350252
0;0;0;0;1,609218016;0,611259878
0;0;0;0;1,611772398;0,614564518
0;0;0;0;1,612798718;0,621139886
0;0;0;0;1,61587831;0,631024811
0;0;0;0;1,617560774;0,635688241
0;0;0;0;1,619162975;0,64026267
0;0;0;0;1,622053598;0,647933953
0;0;0;0;1,623946214;0,651209244
0;0;0;0;1,625000578;0,654005909
0;0;0;0;1,626559454;0,659952937
0;0;0;0;1,629642919;0,664486658
0;0;0;0;1,631201017;0,666854569
0;0;0;0;1,633676742;0,670513442
0;0;0;0;1,634804664;0,675072205
0;0;0;0;1,637481585;0,67670795
0;0;0;0;1,638464977;0,677923076
0;0;0;0;1,64044297;0,680213179
0;0;0;0;1,642985634;0,68189155
0;0;0;0;1,644640344;0,682594806
0;0;0;0;1,64676687;0,684216749
0;0;0;0;1,647386066;0,685804985
0;0;0;0;1,65048273;0,686746173
0;0;0;0;1,652038579;0,687287217
0;0;0;0;1,654554588;0,688551896
0;0;0;0;1,655660876;0,689796348
0;0;0;0;1,658142061;0,689720579
0;0;0;0;1,660381657;0,691238095
0;0;0;0;1,662154246;0,692186297
0;0;0;0;1,663711888;0,693241028
0;0;0;0;1,665477209;0,694988274
0;0;0;0;1,667498555;0,696322177
0;0;0;0;1,669435605;0,697051394
0;0;0;0;1,669848362;0,69847173
0;0;0;0;1,671788307;0,700373894
0;0;0;0;1,674239912;0,700527422
0;0;0;0;1,675328343;0,701741811
0;0;0;0;1,677020707;0,704636961
0;0;0;0;1,680060645;0,704417924
0;0;0;0;1,680613982;0,705786883
0;0;0;0;1,68250309;0,707469364
0;0;0;0;1,684304928;0,70893189
0;0;0;0;1,686099756;0,710466594
0;0;0;0;1,687852836;0,712016466
0;0;0;0;1,68915771;0,713545155
0;0;0;0;1,691389615;0,714381935
0;0;0;0;1,693352646;0,715001594
0;0;0;0;1,693883804;0,716202761
0;0;0;0;1,697081941;0,717819198
0;0;0;0;1,697378894;0,719325464
0;0;0;0;1,700180927;0,720855242
0;0;0;0;1,700940035;0,722383511
0;0;0;0;1,702699631;0,723911287
0;0;0;0;1,705527704;0,725434823
0;0;0;0;1,707471569;0,726973109
0;0;0;0;1,708424646;0,728482905
0;0;0;0;1,711203115;0,73000217
0;0;0;0;1,713623211;0,731720503
0;0;0;0;1,714735281;0,73194503
0;0;0;0;1,717032516;0,73257009
0;0;0;0;1,719458184;0,73434182
0;0;0;0;1,720724352;0,735814012
0;0;0;0;1,722965705;0,737346104
0;0;0;0;1,725871743;0,738877134
0;0;0;0;1,72674987;0,740402516
0;0;0;0;1,729682879;0,741928957
0;0;0;0;1,731867784;0,743461181
0;0;0;0;1,733238586;0,744981248
0;0;0;0;1,736909734;0,746500936
0;0;0;0;1,737908699;0,748130399
0;0;0;0;1,741045796;0,749023216
0;0;0;0;1,742727033;0,750083798
0;0;0;0;1,74482938;0,751714002
0;0;0;0;1,747510798;0,753241619
0;0;0;0;1,749031181;0,754807341
0;0;0;0;1,752255214;0,75556402
0;0;0;0;1,753766145;0,756881933
0;0;0;0;1,756574678;0,758179754
0;0;0;0;1,758416719;0,758758872
0;0;0;0;1,761079336;0,759620278
0;0;0;0;1,763381682;0,761165643
0;0;0;0;1,763740209;0,762628583
0;0;0;0;1,766991866;0,764676916
0;0;0;0;1,769613418;0,766946998
0;0;0;0;1,770577663;0,767783209
0;0;0;0;1,773641515;0,767875109
0;0;0;0;1,775527336;0,770263089
0;0;0;0;1,778336933;0,771271005
0;0;0;0;1,780489173;0,772312794
0;0;0;0;1,781872981;0,774131788
0;0;0;0;1,784388629;0,775308923
0;0;0;0;1,786508857;0,776141291
0;0;0;0;1,788156314;0,778508865
0;0;0;0;1,791290885;0,779599684
0;0;0;0;1,792488784;0,780110616
0;0;0;0;1,794819621;0,781233345
0;0;0;0;1,79761907;0,78291868
0;0;0;0;1,798346081;0,784353583
0;0;0;0;1,800166911;0,784989769
0;0;0;0;1,803354094;0,787308602
0;0;0;0;1,804877345;0,788110555
0;0;0;0;1,807624212;0,78840708
0;0;0;0;1,808571423;0,790253581
0;0;0;0;1,811020539;0,791696985
0;0;0;0;1,812132744;0,792482805
0;0;0;0;1,813992334;0,793144601
0;0;0;0;1,815769758;0,794334128
0;0;0;0;1,816606373;0,796136533
0;0;0;0;1,819426733;0,797242139
0;0;0;0;1,821226242;0,797189412
0;0;0;0;1,821895212;0,798674487
0;0;0;0;1,824818052;0,800236005
0;0;0;0;1,825077492;0,801948152
0;0;0;0;1,828268937;0,802757724
0;0;0;0;1,829277599;0,802839243
0;0;0;0;1,831844178;0,804523213
0;0;0;0;1,833688831;0,806216008
0;0;0;0;1,835532287;0,806306094
0;0;0;0;1,837692823;0,80710276
0;0;0;0;1,839029507;0,808810581
0;0;0;0;1,840892709;0,810381287
0;0;0;0;1,841164131;0,811870656
0;0;0;0;1,840073635;0,811746289
0;0;0;0;1,839187037;0,813525114
0;0;0;0;1,837623631;0,815747127
0;0;0;0;1,835502201;0,816757317
0;0;0;0;1,831847253;0,817576422
0;0;0;0;1,830290928;0,819166966
0;0;0;0;1,825785131;0,821415578
0;0;0;0;1,822344182;0,823813457
0;0;0;0;1,818902728;0,825722801
0;0;0;0;1,815323043;0,826977974
0;0;0;0;1,81257877;0,828861248
0;0;0;0;1,807889742;0,831988054
0;0;0;0;1,804447991;0,833432377
0;0;0;0;1,799705309;0,836599948
0;0;0;0;1,795592537;0,840575846
0;0;0;0;1,791301541;0,842613986
0;0;0;0;1,787594062;0,844549782
0;0;0;0;1,785340868;0,849307798
0;0;0;0;1,782237118;0,851886749
0;0;0;0;1,782009725;0,853693521
0;0;0;0;1,781784233;0,857211067
0;0;0;0;1,784875433;0,860325659
0;0;0;0;1,7892303;0,861750622
0;0;0;0;1,796320639;0,864900612
0;0;0;0;1,80332274;0,868187515
0;0;0;0;1,81112767;0,869899504
0;0;0;0;1,820069842;0,872037542
0;0;0;0;1,825918514;0,875459859
0;0;0;0;1,833190299;0,878252694
0;0;0;0;1,839231436;0,879718979
0;0;0;0;1,842657811;0,881781382
0;0;0;0;1,84469293;0,884930056
0;0;0;0;1,844468204;0,887139281
0;0;0;0;1,841661462;0,888748351
0;0;0;0;1,837957299;0,891078338
0;0;0;0;1,835622908;0,892570266
0;0;0;0;1,831336906;0,894077224
0;0;0;0;1,827315033;0,895582555
0;0;0;0;1,826863258;0,897243118
0;0;0;0;1,824885801;0,898411621
0;0;0;0;1,826703763;0,899296899
0;0;0;0;1,829984069;0,901677281
0;0;0;0;1,833420091;0,902694308
0;0;0;0;1,840637392;0,903185865
0;0;0;0;1,846687635;0,904465638
0;0;0;0;1,853100536;0,905858227
0;0;0;0;1,861202651;0,906530513
0;0;0;0;1,869327913;0,907300872
0;0;0;0;1,875490324;0,908050605
0;0;0;0;1,882856566;0,908905672
0;0;0;0;1,888720642;0,909308582
0;0;0;0;1,892888966;0,909214174
0;0;0;0;1,897019153;0,909231284
0;0;0;0;1,899790583;0,909225326
0;0;0;0;1,90290181;0,909273679
0;0;0;0;1,904474212;0,908906081
0;0;0;0;1,90793044;0,907549199
0;0;0;0;1,910530047;0,906319876
0;0;0;0;1,9126701;0,90649583
0;0;0;0;1,915254404;0,906545015
0;0;0;0;1,917841688;0,905768194
0;0;0;0;1,923438466;0,905542172
0;0;0;0;1,92560031;0,905336102
0;0;0;0;1,930630501;0,90438969
0;0;0;0;1,934959768;0,90370946
0;0;0;0;1,939075554;0,903738154
0;0;0;0;1,943608521;0,903208238
0;0;0;0;1,948458644;0,902019627
0;0;0;0;1,952943272;0,902451185
0;0;0;0;1,956593995;0,903864854
0;0;0;0;1,961377481;0,90372331
0;0;0;0;1,965018614;0,904456575
0;0;0;0;1,968617178;0,905381623
0;0;0;0;1,971378978;0,905579202
0;0;0;0;1,975693054;0,905689608
0;0;0;0;1,977692598;0,906849564
0;0;0;0;1,980497215;0,908322334
0;0;0;0;1,984196522;0,908219215
0;0;0;0;1,98751461;0,90962835
0;0;0;0;1,990254432;0,910177549
0;0;0;0;1,992481089;0,910615167
0;0;0;0;1,996245044;0,912253663
0;0;0;0;1,997552308;0,912907233
0;0;0;0;1,999868679;0,913591242
0;0;0;0;2,002229513;0,915082936
0;0;0;0;2,004727419;0,916204251
0;0;0;0;2,005597179;0,916868313
0;0;0;0;2,008478114;0,917631045
0;0;0;0;2,011237779;0,918407761
0;0;0;0;2,01297846;0,919867097
0;0;0;0;2,014795074;0,921666271
0;0;0;0;2,016903944;0,922102182
0;0;0;0;2,01953745;0,922444879
0;0;0;0;2,021308964;0,924307221
0;0;0;0;2,023084802;0,925755338
0;0;0;0;2,024723995;0,925596193
0;0;0;0;2,027815437;0,927533294
0;0;0;0;2,028870537;0,929087408
0;0;0;0;2,032475925;0,929913454
0;0;0;0;2,033762018;0,931484225
0;0;0;0;2,037117352;0,932175854
0;0;0;0;2,038693151;0,932834008
0;0;0;0;2,042145971;0,934333229
0;0;0;0;2,043750425;0,935376013
0;0;0;0;2,046926507;0,936373001
0;0;0;0;2,048548854;0,937868171
0;0;0;0;2,052341898;0,938577115
0;0;0;0;2,053307982;0,940019533
0;0;0;0;2,057065822;0,941700158
0;0;0;0;2,059140867;0,942798535
0;0;0;0;2,062728162;0,943418384
0;0;0;0;2,063764764;0,944303694
0;0;0;0;2,066534372;0,945865449
0;0;0;0;2,069590358;0,947502043
0;0;0;0;2,071336854;0,948326991
0;0;0;0;2,074190853;0,949510309
0;0;0;0;2,076244798;0,950922969
0;0;0;0;2,078786609;0,951549996
0;0;0;0;2,081150628;0,952317877
0;0;0;0;2,08418636;0,953753628
0;0;0;0;2,085985552;0,955488159
0;0;0;0;2,08799823;0,956375723
0;0;0;0;2,090751108;0,957641287
0;0;0;0;2,092215534;0,959938236
0;0;0;0;2,095101568;0,960633113
0;0;0;0;2,096907401;0,961242173
0;0;0;0;2,098757409;0,962725921
0;0;0;0;2,101865375;0,963813133
0;0;0;0;2,102723088;0,964766951
0;0;0;0;2,106611967;0,966283835
0;0;0;0;2,107778925;0,96698942
0;0;0;0;2,110226505;0,968507582
0;0;0;0;2,114037906;0,9694715
0;0;0;0;2,116248582;0,97050554
0;0;0;0;2,119019383;0,972150839
0;0;0;0;2,122311854;0,973669029
0;0;0;0;2,12598199;0,975221213
0;0;0;0;2,128292541;0,976097792
0;0;0;0;2,130735669;0,976704015
0;0;0;0;2,135129014;0,977867077
0;0;0;0;2,137873272;0,979470404
0;0;0;0;2,140675214;0,980996529
0;0;0;0;2,145035065;0,982552433
0;0;0;0;2,147502799;0,983436482
0;0;0;0;2,149974148;0,984044151
0;0;0;0;2,153865012;0,985187503
0;0;0;0;2,157089305;0,986813063
0;0;0;0;2,160591993;0,988310999
0;0;0;0;2,1638399;0,989815618
0;0;0;0;2,166608666;0,991558963
0;0;0;0;2,170404186;0,991875219
0;0;0;0;2,171515247;0,992380013
0;0;0;0;2,175194465;0,994188029
0;0;0;0;2,177382675;0,995624077
0;0;0;0;2,179906324;0,996417291
0;0;0;0;2,182085647;0,996901666
0;0;0;0;2,184765939;0,999018584
0;0;0;0;2,186813695;1,000318499
0;0;0;0;2,189485724;1,000329587
0;0;0;0;2,192553388;1,002072713
0;0;0;0;2,193289663;1,003662913
0;0;0;0;2,196341238;1,004403031
0;0;0;0;2,199307857;1,00573549
0;0;0;0;2,200215746;1,006942325
0;0;0;0;2,204028917;1,007808357
0;0;0;0;2,205093112;1,009371813
0;0;0;0;2,208692531;1,010105462
0;0;0;0;2,210130738;1,011432924
0;0;0;0;2,212279762;1,013141269
0;0;0;0;2,215082636;1,014336444
0;0;0;0;2,2170022;1,014974283
0;0;0;0;2,21992068;1,015785944
0;0;0;0;2,221719667;1,017294636
0;0;0;0;2,224748564;1,018875588
0;0;0;0;2,22648397;1,020310774
0;0;0;0;2,229584923;1,022060607
0;0;0;0;2,231796823;1,023135599
0;0;0;0;2,234467372;1,023118243
0;0;0;0;2,237317753;1,025451455
0;0;0;0;2,239227182;1,026562722
0;0;0;0;2,241949149;1,027555248
0;0;0;0;2,245368917;1,029308008
0;0;0;0;2,247792556;1,030673255
0;0;0;0;2,250753082;1,031376093
0;0;0;0;2,254804559;1,031979616
0;0;0;0;2,257095772;1,034171319
0;0;0;0;2,260837087;1,035628227
0;0;0;0;2,264421893;1,036394737
0;0;0;0;2,268000903;1,038164001
0;0;0;0;2,271533093;1,039633736
0;0;0;0;2,274918548;1,039575448
0;0;0;0;2,278566376;1,040704508
0;0;0;0;2,281440596;1,04236018
0;0;0;0;2,283891905;1,043990855
0;0;0;0;2,288649185;1,045220574
0;0;0;0;2,290732907;1,045140852
0;0;0;0;2,294979476;1,046509495
0;0;0;0;2,299061145;1,048401862
0;0;0;0;2,30133017;1,048802365
0;0;0;0;2,305052827;1,049251952
0;0;0;0;2,308777713;1,050837749
0;0;0;0;2,311003781;1,051534575
0;0;0;0;2,313909326;1,053071506
0;0;0;0;2,31579059;1,054011901
0;0;0;0;2,319689832;1,055024842
0;0;0;0;2,320453276;1,056844699
0;0;0;0;2,324474622;1,058062324
0;0;0;0;2,325430267;1,05798332
0;0;0;0;2,32803928;1,05937627
0;0;0;0;2,329982557;1,060963335
0;0;0;0;2,330460903;1,062660527
0;0;0;0;2,333683434;1,063587511
0;0;0;0;2,334099044;1,063619227
0;0;0;0;2,337085785;1,065229546
0;0;0;0;2,33884601;1,066784191
0;0;0;0;2,339599872;1,068362986
0;0;0;0;2,341150186;1,069537578
0;0;0;0;2,344015667;1,070121134
0;0;0;0;2,345426054;1,071032075
0;0;0;0;2,34656062;1,072604513
0;0;0;0;2,348471768;1,07338247
0;0;0;0;2,348958481;1,074634328
0;0;0;0;2,35022177;1,076251986
0;0;0;0;2,350216649;1,077798121
0;0;0;0;2,351324636;1,079254048
0;0;0;0;2,351280872;1,079999879
0;0;0;0;2,351026506;1,080668836
0;0;0;0;2,353799524;1,081956121
0;0;0;0;2,353567892;1,083664277
0;0;0;0;2,354054817;1,084907036
0;0;0;0;2,354674007;1,085658733
0;0;0;0;2,357871361;1,087187069
0;0;0;0;2,358212156;1,088985879
0;0;0;0;2,360720204;1,089087525
0;0;0;0;2,362860843;1,090212287
0;0;0;0;2,363416933;1,092375695
0;0;0;0;2,366679684;1,092983238
0;0;0;0;2,36819328;1,094524917
0;0;0;0;2,371057207;1,096167049
0;0;0;0;2,372796607;1,097212105
0;0;0;0;2,37562069;1,097690938
0;0;0;0;2,377721867;1,098980757
0;0;0;0;2,3808844;1,101282389
0;0;0;0;2,382587889;1,102014344
0;0;0;0;2,386177334;1,103192232
0;0;0;0;2,389691772;1,105696193
0;0;0;0;2,391280452;1,106764744
0;0;0;0;2,39447817;1,107011606
0;0;0;0;2,396071454;1,10959173
0;0;0;0;2,399614711;1,111941375
0;0;0;0;2,400998173;1,113399799
0;0;0;0;2,404040139;1,115650482
0;0;0;0;2,405584651;1,117134695
0;0;0;0;2,408747821;1,118232497
0;0;0;0;2,410388539;1,121512436
0;0;0;0;2,412666662;1,123921715
0;0;0;0;2,415206648;1,124732668
0;0;0;0;2,416722328;1,126214259
0;0;0;0;2,419791814;1,129253555
0;0;0;0;2,420289146;1,131892179
0;0;0;0;2,423552426;1,133385045
0;0;0;0;2,425187325;1,136501749
0;0;0;0;2,426540413;1,138416255
0;0;0;0;2,428702514;1,139631965
0;0;0;0;2,43042135;1,141639229
0;0;0;0;2,433550583;1,143796895
0;0;0;0;2,434082211;1,145288516
0;0;0;0;2,436051398;1,147585992
0;0;0;0;2,438268037;1,149446319
0;0;0;0;2,439582531;1,150213192
0;0;0;0;2,441335457;1,151553256
0;0;0;0;2,443132552;1,153992369
0;0;0;0;2,444914922;1,155366275
0;0;0;0;2,446623914;1,155298859
0;0;0;0;2,44957158;1,1564273
0;0;0;0;2,451551005;1,15826528
0;0;0;0;2,452085597;1,159316322
0;0;0;0;2,455285016;1,160243971
0;0;0;0;2,455606445;1,161786664
0;0;0;0;2,458336664;1,161725936
0;0;0;0;2,459164377;1,162922909
0;0;0;0;2,460333991;1,16422549
0;0;0;0;2,46041083;1,164746882
0;0;0;0;2,462408094;1,165709641
0;0;0;0;2,462787213;1,167271305
0;0;0;0;2,464781298;1,168154948
0;0;0;0;2,464824489;1,168218764
0;0;0;0;2,464877369;1,168451286
0;0;0;0;2,466028882;1,169776441
0;0;0;0;2,467152407;1,171040356
0;0;0;0;2,467941921;1,170956953
0;0;0;0;2,468461945;1,172432793
0;0;0;0;2,469331957;1,17349324
0;0;0;0;2,471983141;1,174125509
0;0;0;0;2,472744112;1,174932553
0;0;0;0;2,473212969;1,175685655
0;0;0;0;2,47512729;1,176450685
0;0;0;0;2,47658633;1,17721499
0;0;0;0;2,476415763;1,177977616
0;0;0;0;2,477617612;1,178743841
0;0;0;0;2,47880147;1,17950138
0;0;0;0;2,478713394;1,180275467
0;0;0;0;2,478668748;1,181041179
0;0;0;0;2,477499775;1,181706847
0;0;0;0;2,477404973;1,183164927
0;0;0;0;2,476402863;1,184256091
0;0;0;0;2,47650268;1,185199725
0;0;0;0;2,47553046;1,186746314
0;0;0;0;2,474080147;1,187470251
0;0;0;0;2,474082595;1,188141201
0;0;0;0;2,474825856;1,189448195
0;0;0;0;2,475346154;1,191159705
0;0;0;0;2,477528942;1,192370514
0;0;0;0;2,480028597;1,193148219
0;0;0;0;2,481354271;1,194708126
0;0;0;0;2,483598808;1,196269602
0;0;0;0;2,485475251;1,197738054
0;0;0;0;2,487586214;1,199407499
0;0;0;0;2,489192937;1,200585618
0;0;0;0;2,490518148;1,201449057
0;0;0;0;2,490347318;1,203801024
0;0;0;0;2,489779821;1,205588953
0;0;0;0;2,489205366;1,206278279
0;0;0;0;2,48688935;1,207800683
0;0;0;0;2,484403385;1,21015307
0;0;0;0;2,482080968;1,211462868
0;0;0;0;2,47855057;1,212189127
0;0;0;0;2,475848528;1,213625473
0;0;0;0;2,473302102;1,215155213
0;0;0;0;2,469702466;1,216864978
0;0;0;0;2,46633718;1,217883374
0;0;0;0;2,462712587;1,217868133
0;0;0;0;2,460370454;1,219424416
0;0;0;0;2,457924843;1,220999549
0;0;0;0;2,454351545;1,222570116
0;0;0;0;2,450830648;1,223794451
0;0;0;0;2,448586745;1,224374113
0;0;0;0;2,443591656;1,22525769
0;0;0;0;2,438532523;1,226881101
0;0;0;0;2,431308788;1,226961703
0;0;0;0;2,423093348;1,227800718
0;0;0;0;2,413013083;1,229666979
0;0;0;0;2,4019722;1,230879198
0;0;0;0;2,387805594;1,231654372
0;0;0;0;2,371235804;1,233225942
0;0;0;0;2,355045228;1,234109619
0;0;0;0;2,339039847;1,23492884
0;0;0;0;2,316799054;1,235250122
0;0;0;0;2,296651895;1,235467953
0;0;0;0;2,270777095;1,237179372
0;0;0;0;2,235308748;1,238833499
0;0;0;0;2,197545016;1,23883006
0;0;0;0;2,16430625;1,239908923
0;0;0;0;2,117062627;1,240905186
0;0;0;0;2,062458108;1,240895955
0;0;0;0;2,016773299;1,24170322
0;0;0;0;1,964159696;1,241593973
0;0;0;0;1,901114977;1,243004703
0;0;0;0;1,847211941;1,243651218
0;0;0;0;1,803183562;1,243712285
0;0;0;0;1,737975136;1,24465425
0;0;0;0;1,656026111;1,245376479
0;0;0;0;1,605688218;1,246045714
0;0;0;0;1,540344906;1,247683299
0;0;0;0;1,466330466;1,248092511
0;0;0;0;1,39598651;1,248677103
0;0;0;0;1,338344905;1,250058045
0;0;0;0;1,263423495;1,249961573
0;0;0;0;1,189271639;1,251469381
0;0;0;0;1,137291614;1,252525145
0;0;0;0;1,079945532;1,253044931
0;0;0;0;1,023450181;1,254217015
0;0;0;0;0,980857894;1,255681386
0;0;0;0;0,935865431;1,256381892
0;0;0;0;0,884180688;1,257147999
0;0;0;0;0,841051419;1,25784877
0;0;0;0;0,807999075;1,258991015
0;0;0;0;0,772404123;1,260785213
0;0;0;0;0,730447241;1,261961448
0;0;0;0;0,698756384;1,261889306
0;0;0;0;0,665605375;1,263273572
0;0;0;0;0,630314997;1,265146401
0;0;0;0;0,602691785;1,265584556
0;0;0;0;0,578274478;1,265912595
0;0;0;0;0,550409688;1,267742248
0;0;0;0;0,523580157;1,269227561
0;0;0;0;0,502853141;1,269177805
0;0;0;0;0,48122033;1,270269051
0;0;0;0;0,456868698;1,271959881
0;0;0;0;0,439054118;1,27350544
0;0;0;0;0,422027981;1,274903238
0;0;0;0;0,399515393;1,275624589
0;0;0;0;0,379272393;1,277086904
0;0;0;0;0,365749116;1,278652703
0;0;0;0;0,348848227;1,280235109
0;0;0;0;0,332365061;1,281535409
0;0;0;0;0,320797231;1,282183212
0;0;0;0;0,305639782;1,282949671
0;0;0;0;0,289075512;1,284426142
0;0;0;0;0,275844939;1,28596857
0;0;0;0;0,265300286;1,287584703
0;0;0;0;0,251710035;1,288820971
0;0;0;0;0,238751198;1,289588347
0;0;0;0;0,230159692;1,291149911
0;0;0;0;0,218717085;1,292800904
0;0;0;0;0,206532929;1,293639017
0;0;0;0;0,19709515;1,294790356
0;0;0;0;0,188616053;1,296250121
0;0;0;0;0,179252775;1,296835904
0;0;0;0;0,17305901;1,297556746
0;0;0;0;0,161871755;1,299971708
0;0;0;0;0,154867888;1,300557686
0;0;0;0;0,145067967;1,300971294
0;0;0;0;0,139873157;1,302927658
0;0;0;0;0,131855599;1,304181821
0;0;0;0;0,124904478;1,304094431
0;0;0;0;0,118671018;1,305481222
0;0;0;0;0,112314161;1,306655893
0;0;0;0;0,106853926;1,307144686
0;0;0;0;0,099371096;1,308282245
0;0;0;0;0,09515023;1,309717265
0;0;0;0;0,09087658;1,309665297
0;0;0;0;0,084789772;1,310178018
0;0;0;0;0,079026829;1,311646932
0;0;0;0;0,075403297;1,312896057
0;0;0;0;0,071755591;1,313465476
0;0;0;0;0,066943891;1,314358022
0;0;0;0;0,063461136;1,315969374
0;0;0;0;0,059890362;1,316103866
0;0;0;0;0,05632052;1,316523647
0;0;0;0;0,052615642;1,317297473
0;0;0;0;0,050426982;1,3183312
0;0;0;0;0,046710519;1,319801277
0;0;0;0;0,04306932;1,319742673
0;0;0;0;0,040633338;1,320438172
0;0;0;0;0,03845207;1,320702823
0;0;0;0;0,034763567;1,320918139
0;0;0;0;0,033571656;1,321812072
0;0;0;0;0,03119562;1,322552087
0;0;0;0;0,029372364;1,323320783
0;0;0;0;0,027585769;1,324046929
0;0;0;0;0,025841784;1,324974041
0;0;0;0;0,024402194;1,32519544
0;0;0;0;0,02232632;1,325574237
0;0;0;0;0,021791302;1,327131853
0;0;0;0;0,019726826;1,327029072
0;0;0;0;0,018634975;1,328445856
0;0;0;0;0,017387176;1,328971747
0;0;0;0;0,016113949;1,329435259
0;0;0;0;0,016242257;1,33106731
0;0;0;0;0,01559494;1,331711298
0;0;0;0;0,013890687;1,332405461
0;0;0;0;0,013009139;1,333898224
0;0;0;0;0,01250616;1,335031933
0;0;0;0;0,011545566;1,335621271
0;0;0;0;0,011566479;1,336544964
0;0;0;0;0,011636679;1,338145853
0;0;0;0;0,009800302;1,339815425
0;0;0;0;0,009274388;1,339913531
0;0;0;0;0,009269276;1,340705313
0;0;0;0;0,009274859;1,34246821
0;0;0;0;0;1,343932676
0;0;0;0;0;1,345470568
0;0;0;0;0;1,347004219
0;0;0;0;0;1,34850039
0;0;0;0;0;1,350138109
0;0;0;0;0;1,351327146
0;0;0;0;0;1,35209404
0;0;0;0;0;1,353706438
0;0;0;0;0;1,356028689
0;0;0;0;0;1,357789612
0;0;0;0;0;1,359075461
0;0;0;0;0;1,361083913
0;0;0;0;0;1,363133037
0;0;0;0;0;1,363809407
0;0;0;0;0;1,365963748
0;0;0;0;0;1,368528549
0;0;0;0;0;1,37010486
0;0;0;0;0;1,372220704
0;0;0;0;0;1,375243024
0;0;0;0;0;1,376657197
0;0;0;0;0;1,378036012
0;0;0;0;0;1,380424741
0;0;0;0;0;1,381730791
0;0;0;0;0;1,382862658
0;0;0;0;0;1,38527498
0;0;0;0;0;1,386737661
0;0;0;0;0;1,388156347
0;0;0;0;0;1,390342314
0;0;0;0;0;1,3923985
0;0;0;0;0;1,393505651
0;0;0;0;0;1,394298298
0;0;0;0;0;1,395860523
0;0;0;0;0;1,397591989
0;0;0;0;0;1,397796396
0;0;0;0;0;1,398412439
0;0;0;0;0;1,400267312
0;0;0;0;0;1,401602225
0;0;0;0;0;1,402320348
0;0;0;0;0;1,403933496
0;0;0;0;0;1,404322397
0;0;0;0;0;1,404527533
0;0;0;0;0;1,405432607
0;0;0;0;0;1,406183929
0;0;0;0;0;1,406968814
0;0;0;0;0;1,407057653
0;0;0;0;0;1,406967421
0;0;0;0;0;1,407099255
0;0;0;0;0;1,406812611
0;0;0;0;0;1,406055425
0;0;0;0;0;1,406083894
0;0;0;0;0;1,405682929
0;0;0;0;0;1,403396498
0;0;0;0;0;1,402370312
0;0;0;0;0;1,401968181
0;0;0;0;0;1,399511166
0;0;0;0;0;1,398772805
0;0;0;0;0;1,398263219
0;0;0;0;0;1,396354192
0;0;0;0;0;1,394122292
0;0;0;0;0;1,39309057
0;0;0;0;0;1,392181417
0;0;0;0;0;1,389750625
0;0;0;0;0;1,389573698
0;0;0;0;0;1,388665532
0;0;0;0;0;1,38724717
0;0;0;0;0;1,386609038
0;0;0;0;0;1,385864121
0;0;0;0;0;1,38585755
0;0;0;0;0;1,385969725
0;0;0;0;0;1,38562484
0;0;0;0;0;1,386771633
0;0;0;0;0;1,389068028
0;0;0;0;0;1,389550304
0;0;0;0;0;1,389412576
0;0;0;0;0;1,391412989
0;0;0;0;0;1,393447396
0;0;0;0;0;1,394705177
0;0;0;0;0;1,396511867
0;0;0;0;0;1,398803233
0;0;0;0;0;1,400283286
0;0;0;0;0;1,402489781
0;0;0;0;0;1,404398946
0;0;0;0;0;1,405769511
0;0;0;0;0;1,407399395
0;0;0;0;0;1,408864698
0;0;0;0;0;1,409527576
0;0;0;0;0;1,411601912
0;0;0;0;0;1,413561312
0;0;0;0;0;1,414987653
0;0;0;0;0;1,416452292
0;0;0;0;0;1,41711507
0;0;0;0;0;1,417069857
0;0;0;0;0;1,417697355
0;0;0;0;0;1,418402253
0;0;0;0;0;1,41957965
0;0;0;0;0;1,420912214
0;0;0;0;0;1,420789465
0;0;0;0;0;1,420787168
0;0;0;0;0;1,420719901
0;0;0;0;0;1,421157339
0;0;0;0;0;1,422027598
0;0;0;0;0;1,422750206
0;0;0;0;0;1,423524241
0;0;0;0;0;1,424390333
0;0;0;0;0;1,424330299
0;0;0;0;0;1,425274666
0;0;0;0;0;1,426618961
0;0;0;0;0;1,427463214
0;0;0;0;0;1,429032386
0;0;0;0;0;1,428927699
0;0;0;0;0;1,430649526
0;0;0;0;0;1,432903833
0;0;0;0;0;1,433908946
0;0;0;0;0;1,434749983
0;0;0;0;0;1,43632486
0;0;0;0;0;1,437873481
0;0;0;0;0;1,439355143
0;0;0;0;0;1,440999556
0;0;0;0;0;1,442210235
0;0;0;0;0;1,442985971
0;0;0;0;0;1,444559554
0;0;0;0;0;1,446225956
0;0;0;0;0;1,446924513
0;0;0;0;0;1,448612442
0;0;0;0;0;1,450625815
0;0;0;0;0;1,451162986
0;0;0;0;0;1,451947322
0;0;0;0;0;1,45279582
0;0;0;0;0;1,45299569
0;0;0;0;0;1,452897006
0;0;0;0;0;1,452974532
0;0;0;0;0;1,45288475
0;0;0;0;0;1,452099154
0;0;0;0;0;1,451202856
0;0;0;0;0;1,451177836
0;0;0;0;0;1,450536726
0;0;0;0;0;1,448638091
0;0;0;0;0;1,44739059
0;0;0;0;0;1,447485176
0;0;0;0;0;1,445979788
0;0;0;0;0;1,445493182
0;0;0;0;0;1,445333609
0;0;0;0;0;1,444419528
0;0;0;0;0;1,44367078
0;0;0;0;0;1,442879686
0;0;0;0;0;1,442789384
0;0;0;0;0;1,442842606
0;0;0;0;0;1,442840227
0;0;0;0;0;1,442796118
0;0;0;0;0;1,442862474
0;0;0;0;0;1,443635253
0;0;0;0;0;1,444462112
0;0;0;0;0;1,445048707
0;0;0;0;0;1,446382126
0;0;0;0;0;1,447507356
0;0;0;0;0;1,447461077
0;0;0;0;0;1,448994141
0;0;0;0;0;1,450709895
0;0;0;0;0;1,451553793
0;0;0;0;0;1,452696162
0;0;0;0;0;1,454099038
0;0;0;0;0;1,454826885
0;0;0;0;0;1,456362053
0;0;0;0;0;1,457880334
0;0;0;0;0;1,459589707
0;0;0;0;0;1,460406289
0;0;0;0;0;1,460316123
0;0;0;0;0;1,461263927
0;0;0;0;0;1,462901351
0;0;0;0;0;1,46297313
0;0;0;0;0;1,463875167
0;0;0;0;0;1,465406424
0;0;0;0;0;1,465793912
0;0;0;0;0;1,465800271
0;0;0;0;0;1,466555894
0;0;0;0;0;1,467328437
0;0;0;0;0;1,468191787
0;0;0;0;0;1,468568832
0;0;0;0;0;1,468639228
0;0;0;0;0;1,46947721
0;0;0;0;0;1,47022922
0;0;0;0;0;1,471095702
0;0;0;0;0;1,471301702
0;0;0;0;0;1,471512312
0;0;0;0;0;1,472397681
0;0;0;0;0;1,473139452
0;0;0;0;0;1,473882091
0;0;0;0;0;1,474766272
0;0;0;0;0;1,474974297
0;0;0;0;0;1,475179008
0;0;0;0;0;1,476057686
0;0;0;0;0;1,476803764
0;0;0;0;0;1,47757023
0;0;0;0;0;1,47830524
0;0;0;0;0;1,479187155
0;0;0;0;0;1,479587324
0;0;0;0;0;1,479647351
0;0;0;0;0;1,480467993
0;0;0;0;0;1,481142339
0;0;0;0;0;1,482708555
0;0;0;0;0;1,483318928
0;0;0;0;0;1,483455387
0;0;0;0;0;1,484217696
0;0;0;0;0;1,484156716
0;0;0;0;0;1,484751961
0;0;0;0;0;1,486385853
0;0;0;0;0;1,486992571
0;0;0;0;0;1,487105287
0;0;0;0;0;1,487911271
0;0;0;0;0;1,487851786
0;0;0;0;0;1,487652823
0;0;0;0;0;1,489039811
0;0;0;0;0;1,489797413
0;0;0;0;0;1,489792599
0;0;0;0;0;1,490735766
0;0;0;0;0;1,491488779
0;0;0;0;0;1,491473905
0;0;0;0;0;1,491974163
0;0;0;0;0;1,492919395
0;0;0;0;0;1,493420797
0;0;0;0;0;1,49331777
0;0;0;0;0;1,493315388
0;0;0;0;0;1,494015189
0;0;0;0;0;1,494834498
0;0;0;0;0;1,495554096
0;0;0;0;0;1,496383807
0;0;0;0;0;1,497052688
0;0;0;0;0;1,497025022
0;0;0;0;0;1,497016832
0;0;0;0;0;1,496977089
0;0;0;0;0;1,497219797
0;0;0;0;0;1,498442518
0;0;0;0;0;1,499829573
0;0;0;0;0;1,499753035
0;0;0;0;0;1,500484652
0;0;0;0;0;1,500711336
0;0;0;0;0;1,500939148
0;0;0;0;0;1,50190518
0;0;0;0;0;1,50254368
0;0;0;0;0;1,502502522
0;0;0;0;0;1,503152332
0;0;0;0;0;1,503995648
0;0;0;0;0;1,504708024
0;0;0;0;0;1,505533801
0;0;0;0;0;1,506225943
0;0;0;0;0;1,506212361
0;0;0;0;0;1,506208585
0;0;0;0;0;1,506129045
0;0;0;0;0;1,506478142
0;0;0;0;0;1,507343326
0;0;0;0;0;1,508082701
0;0;0;0;0;1,508836788
0;0;0;0;0;1,509692297
0;0;0;0;0;1,509927529
0;0;0;0;0;1,509894975
0;0;0;0;0;1,509793716
0;0;0;0;0;1,509929116
0;0;0;0;0;1,511551451
0;0;0;0;0;1,511727762
0;0;0;0;0;1,51218419
0;0;0;0;0;1,512684043
0;0;0;0;0;1,512728345
0;0;0;0;0;1,513581371
0;0;0;0;0;1,51433623
0;0;0;0;0;1,515170093
0;0;0;0;0;1,515476792
0;0;0;0;0;1,515307578
0;0;0;0;0;1,515502006
0;0;0;0;0;1,516325247
0;0;0;0;0;1,517096015
0;0;0;0;0;1,51782326
0;0;0;0;0;1,518700431
0;0;0;0;0;1,519104619
0;0;0;0;0;1,519105172
0;0;0;0;0;1,519996213
0;0;0;0;0;1,521630845
0;0;0;0;0;1,521847424
0;0;0;0;0;1,522165466
0;0;0;0;0;1,523067994
0;0;0;0;0;1,5238097
0;0;0;0;0;1,524568813
0;0;0;0;0;1,525241271
0;0;0;0;0;1,526834359
0;0;0;0;0;1,527393399
0;0;0;0;0;1,527564864
0;0;0;0;0;1,52829646
0;0;0;0;0;1,528239601
0;0;0;0;0;1,528957579
0;0;0;0;0;1,529787879
0;0;0;0;0;1,530490347
0;0;0;0;0;1,531357145
0;0;0;0;0;1,531937626
0;0;0;0;0;1,531905945
0;0;0;0;0;1,532706641
0;0;0;0;0;1,532804496
0;0;0;0;0;1,533258976
0;0;0;0;0;1,533802756
0;0;0;0;0;1,53382034
0;0;0;0;0;1,534642312
0;0;0;0;0;1,535315913
0;0;0;0;0;1,536862883
0;0;0;0;0;1,537530552
0;0;0;0;0;1,537576025
0;0;0;0;0;1,538480389
0;0;0;0;0;1,539226692
0;0;0;0;0;1,539984232
0;0;0;0;0;1,540753524
0;0;0;0;0;1,541514769
0;0;0;0;0;1,542279281
0;0;0;0;0;1,543042802
0;0;0;0;0;1,543806536
0;0;0;0;0;1,544570271
0;0;0;0;0;1,545333914
0;0;0;0;0;1,546097841
0;0;0;0;0;1,546861012
0;0;0;0;0;1,547625599
0;0;0;0;0;1,548389692
0;0;0;0;0;1,549144077
0;0;0;0;0;1,549952408
0;0;0;0;0;1,550566217
0;0;0;0;0;1,55172435
0;0;0;0;0;1,55308621
0;0;0;0;0;1,552980943
0;0;0;0;0;1,554521426
0;0;0;0;0;1,554835207
0;0;0;0;0;1,555612343
0;0;0;0;0;1,55680028
0;0;0;0;0;1,556806333
0;0;0;0;0;1,558448998
0;0;0;0;0;1,558494997
0;0;0;0;0;1,559521868
0;0;0;0;0;1,560868359
0;0;0;0;0;1,561559154
0;0;0;0;0;1,562229611
0;0;0;0;0;1,562137769
0;0;0;0;0;1,563676662
0;0;0;0;0;1,564023453
0;0;0;0;0;1,564748673
0;0;0;0;0;1,565989147
0;0;0;0;0;1,565960484
0;0;0;0;0;1,56758853
0;0;0;0;0;1,567778612
0;0;0;0;0;1,568128841
0;0;0;0;0;1,569045821
0;0;0;0;0;1,569763464
0;0;0;0;0;1,570538034
0;0;0;0;0;1,571306065
0;0;0;0;0;1,572029783
0;0;0;0;0;1,57295686
0;0;0;0;0;1,573169761
0;0;0;0;0;1,573555071
0;0;0;0;0;1,575121462
0;0;0;0;0;1,575083912
0;0;0;0;0;1,575646419
0;0;0;0;0;1,576532342
0;0;0;0;0;1,577219563
0;0;0;0;0;1,578072344
0;0;0;0;0;1,578758034
0;0;0;0;0;1,57864577
0;0;0;0;0;1,580096958
0;0;0;0;0;1,580678385
0;0;0;0;0;1,580850872
0;0;0;0;0;1,581582427
0;0;0;0;0;1,581512312
0;0;0;0;0;1,58217628
0;0;0;0;0;1,583831673
0;0;0;0;0;1,584319543
0;0;0;0;0;1,584535434
0;0;0;0;0;1,585228371
0;0;0;0;0;1,585188451
0;0;0;0;0;1,5860154
0;0;0;0;0;1,585972435
0;0;0;0;0;1,587021067
0;0;0;0;0;1,588089407
0;0;0;0;0;1,587998387
0;0;0;0;0;1,588855399
0;0;0;0;0;1,589617034
0;0;0;0;0;1,590448562
0;0;0;0;0;1,590789705
0;0;0;0;0;1,590622913
0;0;0;0;0;1,590787581
0;0;0;0;0;1,591599629
0;0;0;0;0;1,592376204
0;0;0;0;0;1,593103128
0;0;0;0;0;1,593968583
0;0;0;0;0;1,59443452
0;0;0;0;0;1,594370267
0;0;0;0;0;1,594375091
0;0;0;0;0;1,594204006
0;0;0;0;0;1,595638168
0;0;0;0;0;1,596217953
0;0;0;0;0;1,596653398
0;0;0;0;0;1,598173298
0;0;0;0;0;1,598054466
0;0;0;0;0;1,598013404
0;0;0;0;0;1,598081338
0;0;0;0;0;1,597945447
0;0;0;0;0;1,598294846
0;0;0;0;0;1,598999335
0;0;0;0;0;1,598948394
0;0;0;0;0;1,599644968
0;0;0;0;0;1,600441712
0;0;0;0;0;1,60128787
0;0;0;0;0;1,601750105
0;0;0;0;0;1,601761677
0;0;0;0;0;1,602568008
0;0;0;0;0;1,603418282
0;0;0;0;0;1,603638166
0;0;0;0;0;1,603436715
0;0;0;0;0;1,603805083
0;0;0;0;0;1,604481725
0;0;0;0;0;1,604411184
0;0;0;0;0;1,605951445
0;0;0;0;0;1,606373817
0;0;0;0;0;1,606630447
0;0;0;0;0;1,607341132
0;0;0;0;0;1,6071995
0;0;0;0;0;1,607191384
0;0;0;0;0;1,607884057
0;0;0;0;0;1,608702755
0;0;0;0;0;1,609427629
0;0;0;0;0;1,610243229
0;0;0;0;0;1,610939371
0;0;0;0;0;1,61093531
0;0;0;0;0;1,61070858
0;0;0;0;0;1,611987907
0;0;0;0;0;1,612927972
0;0;0;0;0;1,612700041
0;0;0;0;0;1,612732247
0;0;0;0;0;1,61270157
0;0;0;0;0;1,613365129
0;0;0;0;0;1,614197927
0;0;0;0;0;1,614915322
0;0;0;0;0;1,615737599
0;0;0;0;0;1,616434892
0;0;0;0;0;1,61642642
0;0;0;0;0;1,616393945
0;0;0;0;0;1,61643375
0;0;0;0;0;1,616354283
0;0;0;0;0;1,616533377
0;0;0;0;0;1,61738717
0;0;0;0;0;1,618196953
0;0;0;0;0;1,618220104
0;0;0;0;0;1,618639965
0;0;0;0;0;1,619595575
0;0;0;0;0;1,620140055
0;0;0;0;0;1,62008117
0;0;0;0;0;1,620090825
0;0;0;0;0;1,620018565
0;0;0;0;0;1,620477338
0;0;0;0;0;1,621429069
0;0;0;0;0;1,62195113
0;0;0;0;0;1,621929844
0;0;0;0;0;1,622667354
0;0;0;0;0;1,623584461
0;0;0;0;0;1,623752998
0;0;0;0;0;1,623970621
0;0;0;0;0;1,624894725
0;0;0;0;0;1,625601133
0;0;0;0;0;1,625610953
0;0;0;0;0;1,625603227
0;0;0;0;0;1,625523521
0;0;0;0;0;1,625835852
0;0;0;0;0;1,626679576
0;0;0;0;0;1,627437792
0;0;0;0;0;1,628272682
0;0;0;0;0;1,628304458
0;0;0;0;0;1,628791407
0;0;0;0;0;1,629367674
0;0;0;0;0;1,629254911
0;0;0;0;0;1,629268462
0;0;0;0;0;1,629211728
0;0;0;0;0;1,629825758
0;0;0;0;0;1,630630615
0;0;0;0;0;1,631463714
0;0;0;0;0;1,632046351
0;0;0;0;0;1,632016045
0;0;0;0;0;1,632819288
0;0;0;0;0;1,632909356
0;0;0;0;0;1,633378093
0;0;0;0;0;1,633896907
0;0;0;0;0;1,633951571
0;0;0;0;0;1,634766115
0;0;0;0;0;1,634729055
0;0;0;0;0;1,635419389
0;0;0;0;0;1,635616006
0;0;0;0;0;1,636180838
0;0;0;0;0;1,637634718
0;0;0;0;0;1,637526466
0;0;0;0;0;1,638273977
0;0;0;0;0;1,638538477
0;0;0;0;0;1,638417757
0;0;0;0;0;1,638472137
0;0;0;0;0;1,638433623
0;0;0;0;0;1,638432256
0;0;0;0;0;1,639138676
0;0;0;0;0;1,639957482
0;0;0;0;0;1,640677719
0;0;0;0;0;1,641505988
0;0;0;0;0;1,642171069
0;0;0;0;0;1,642139476
0;0;0;0;0;1,642055533
0;0;0;0;0;1,642599094
0;0;0;0;0;1,643547252
0;0;0;0;0;1,643992243
0;0;0;0;0;1,644001961
0;0;0;0;0;1,644797296
0;0;0;0;0;1,645680033
0;0;0;0;0;1,645783813
0;0;0;0;0;1,646078676
0;0;0;0;0;1,647015704
0;0;0;0;0;1,647671508
0;0;0;0;0;1,647654745
0;0;0;0;0;1,647557276
0;0;0;0;0;1,648111812
0;0;0;0;0;1,648959592
0;0;0;0;0;1,649687098
0;0;0;0;0;1,650473229
0;0;0;0;0;1,651256313
0;0;0;0;0;1,651399831
0;0;0;0;0;1,651091571
0;0;0;0;0;1,652044186
0;0;0;0;0;1,653285001
0;0;0;0;0;1,653161001
0;0;0;0;0;1,653940859
0;0;0;0;0;1,654814865
0;0;0;0;0;1,655094395
0;0;0;0;0;1,654810548
0;0;0;0;0;1,655338183
0;0;0;0;0;1,656880368
0;0;0;0;0;1,656860267
0;0;0;0;0;1,656792375
0;0;0;0;0;1,656827631
0;0;0;0;0;1,65683179
0;0;0;0;0;1,656790357
0;0;0;0;0;1,656842235
0;0;0;0;0;1,657599672
0;0;0;0;0;1,658463953
0;0;0;0;0;1,658772717
0;0;0;0;0;1,658490683
0;0;0;0;0;1,658972424
0;0;0;0;0;1,660533237
0;0;0;0;0;1,660542708
0;0;0;0;0;1,660462392
0;0;0;0;0;1,660506828
0;0;0;0;0;1,660490506
0;0;0;0;0;1,660494865
0;0;0;0;0;1,660494229
0;0;0;0;0;1,660495049
0;0;0;0;0;1,660489116
0;0;0;0;0;1,660512941
0;0;0;0;0;1,660442459
0;0;0;0;0;1,660596816
0;0;0;0;0;1,661429314
0;0;0;0;0;1,662239244
0;0;0;0;0;1,662430019
0;0;0;0;0;1,662126655
0;0;0;0;0;1,662914192
0;0;0;0;0;1,664312017
0;0;0;0;0;1,664166653
0;0;0;0;0;1,664151403
0;0;0;0;0;1,664176934
0;0;0;0;0;1,664165635
0;0;0;0;0;1,66416542
0;0;0;0;0;1,664173658
0;0;0;0;0;1,664168624
0;0;0;0;0;1,664114222
0;0;0;0;0;1,664696052
0;0;0;0;0;1,665626171
0;0;0;0;0;1,666075039
0;0;0;0;0;1,665992762
0;0;0;0;0;1,66600453
0;0;0;0;0;1,66599562
0;0;0;0;0;1,666056678
0;0;0;0;0;1,665825363
0;0;0;0;0;1,666517882
0;0;0;0;0;1,667966269
0;0;0;0;0;1,667849872
0;0;0;0;0;1,667836677
0;0;0;0;0;1,667779505
0;0;0;0;0;1,668172487
0;0;0;0;0;1,669101623
0;0;0;0;0;1,669721745
0;0;0;0;0;1,669683041
0;0;0;0;0;1,669670517
0;0;0;0;0;1,66968224
0;0;0;0;0;1,669677008
0;0;0;0;0;1,669678712
0;0;0;0;0;1,669678302
0;0;0;0;0;1,66967835
0;0;0;0;0;1,66967837
0;0;0;0;0;1,669678353
0;0;0;0;0;1,669678362
0;0;0;0;0;1,669678355
0;0;0;0;0;1,669678362
0;0;0;0;0;1,669678365
0;0;0;0;0;1,669678295
0;0;0;0;0;1,669678631
0;0;0;0;0;1,669677494
0;0;0;0;0;1,669680382
0;0;0;0;0;1,669675857
0;0;0;0;0;1,669673151
0;0;0;0;0;1,669725172
0;0;0;0;0;1,669481176
0;0;0;0;0;1,670431783
0;0;0;0;0;1,671695978
0;0;0;0;0;1,671491164
0;0;0;0;0;1,671505396
0;0;0;0;0;1,671539743
0;0;0;0;0;1,671440104
0;0;0;0;0;1,671801075
0;0;0;0;0;1,672714863
0;0;0;0;0;1,673380427
0;0;0;0;0;1,673363944
0;0;0;0;0;1,673342168
0;0;0;0;0;1,673355376
0;0;0;0;0;1,673353659
0;0;0;0;0;1,673345755
0;0;0;0;0;1,673358041
0;0;0;0;0;1,673378608
0;0;0;0;0;1,673167502
0;0;0;0;0;1,674401612
0;0;0;0;0;1,675385956
0;0;0;0;0;1,675145234
0;0;0;0;0;1,675191681
0;0;0;0;0;1,67518409
0;0;0;0;0;1,675236823
0;0;0;0;0;1,674996504
0;0;0;0;0;1,675851241
0;0;0;0;0;1,677190434
0;0;0;0;0;1,67701287
0;0;0;0;0;1,677013508
0;0;0;0;0;1,677034022
0;0;0;0;0;1,677022307
0;0;0;0;0;1,677026699
0;0;0;0;0;1,677025457
0;0;0;0;0;1,677025692
0;0;0;0;0;1,677025695
0;0;0;0;0;1,677025675
0;0;0;0;0;1,677025648
0;0;0;0;0;1,677025775
0;0;0;0;0;1,677025489
0;0;0;0;0;1,67702575
0;0;0;0;0;1,677026922
0;0;0;0;0;1,677018744
0;0;0;0;0;1,677050879
0;0;0;0;0;1,676956385
0;0;0;0;0;1,67715996
0;0;0;0;0;1,677951146
0;0;0;0;0;1,67797341
0;0;0;0;0;1,677926769
0;0;0;0;0;1,677950792
0;0;0;0;0;1,677941859
0;0;0;0;0;1,677945085
0;0;0;0;0;1,677944072
0;0;0;0;0;1,67793895
0;0;0;0;0;1,677970353
0;0;0;0;0;1,677852191
0;0;0;0;0;1,678219776
0;0;0;0;0;1,678931443
0;0;0;0;0;1,678863927
0;0;0;0;0;1,678853477
0;0;0;0;0;1,678867303
0;0;0;0;0;1,678861163
0;0;0;0;0;1,678861817
0;0;0;0;0;1,678864374
0;0;0;0;0;1,678863281
0;0;0;0;0;1,678842373
0;0;0;0;0;1,678959316
0;0;0;0;0;1,678436832
0;0;0;0;0;1,677831759
0;0;0;0;0;1,677986377
0;0;0;0;0;1,677962149
0;0;0;0;0;1,677173189
0;0;0;0;0;1,6769545
0;0;0;0;0;1,677050659
0;0;0;0;0;1,677019336
0;0;0;0;0;1,677026266
0;0;0;0;0;1,677025314
0;0;0;0;0;1,677032237
0;0;0;0;0;1,676995154
0;0;0;0;0;1,677125608
0;0;0;0;0;1,676760543
0;0;0;0;0;1,676097964
0;0;0;0;0;1,676157508
0;0;0;0;0;1,674574839
0;0;0;0;0;1,674317999
0;0;0;0;0;1,673504111
0;0;0;0;0;1,672294926
0;0;0;0;0;1,672382653
0;0;0;0;0;1,671547883
0;0;0;0;0;1,671596105
0;0;0;0;0;1,670569709
0;0;0;0;0;1,668801616
0;0;0;0;0;1,667463345
0;0;0;0;0;1,666937008
0;0;0;0;0;1,667008823
0;0;0;0;0;1,664906719
0;0;0;0;0;1,662870372
0;0;0;0;0;1,661962061